{
	"Streams": {
		"0": [
			[
				3750861,
				"Stream created: System",
				[],
				null
			]
		],
		"1": [
			[
				3751643,
				"Stream created: Test:equal",
				[],
				null
			],
			[
				3758276,
				"fC_ComparisonsOf2Variables_0101: types match",
				[
					{
						"x": 1
					},
					{
						"x": 1
					}
				],
				null
			],
			[
				3758282,
				"fC_ComparisonsOf2Variables_0101: fully equal -> +KM",
				[],
				"result=+KM"
			],
			[
				3758288,
				"Stream finished: Test:equal",
				[],
				null
			]
		],
		"10": [
			[
				4008369,
				"Stream created: Test:partial_match_only_a",
				[],
				null
			],
			[
				4019324,
				"fC_ComparisonsOf2Variables_0101: types match",
				[
					{
						"x": 1,
						"y": 2
					},
					{
						"x": 1
					}
				],
				null
			],
			[
				4019331,
				"fC_ComparisonsOf2Variables_0101: both Dictionary, not equal -> diff by key",
				[
					[
						"x",
						"y"
					],
					[
						"x"
					]
				],
				null
			],
			[
				4019350,
				"UniversalBypass: visiting key",
				[
					"result",
					[
						"result"
					]
				],
				null
			],
			[
				4019364,
				"Class_Help.FunctionCall: Node(Class_ArrayAndOrDictionary)::_C_ComparisonsOf2Variables_0101",
				[
					{
						"x": 1,
						"y": 2
					},
					{
						"x": 1
					},
					27,
					{
						"Child": {
							"x": {
								"Values": [
									1,
									1
								],
								"result": "+KM"
							},
							"y": {
								"Values": [
									2
								],
								"result": ">"
							}
						},
						"Values": [
							{
								"x": 1,
								"y": 2
							},
							{
								"x": 1
							}
						],
						"result": "~>KM"
					},
					[],
					"result"
				],
				null
			],
			[
				4019369,
				"_C_ComparisonsOf2Variables_0101 (Child): InputArray snapshot 0",
				[
					{
						"x": 1,
						"y": 2
					}
				],
				null
			],
			[
				4019371,
				"_C_ComparisonsOf2Variables_0101 (Child): InputArray snapshot 1",
				[
					{
						"x": 1
					}
				],
				null
			],
			[
				4019373,
				"_C_ComparisonsOf2Variables_0101 (Child): InputArray snapshot 2",
				[
					27
				],
				null
			],
			[
				4019375,
				"_C_ComparisonsOf2Variables_0101 (Child): InputArray snapshot 3",
				[
					{
						"Child": {
							"x": {
								"Values": [
									1,
									1
								],
								"result": "+KM"
							},
							"y": {
								"Values": [
									2
								],
								"result": ">"
							}
						},
						"Values": [
							{
								"x": 1,
								"y": 2
							},
							{
								"x": 1
							}
						],
						"result": "~>KM"
					}
				],
				null
			],
			[
				4019376,
				"_C_ComparisonsOf2Variables_0101 (Child): InputArray snapshot 4",
				[
					[]
				],
				null
			],
			[
				4019378,
				"_C_ComparisonsOf2Variables_0101 (Child): InputArray snapshot 5",
				[
					"result"
				],
				null
			],
			[
				4021882,
				"_C_ComparisonsOf2Variables_0101: key == \"result\"/\"Values\" -> skip, Further",
				[
					"result"
				],
				null
			],
			[
				4021892,
				"UniversalBypass: visiting key",
				[
					"Values",
					[
						"Values"
					]
				],
				null
			],
			[
				4021903,
				"Class_Help.FunctionCall: Node(Class_ArrayAndOrDictionary)::_C_ComparisonsOf2Variables_0101",
				[
					{
						"x": 1,
						"y": 2
					},
					{
						"x": 1
					},
					27,
					{
						"Child": {
							"x": {
								"Values": [
									1,
									1
								],
								"result": "+KM"
							},
							"y": {
								"Values": [
									2
								],
								"result": ">"
							}
						},
						"Values": [
							{
								"x": 1,
								"y": 2
							},
							{
								"x": 1
							}
						],
						"result": "~>KM"
					},
					[],
					"Values"
				],
				null
			],
			[
				4021905,
				"_C_ComparisonsOf2Variables_0101 (Child): InputArray snapshot 0",
				[
					{
						"x": 1,
						"y": 2
					}
				],
				null
			],
			[
				4021907,
				"_C_ComparisonsOf2Variables_0101 (Child): InputArray snapshot 1",
				[
					{
						"x": 1
					}
				],
				null
			],
			[
				4021908,
				"_C_ComparisonsOf2Variables_0101 (Child): InputArray snapshot 2",
				[
					27
				],
				null
			],
			[
				4021910,
				"_C_ComparisonsOf2Variables_0101 (Child): InputArray snapshot 3",
				[
					{
						"Child": {
							"x": {
								"Values": [
									1,
									1
								],
								"result": "+KM"
							},
							"y": {
								"Values": [
									2
								],
								"result": ">"
							}
						},
						"Values": [
							{
								"x": 1,
								"y": 2
							},
							{
								"x": 1
							}
						],
						"result": "~>KM"
					}
				],
				null
			],
			[
				4021911,
				"_C_ComparisonsOf2Variables_0101 (Child): InputArray snapshot 4",
				[
					[]
				],
				null
			],
			[
				4021912,
				"_C_ComparisonsOf2Variables_0101 (Child): InputArray snapshot 5",
				[
					"Values"
				],
				null
			],
			[
				4021915,
				"_C_ComparisonsOf2Variables_0101: key == \"result\"/\"Values\" -> skip, Further",
				[
					"Values"
				],
				null
			],
			[
				4024094,
				"UniversalBypass: visiting key",
				[
					"Child",
					[
						"Child"
					]
				],
				null
			],
			[
				4024107,
				"Class_Help.FunctionCall: Node(Class_ArrayAndOrDictionary)::_C_ComparisonsOf2Variables_0101",
				[
					{
						"x": 1,
						"y": 2
					},
					{
						"x": 1
					},
					27,
					{
						"Child": {
							"x": {
								"Values": [
									1,
									1
								],
								"result": "+KM"
							},
							"y": {
								"Values": [
									2
								],
								"result": ">"
							}
						},
						"Values": [
							{
								"x": 1,
								"y": 2
							},
							{
								"x": 1
							}
						],
						"result": "~>KM"
					},
					[],
					"Child"
				],
				null
			],
			[
				4024110,
				"_C_ComparisonsOf2Variables_0101 (Child): InputArray snapshot 0",
				[
					{
						"x": 1,
						"y": 2
					}
				],
				null
			],
			[
				4024113,
				"_C_ComparisonsOf2Variables_0101 (Child): InputArray snapshot 1",
				[
					{
						"x": 1
					}
				],
				null
			],
			[
				4024116,
				"_C_ComparisonsOf2Variables_0101 (Child): InputArray snapshot 2",
				[
					27
				],
				null
			],
			[
				4024119,
				"_C_ComparisonsOf2Variables_0101 (Child): InputArray snapshot 3",
				[
					{
						"Child": {
							"x": {
								"Values": [
									1,
									1
								],
								"result": "+KM"
							},
							"y": {
								"Values": [
									2
								],
								"result": ">"
							}
						},
						"Values": [
							{
								"x": 1,
								"y": 2
							},
							{
								"x": 1
							}
						],
						"result": "~>KM"
					}
				],
				null
			],
			[
				4024121,
				"_C_ComparisonsOf2Variables_0101 (Child): InputArray snapshot 4",
				[
					[]
				],
				null
			],
			[
				4024123,
				"_C_ComparisonsOf2Variables_0101 (Child): InputArray snapshot 5",
				[
					"Child"
				],
				null
			],
			[
				4024125,
				"_C_ComparisonsOf2Variables_0101: key == \"Child\" -> just Deeper, no recompute",
				[],
				null
			],
			[
				4024131,
				"UniversalBypass: Deeper, recursing",
				[
					"Child",
					1
				],
				null
			],
			[
				4026219,
				"UniversalBypass: visiting key",
				[
					"x",
					[
						"Child",
						"x"
					]
				],
				null
			],
			[
				4026229,
				"Class_Help.FunctionCall: Node(Class_ArrayAndOrDictionary)::_C_ComparisonsOf2Variables_0101",
				[
					{
						"x": 1,
						"y": 2
					},
					{
						"x": 1
					},
					27,
					{
						"x": {
							"Values": [
								1,
								1
							],
							"result": "+KM"
						},
						"y": {
							"Values": [
								2
							],
							"result": ">"
						}
					},
					[],
					"x"
				],
				null
			],
			[
				4026231,
				"_C_ComparisonsOf2Variables_0101 (Child): InputArray snapshot 0",
				[
					{
						"x": 1,
						"y": 2
					}
				],
				null
			],
			[
				4026233,
				"_C_ComparisonsOf2Variables_0101 (Child): InputArray snapshot 1",
				[
					{
						"x": 1
					}
				],
				null
			],
			[
				4026235,
				"_C_ComparisonsOf2Variables_0101 (Child): InputArray snapshot 2",
				[
					27
				],
				null
			],
			[
				4026236,
				"_C_ComparisonsOf2Variables_0101 (Child): InputArray snapshot 3",
				[
					{
						"x": {
							"Values": [
								1,
								1
							],
							"result": "+KM"
						},
						"y": {
							"Values": [
								2
							],
							"result": ">"
						}
					}
				],
				null
			],
			[
				4026237,
				"_C_ComparisonsOf2Variables_0101 (Child): InputArray snapshot 4",
				[
					[]
				],
				null
			],
			[
				4026239,
				"_C_ComparisonsOf2Variables_0101 (Child): InputArray snapshot 5",
				[
					"x"
				],
				null
			],
			[
				4026251,
				"Class_Help.FunctionCall: Node(Class_ArrayAndOrDictionary)::_PAW_CO2V",
				[
					{
						"x": 1,
						"y": 2
					},
					{
						"x": 1,
						"y": 2
					},
					"Child"
				],
				null
			],
			[
				4026254,
				"_PAW_CO2V: elPA == Child -> skip this level",
				[
					"Child"
				],
				"flagPassageAlongWay=false"
			],
			[
				4028394,
				"PassageAlongWay: Not flagPassageAlongWay, staying at current level",
				[
					"Child"
				],
				null
			],
			[
				4028405,
				"Class_Help.FunctionCall: Node(Class_ArrayAndOrDictionary)::_PAW_CO2V",
				[
					{
						"x": 1,
						"y": 2
					},
					{
						"x": 1,
						"y": 2
					},
					"x"
				],
				null
			],
			[
				4028410,
				"PassageAlongWay: Good flagPassageAlongWay, stepping into",
				[
					"x"
				],
				null
			],
			[
				4028419,
				"Class_Help.FunctionCall: Node(Class_ArrayAndOrDictionary)::_PAW_CO2V",
				[
					{
						"x": 1
					},
					{
						"x": 1
					},
					"Child"
				],
				null
			],
			[
				4028421,
				"_PAW_CO2V: elPA == Child -> skip this level",
				[
					"Child"
				],
				"flagPassageAlongWay=false"
			],
			[
				4028425,
				"PassageAlongWay: Not flagPassageAlongWay, staying at current level",
				[
					"Child"
				],
				null
			],
			[
				4028431,
				"Class_Help.FunctionCall: Node(Class_ArrayAndOrDictionary)::_PAW_CO2V",
				[
					{
						"x": 1
					},
					{
						"x": 1
					},
					"x"
				],
				null
			],
			[
				4028433,
				"PassageAlongWay: Good flagPassageAlongWay, stepping into",
				[
					"x"
				],
				null
			],
			[
				4028436,
				"_C_ComparisonsOf2Variables_0101: Child branch entered",
				[
					[
						"Child",
						"x"
					]
				],
				null
			],
			[
				4028439,
				"_C_ComparisonsOf2Variables_0101: equal -> +KM -> Further",
				[],
				null
			],
			[
				4030576,
				"UniversalBypass: visiting key",
				[
					"y",
					[
						"Child",
						"y"
					]
				],
				null
			],
			[
				4030584,
				"Class_Help.FunctionCall: Node(Class_ArrayAndOrDictionary)::_C_ComparisonsOf2Variables_0101",
				[
					{
						"x": 1,
						"y": 2
					},
					{
						"x": 1
					},
					27,
					{
						"x": {
							"Values": [
								1,
								1
							],
							"result": "+KM"
						},
						"y": {
							"Values": [
								2
							],
							"result": ">"
						}
					},
					[],
					"y"
				],
				null
			],
			[
				4030586,
				"_C_ComparisonsOf2Variables_0101 (Child): InputArray snapshot 0",
				[
					{
						"x": 1,
						"y": 2
					}
				],
				null
			],
			[
				4030588,
				"_C_ComparisonsOf2Variables_0101 (Child): InputArray snapshot 1",
				[
					{
						"x": 1
					}
				],
				null
			],
			[
				4030589,
				"_C_ComparisonsOf2Variables_0101 (Child): InputArray snapshot 2",
				[
					27
				],
				null
			],
			[
				4030590,
				"_C_ComparisonsOf2Variables_0101 (Child): InputArray snapshot 3",
				[
					{
						"x": {
							"Values": [
								1,
								1
							],
							"result": "+KM"
						},
						"y": {
							"Values": [
								2
							],
							"result": ">"
						}
					}
				],
				null
			],
			[
				4030592,
				"_C_ComparisonsOf2Variables_0101 (Child): InputArray snapshot 4",
				[
					[]
				],
				null
			],
			[
				4030593,
				"_C_ComparisonsOf2Variables_0101 (Child): InputArray snapshot 5",
				[
					"y"
				],
				null
			],
			[
				4030596,
				"_C_ComparisonsOf2Variables_0101: already resolved (>/< с первого прохода) -> skip, Further",
				[
					"y"
				],
				null
			],
			[
				4030614,
				"_CP_CO2V: recomputing aggregated result from children",
				[
					{
						"+": 1,
						"-": 0,
						"<": 0,
						">": 1,
						"~": 0,
						"~-": 0,
						"~<": 0,
						"~<-": 0,
						"~>": 0,
						"~>-": 0
					}
				],
				null
			],
			[
				4032717,
				"_CP_CO2V: result recomputed",
				[],
				"~>KM"
			],
			[
				4032725,
				"Stream finished: Test:partial_match_only_a",
				[],
				null
			]
		],
		"11": [
			[
				4043387,
				"Stream created: Test:partial_match_only_b",
				[],
				null
			],
			[
				4055262,
				"fC_ComparisonsOf2Variables_0101: types match",
				[
					{
						"x": 1
					},
					{
						"x": 1,
						"y": 2
					}
				],
				null
			],
			[
				4055267,
				"fC_ComparisonsOf2Variables_0101: both Dictionary, not equal -> diff by key",
				[
					[
						"x"
					],
					[
						"x",
						"y"
					]
				],
				null
			],
			[
				4055284,
				"UniversalBypass: visiting key",
				[
					"result",
					[
						"result"
					]
				],
				null
			],
			[
				4055298,
				"Class_Help.FunctionCall: Node(Class_ArrayAndOrDictionary)::_C_ComparisonsOf2Variables_0101",
				[
					{
						"x": 1
					},
					{
						"x": 1,
						"y": 2
					},
					27,
					{
						"Child": {
							"x": {
								"Values": [
									1,
									1
								],
								"result": "+KM"
							},
							"y": {
								"Values": [
									2
								],
								"result": "<"
							}
						},
						"Values": [
							{
								"x": 1
							},
							{
								"x": 1,
								"y": 2
							}
						],
						"result": "~<KM"
					},
					[],
					"result"
				],
				null
			],
			[
				4055301,
				"_C_ComparisonsOf2Variables_0101 (Child): InputArray snapshot 0",
				[
					{
						"x": 1
					}
				],
				null
			],
			[
				4055303,
				"_C_ComparisonsOf2Variables_0101 (Child): InputArray snapshot 1",
				[
					{
						"x": 1,
						"y": 2
					}
				],
				null
			],
			[
				4055304,
				"_C_ComparisonsOf2Variables_0101 (Child): InputArray snapshot 2",
				[
					27
				],
				null
			],
			[
				4055306,
				"_C_ComparisonsOf2Variables_0101 (Child): InputArray snapshot 3",
				[
					{
						"Child": {
							"x": {
								"Values": [
									1,
									1
								],
								"result": "+KM"
							},
							"y": {
								"Values": [
									2
								],
								"result": "<"
							}
						},
						"Values": [
							{
								"x": 1
							},
							{
								"x": 1,
								"y": 2
							}
						],
						"result": "~<KM"
					}
				],
				null
			],
			[
				4055307,
				"_C_ComparisonsOf2Variables_0101 (Child): InputArray snapshot 4",
				[
					[]
				],
				null
			],
			[
				4055308,
				"_C_ComparisonsOf2Variables_0101 (Child): InputArray snapshot 5",
				[
					"result"
				],
				null
			],
			[
				4057633,
				"_C_ComparisonsOf2Variables_0101: key == \"result\"/\"Values\" -> skip, Further",
				[
					"result"
				],
				null
			],
			[
				4057641,
				"UniversalBypass: visiting key",
				[
					"Values",
					[
						"Values"
					]
				],
				null
			],
			[
				4057651,
				"Class_Help.FunctionCall: Node(Class_ArrayAndOrDictionary)::_C_ComparisonsOf2Variables_0101",
				[
					{
						"x": 1
					},
					{
						"x": 1,
						"y": 2
					},
					27,
					{
						"Child": {
							"x": {
								"Values": [
									1,
									1
								],
								"result": "+KM"
							},
							"y": {
								"Values": [
									2
								],
								"result": "<"
							}
						},
						"Values": [
							{
								"x": 1
							},
							{
								"x": 1,
								"y": 2
							}
						],
						"result": "~<KM"
					},
					[],
					"Values"
				],
				null
			],
			[
				4057653,
				"_C_ComparisonsOf2Variables_0101 (Child): InputArray snapshot 0",
				[
					{
						"x": 1
					}
				],
				null
			],
			[
				4057655,
				"_C_ComparisonsOf2Variables_0101 (Child): InputArray snapshot 1",
				[
					{
						"x": 1,
						"y": 2
					}
				],
				null
			],
			[
				4057656,
				"_C_ComparisonsOf2Variables_0101 (Child): InputArray snapshot 2",
				[
					27
				],
				null
			],
			[
				4057658,
				"_C_ComparisonsOf2Variables_0101 (Child): InputArray snapshot 3",
				[
					{
						"Child": {
							"x": {
								"Values": [
									1,
									1
								],
								"result": "+KM"
							},
							"y": {
								"Values": [
									2
								],
								"result": "<"
							}
						},
						"Values": [
							{
								"x": 1
							},
							{
								"x": 1,
								"y": 2
							}
						],
						"result": "~<KM"
					}
				],
				null
			],
			[
				4057659,
				"_C_ComparisonsOf2Variables_0101 (Child): InputArray snapshot 4",
				[
					[]
				],
				null
			],
			[
				4057660,
				"_C_ComparisonsOf2Variables_0101 (Child): InputArray snapshot 5",
				[
					"Values"
				],
				null
			],
			[
				4057662,
				"_C_ComparisonsOf2Variables_0101: key == \"result\"/\"Values\" -> skip, Further",
				[
					"Values"
				],
				null
			],
			[
				4059980,
				"UniversalBypass: visiting key",
				[
					"Child",
					[
						"Child"
					]
				],
				null
			],
			[
				4059996,
				"Class_Help.FunctionCall: Node(Class_ArrayAndOrDictionary)::_C_ComparisonsOf2Variables_0101",
				[
					{
						"x": 1
					},
					{
						"x": 1,
						"y": 2
					},
					27,
					{
						"Child": {
							"x": {
								"Values": [
									1,
									1
								],
								"result": "+KM"
							},
							"y": {
								"Values": [
									2
								],
								"result": "<"
							}
						},
						"Values": [
							{
								"x": 1
							},
							{
								"x": 1,
								"y": 2
							}
						],
						"result": "~<KM"
					},
					[],
					"Child"
				],
				null
			],
			[
				4059999,
				"_C_ComparisonsOf2Variables_0101 (Child): InputArray snapshot 0",
				[
					{
						"x": 1
					}
				],
				null
			],
			[
				4060000,
				"_C_ComparisonsOf2Variables_0101 (Child): InputArray snapshot 1",
				[
					{
						"x": 1,
						"y": 2
					}
				],
				null
			],
			[
				4060002,
				"_C_ComparisonsOf2Variables_0101 (Child): InputArray snapshot 2",
				[
					27
				],
				null
			],
			[
				4060003,
				"_C_ComparisonsOf2Variables_0101 (Child): InputArray snapshot 3",
				[
					{
						"Child": {
							"x": {
								"Values": [
									1,
									1
								],
								"result": "+KM"
							},
							"y": {
								"Values": [
									2
								],
								"result": "<"
							}
						},
						"Values": [
							{
								"x": 1
							},
							{
								"x": 1,
								"y": 2
							}
						],
						"result": "~<KM"
					}
				],
				null
			],
			[
				4060004,
				"_C_ComparisonsOf2Variables_0101 (Child): InputArray snapshot 4",
				[
					[]
				],
				null
			],
			[
				4060005,
				"_C_ComparisonsOf2Variables_0101 (Child): InputArray snapshot 5",
				[
					"Child"
				],
				null
			],
			[
				4060007,
				"_C_ComparisonsOf2Variables_0101: key == \"Child\" -> just Deeper, no recompute",
				[],
				null
			],
			[
				4060011,
				"UniversalBypass: Deeper, recursing",
				[
					"Child",
					1
				],
				null
			],
			[
				4062245,
				"UniversalBypass: visiting key",
				[
					"x",
					[
						"Child",
						"x"
					]
				],
				null
			],
			[
				4062253,
				"Class_Help.FunctionCall: Node(Class_ArrayAndOrDictionary)::_C_ComparisonsOf2Variables_0101",
				[
					{
						"x": 1
					},
					{
						"x": 1,
						"y": 2
					},
					27,
					{
						"x": {
							"Values": [
								1,
								1
							],
							"result": "+KM"
						},
						"y": {
							"Values": [
								2
							],
							"result": "<"
						}
					},
					[],
					"x"
				],
				null
			],
			[
				4062255,
				"_C_ComparisonsOf2Variables_0101 (Child): InputArray snapshot 0",
				[
					{
						"x": 1
					}
				],
				null
			],
			[
				4062256,
				"_C_ComparisonsOf2Variables_0101 (Child): InputArray snapshot 1",
				[
					{
						"x": 1,
						"y": 2
					}
				],
				null
			],
			[
				4062258,
				"_C_ComparisonsOf2Variables_0101 (Child): InputArray snapshot 2",
				[
					27
				],
				null
			],
			[
				4062259,
				"_C_ComparisonsOf2Variables_0101 (Child): InputArray snapshot 3",
				[
					{
						"x": {
							"Values": [
								1,
								1
							],
							"result": "+KM"
						},
						"y": {
							"Values": [
								2
							],
							"result": "<"
						}
					}
				],
				null
			],
			[
				4062261,
				"_C_ComparisonsOf2Variables_0101 (Child): InputArray snapshot 4",
				[
					[]
				],
				null
			],
			[
				4062262,
				"_C_ComparisonsOf2Variables_0101 (Child): InputArray snapshot 5",
				[
					"x"
				],
				null
			],
			[
				4062273,
				"Class_Help.FunctionCall: Node(Class_ArrayAndOrDictionary)::_PAW_CO2V",
				[
					{
						"x": 1
					},
					{
						"x": 1
					},
					"Child"
				],
				null
			],
			[
				4062276,
				"_PAW_CO2V: elPA == Child -> skip this level",
				[
					"Child"
				],
				"flagPassageAlongWay=false"
			],
			[
				4064541,
				"PassageAlongWay: Not flagPassageAlongWay, staying at current level",
				[
					"Child"
				],
				null
			],
			[
				4064551,
				"Class_Help.FunctionCall: Node(Class_ArrayAndOrDictionary)::_PAW_CO2V",
				[
					{
						"x": 1
					},
					{
						"x": 1
					},
					"x"
				],
				null
			],
			[
				4064556,
				"PassageAlongWay: Good flagPassageAlongWay, stepping into",
				[
					"x"
				],
				null
			],
			[
				4064565,
				"Class_Help.FunctionCall: Node(Class_ArrayAndOrDictionary)::_PAW_CO2V",
				[
					{
						"x": 1,
						"y": 2
					},
					{
						"x": 1,
						"y": 2
					},
					"Child"
				],
				null
			],
			[
				4064567,
				"_PAW_CO2V: elPA == Child -> skip this level",
				[
					"Child"
				],
				"flagPassageAlongWay=false"
			],
			[
				4064570,
				"PassageAlongWay: Not flagPassageAlongWay, staying at current level",
				[
					"Child"
				],
				null
			],
			[
				4064576,
				"Class_Help.FunctionCall: Node(Class_ArrayAndOrDictionary)::_PAW_CO2V",
				[
					{
						"x": 1,
						"y": 2
					},
					{
						"x": 1,
						"y": 2
					},
					"x"
				],
				null
			],
			[
				4064579,
				"PassageAlongWay: Good flagPassageAlongWay, stepping into",
				[
					"x"
				],
				null
			],
			[
				4064581,
				"_C_ComparisonsOf2Variables_0101: Child branch entered",
				[
					[
						"Child",
						"x"
					]
				],
				null
			],
			[
				4064584,
				"_C_ComparisonsOf2Variables_0101: equal -> +KM -> Further",
				[],
				null
			],
			[
				4066926,
				"UniversalBypass: visiting key",
				[
					"y",
					[
						"Child",
						"y"
					]
				],
				null
			],
			[
				4066934,
				"Class_Help.FunctionCall: Node(Class_ArrayAndOrDictionary)::_C_ComparisonsOf2Variables_0101",
				[
					{
						"x": 1
					},
					{
						"x": 1,
						"y": 2
					},
					27,
					{
						"x": {
							"Values": [
								1,
								1
							],
							"result": "+KM"
						},
						"y": {
							"Values": [
								2
							],
							"result": "<"
						}
					},
					[],
					"y"
				],
				null
			],
			[
				4066936,
				"_C_ComparisonsOf2Variables_0101 (Child): InputArray snapshot 0",
				[
					{
						"x": 1
					}
				],
				null
			],
			[
				4066937,
				"_C_ComparisonsOf2Variables_0101 (Child): InputArray snapshot 1",
				[
					{
						"x": 1,
						"y": 2
					}
				],
				null
			],
			[
				4066939,
				"_C_ComparisonsOf2Variables_0101 (Child): InputArray snapshot 2",
				[
					27
				],
				null
			],
			[
				4066940,
				"_C_ComparisonsOf2Variables_0101 (Child): InputArray snapshot 3",
				[
					{
						"x": {
							"Values": [
								1,
								1
							],
							"result": "+KM"
						},
						"y": {
							"Values": [
								2
							],
							"result": "<"
						}
					}
				],
				null
			],
			[
				4066942,
				"_C_ComparisonsOf2Variables_0101 (Child): InputArray snapshot 4",
				[
					[]
				],
				null
			],
			[
				4066943,
				"_C_ComparisonsOf2Variables_0101 (Child): InputArray snapshot 5",
				[
					"y"
				],
				null
			],
			[
				4066945,
				"_C_ComparisonsOf2Variables_0101: already resolved (>/< с первого прохода) -> skip, Further",
				[
					"y"
				],
				null
			],
			[
				4066962,
				"_CP_CO2V: recomputing aggregated result from children",
				[
					{
						"+": 1,
						"-": 0,
						"<": 1,
						">": 0,
						"~": 0,
						"~-": 0,
						"~<": 0,
						"~<-": 0,
						"~>": 0,
						"~>-": 0
					}
				],
				null
			],
			[
				4069508,
				"_CP_CO2V: result recomputed",
				[],
				"~<KM"
			],
			[
				4069519,
				"Stream finished: Test:partial_match_only_b",
				[],
				null
			]
		],
		"12": [
			[
				4072605,
				"Stream created: Test:deep_nested_diff",
				[],
				null
			],
			[
				4080477,
				"fC_ComparisonsOf2Variables_0101: types match",
				[
					{
						"x": {
							"y": {
								"z": 1
							}
						}
					},
					{
						"x": {
							"y": {
								"z": 2
							}
						}
					}
				],
				null
			],
			[
				4080482,
				"fC_ComparisonsOf2Variables_0101: both Dictionary, not equal -> diff by key",
				[
					[
						"x"
					],
					[
						"x"
					]
				],
				null
			],
			[
				4080498,
				"UniversalBypass: visiting key",
				[
					"result",
					[
						"result"
					]
				],
				null
			],
			[
				4080513,
				"Class_Help.FunctionCall: Node(Class_ArrayAndOrDictionary)::_C_ComparisonsOf2Variables_0101",
				[
					{
						"x": {
							"y": {
								"z": 1
							}
						}
					},
					{
						"x": {
							"y": {
								"z": 2
							}
						}
					},
					27,
					{
						"Child": {
							"x": {
								"Child": {
									"y": {
										"Child": {
											"z": {
												"Values": [
													1,
													2
												],
												"result": "-KM"
											}
										},
										"Values": [
											{
												"z": 1
											},
											{
												"z": 2
											}
										],
										"result": "-KM"
									}
								},
								"Values": [
									{
										"y": {
											"z": 1
										}
									},
									{
										"y": {
											"z": 2
										}
									}
								],
								"result": "-KM"
							}
						},
						"Values": [
							{
								"x": {
									"y": {
										"z": 1
									}
								}
							},
							{
								"x": {
									"y": {
										"z": 2
									}
								}
							}
						],
						"result": "-KM"
					},
					[],
					"result"
				],
				null
			],
			[
				4080518,
				"_C_ComparisonsOf2Variables_0101 (Child): InputArray snapshot 0",
				[
					{
						"x": {
							"y": {
								"z": 1
							}
						}
					}
				],
				null
			],
			[
				4080520,
				"_C_ComparisonsOf2Variables_0101 (Child): InputArray snapshot 1",
				[
					{
						"x": {
							"y": {
								"z": 2
							}
						}
					}
				],
				null
			],
			[
				4080523,
				"_C_ComparisonsOf2Variables_0101 (Child): InputArray snapshot 2",
				[
					27
				],
				null
			],
			[
				4080525,
				"_C_ComparisonsOf2Variables_0101 (Child): InputArray snapshot 3",
				[
					{
						"Child": {
							"x": {
								"Child": {
									"y": {
										"Child": {
											"z": {
												"Values": [
													1,
													2
												],
												"result": "-KM"
											}
										},
										"Values": [
											{
												"z": 1
											},
											{
												"z": 2
											}
										],
										"result": "-KM"
									}
								},
								"Values": [
									{
										"y": {
											"z": 1
										}
									},
									{
										"y": {
											"z": 2
										}
									}
								],
								"result": "-KM"
							}
						},
						"Values": [
							{
								"x": {
									"y": {
										"z": 1
									}
								}
							},
							{
								"x": {
									"y": {
										"z": 2
									}
								}
							}
						],
						"result": "-KM"
					}
				],
				null
			],
			[
				4080527,
				"_C_ComparisonsOf2Variables_0101 (Child): InputArray snapshot 4",
				[
					[]
				],
				null
			],
			[
				4080530,
				"_C_ComparisonsOf2Variables_0101 (Child): InputArray snapshot 5",
				[
					"result"
				],
				null
			],
			[
				4083186,
				"_C_ComparisonsOf2Variables_0101: key == \"result\"/\"Values\" -> skip, Further",
				[
					"result"
				],
				null
			],
			[
				4083195,
				"UniversalBypass: visiting key",
				[
					"Values",
					[
						"Values"
					]
				],
				null
			],
			[
				4083206,
				"Class_Help.FunctionCall: Node(Class_ArrayAndOrDictionary)::_C_ComparisonsOf2Variables_0101",
				[
					{
						"x": {
							"y": {
								"z": 1
							}
						}
					},
					{
						"x": {
							"y": {
								"z": 2
							}
						}
					},
					27,
					{
						"Child": {
							"x": {
								"Child": {
									"y": {
										"Child": {
											"z": {
												"Values": [
													1,
													2
												],
												"result": "-KM"
											}
										},
										"Values": [
											{
												"z": 1
											},
											{
												"z": 2
											}
										],
										"result": "-KM"
									}
								},
								"Values": [
									{
										"y": {
											"z": 1
										}
									},
									{
										"y": {
											"z": 2
										}
									}
								],
								"result": "-KM"
							}
						},
						"Values": [
							{
								"x": {
									"y": {
										"z": 1
									}
								}
							},
							{
								"x": {
									"y": {
										"z": 2
									}
								}
							}
						],
						"result": "-KM"
					},
					[],
					"Values"
				],
				null
			],
			[
				4083209,
				"_C_ComparisonsOf2Variables_0101 (Child): InputArray snapshot 0",
				[
					{
						"x": {
							"y": {
								"z": 1
							}
						}
					}
				],
				null
			],
			[
				4083210,
				"_C_ComparisonsOf2Variables_0101 (Child): InputArray snapshot 1",
				[
					{
						"x": {
							"y": {
								"z": 2
							}
						}
					}
				],
				null
			],
			[
				4083212,
				"_C_ComparisonsOf2Variables_0101 (Child): InputArray snapshot 2",
				[
					27
				],
				null
			],
			[
				4083214,
				"_C_ComparisonsOf2Variables_0101 (Child): InputArray snapshot 3",
				[
					{
						"Child": {
							"x": {
								"Child": {
									"y": {
										"Child": {
											"z": {
												"Values": [
													1,
													2
												],
												"result": "-KM"
											}
										},
										"Values": [
											{
												"z": 1
											},
											{
												"z": 2
											}
										],
										"result": "-KM"
									}
								},
								"Values": [
									{
										"y": {
											"z": 1
										}
									},
									{
										"y": {
											"z": 2
										}
									}
								],
								"result": "-KM"
							}
						},
						"Values": [
							{
								"x": {
									"y": {
										"z": 1
									}
								}
							},
							{
								"x": {
									"y": {
										"z": 2
									}
								}
							}
						],
						"result": "-KM"
					}
				],
				null
			],
			[
				4083215,
				"_C_ComparisonsOf2Variables_0101 (Child): InputArray snapshot 4",
				[
					[]
				],
				null
			],
			[
				4083216,
				"_C_ComparisonsOf2Variables_0101 (Child): InputArray snapshot 5",
				[
					"Values"
				],
				null
			],
			[
				4083218,
				"_C_ComparisonsOf2Variables_0101: key == \"result\"/\"Values\" -> skip, Further",
				[
					"Values"
				],
				null
			],
			[
				4085723,
				"UniversalBypass: visiting key",
				[
					"Child",
					[
						"Child"
					]
				],
				null
			],
			[
				4085734,
				"Class_Help.FunctionCall: Node(Class_ArrayAndOrDictionary)::_C_ComparisonsOf2Variables_0101",
				[
					{
						"x": {
							"y": {
								"z": 1
							}
						}
					},
					{
						"x": {
							"y": {
								"z": 2
							}
						}
					},
					27,
					{
						"Child": {
							"x": {
								"Child": {
									"y": {
										"Child": {
											"z": {
												"Values": [
													1,
													2
												],
												"result": "-KM"
											}
										},
										"Values": [
											{
												"z": 1
											},
											{
												"z": 2
											}
										],
										"result": "-KM"
									}
								},
								"Values": [
									{
										"y": {
											"z": 1
										}
									},
									{
										"y": {
											"z": 2
										}
									}
								],
								"result": "-KM"
							}
						},
						"Values": [
							{
								"x": {
									"y": {
										"z": 1
									}
								}
							},
							{
								"x": {
									"y": {
										"z": 2
									}
								}
							}
						],
						"result": "-KM"
					},
					[],
					"Child"
				],
				null
			],
			[
				4085736,
				"_C_ComparisonsOf2Variables_0101 (Child): InputArray snapshot 0",
				[
					{
						"x": {
							"y": {
								"z": 1
							}
						}
					}
				],
				null
			],
			[
				4085738,
				"_C_ComparisonsOf2Variables_0101 (Child): InputArray snapshot 1",
				[
					{
						"x": {
							"y": {
								"z": 2
							}
						}
					}
				],
				null
			],
			[
				4085739,
				"_C_ComparisonsOf2Variables_0101 (Child): InputArray snapshot 2",
				[
					27
				],
				null
			],
			[
				4085741,
				"_C_ComparisonsOf2Variables_0101 (Child): InputArray snapshot 3",
				[
					{
						"Child": {
							"x": {
								"Child": {
									"y": {
										"Child": {
											"z": {
												"Values": [
													1,
													2
												],
												"result": "-KM"
											}
										},
										"Values": [
											{
												"z": 1
											},
											{
												"z": 2
											}
										],
										"result": "-KM"
									}
								},
								"Values": [
									{
										"y": {
											"z": 1
										}
									},
									{
										"y": {
											"z": 2
										}
									}
								],
								"result": "-KM"
							}
						},
						"Values": [
							{
								"x": {
									"y": {
										"z": 1
									}
								}
							},
							{
								"x": {
									"y": {
										"z": 2
									}
								}
							}
						],
						"result": "-KM"
					}
				],
				null
			],
			[
				4085742,
				"_C_ComparisonsOf2Variables_0101 (Child): InputArray snapshot 4",
				[
					[]
				],
				null
			],
			[
				4085743,
				"_C_ComparisonsOf2Variables_0101 (Child): InputArray snapshot 5",
				[
					"Child"
				],
				null
			],
			[
				4085745,
				"_C_ComparisonsOf2Variables_0101: key == \"Child\" -> just Deeper, no recompute",
				[],
				null
			],
			[
				4085750,
				"UniversalBypass: Deeper, recursing",
				[
					"Child",
					1
				],
				null
			],
			[
				4088439,
				"UniversalBypass: visiting key",
				[
					"x",
					[
						"Child",
						"x"
					]
				],
				null
			],
			[
				4088450,
				"Class_Help.FunctionCall: Node(Class_ArrayAndOrDictionary)::_C_ComparisonsOf2Variables_0101",
				[
					{
						"x": {
							"y": {
								"z": 1
							}
						}
					},
					{
						"x": {
							"y": {
								"z": 2
							}
						}
					},
					27,
					{
						"x": {
							"Child": {
								"y": {
									"Child": {
										"z": {
											"Values": [
												1,
												2
											],
											"result": "-KM"
										}
									},
									"Values": [
										{
											"z": 1
										},
										{
											"z": 2
										}
									],
									"result": "-KM"
								}
							},
							"Values": [
								{
									"y": {
										"z": 1
									}
								},
								{
									"y": {
										"z": 2
									}
								}
							],
							"result": "-KM"
						}
					},
					[],
					"x"
				],
				null
			],
			[
				4088453,
				"_C_ComparisonsOf2Variables_0101 (Child): InputArray snapshot 0",
				[
					{
						"x": {
							"y": {
								"z": 1
							}
						}
					}
				],
				null
			],
			[
				4088455,
				"_C_ComparisonsOf2Variables_0101 (Child): InputArray snapshot 1",
				[
					{
						"x": {
							"y": {
								"z": 2
							}
						}
					}
				],
				null
			],
			[
				4088456,
				"_C_ComparisonsOf2Variables_0101 (Child): InputArray snapshot 2",
				[
					27
				],
				null
			],
			[
				4088457,
				"_C_ComparisonsOf2Variables_0101 (Child): InputArray snapshot 3",
				[
					{
						"x": {
							"Child": {
								"y": {
									"Child": {
										"z": {
											"Values": [
												1,
												2
											],
											"result": "-KM"
										}
									},
									"Values": [
										{
											"z": 1
										},
										{
											"z": 2
										}
									],
									"result": "-KM"
								}
							},
							"Values": [
								{
									"y": {
										"z": 1
									}
								},
								{
									"y": {
										"z": 2
									}
								}
							],
							"result": "-KM"
						}
					}
				],
				null
			],
			[
				4088459,
				"_C_ComparisonsOf2Variables_0101 (Child): InputArray snapshot 4",
				[
					[]
				],
				null
			],
			[
				4088460,
				"_C_ComparisonsOf2Variables_0101 (Child): InputArray snapshot 5",
				[
					"x"
				],
				null
			],
			[
				4088474,
				"Class_Help.FunctionCall: Node(Class_ArrayAndOrDictionary)::_PAW_CO2V",
				[
					{
						"x": {
							"y": {
								"z": 1
							}
						}
					},
					{
						"x": {
							"y": {
								"z": 1
							}
						}
					},
					"Child"
				],
				null
			],
			[
				4088476,
				"_PAW_CO2V: elPA == Child -> skip this level",
				[
					"Child"
				],
				"flagPassageAlongWay=false"
			],
			[
				4091189,
				"PassageAlongWay: Not flagPassageAlongWay, staying at current level",
				[
					"Child"
				],
				null
			],
			[
				4091201,
				"Class_Help.FunctionCall: Node(Class_ArrayAndOrDictionary)::_PAW_CO2V",
				[
					{
						"x": {
							"y": {
								"z": 1
							}
						}
					},
					{
						"x": {
							"y": {
								"z": 1
							}
						}
					},
					"x"
				],
				null
			],
			[
				4091208,
				"PassageAlongWay: Good flagPassageAlongWay, stepping into",
				[
					"x"
				],
				null
			],
			[
				4091218,
				"Class_Help.FunctionCall: Node(Class_ArrayAndOrDictionary)::_PAW_CO2V",
				[
					{
						"x": {
							"y": {
								"z": 2
							}
						}
					},
					{
						"x": {
							"y": {
								"z": 2
							}
						}
					},
					"Child"
				],
				null
			],
			[
				4091220,
				"_PAW_CO2V: elPA == Child -> skip this level",
				[
					"Child"
				],
				"flagPassageAlongWay=false"
			],
			[
				4091223,
				"PassageAlongWay: Not flagPassageAlongWay, staying at current level",
				[
					"Child"
				],
				null
			],
			[
				4091229,
				"Class_Help.FunctionCall: Node(Class_ArrayAndOrDictionary)::_PAW_CO2V",
				[
					{
						"x": {
							"y": {
								"z": 2
							}
						}
					},
					{
						"x": {
							"y": {
								"z": 2
							}
						}
					},
					"x"
				],
				null
			],
			[
				4091232,
				"PassageAlongWay: Good flagPassageAlongWay, stepping into",
				[
					"x"
				],
				null
			],
			[
				4091235,
				"_C_ComparisonsOf2Variables_0101: Child branch entered",
				[
					[
						"Child",
						"x"
					]
				],
				null
			],
			[
				4091237,
				"_C_ComparisonsOf2Variables_0101: both Dictionary, not equal -> Deeper",
				[],
				null
			],
			[
				4093790,
				"UniversalBypass: Deeper, recursing",
				[
					"x",
					2
				],
				null
			],
			[
				4093796,
				"UniversalBypass: visiting key",
				[
					"result",
					[
						"Child",
						"x",
						"result"
					]
				],
				null
			],
			[
				4093803,
				"Class_Help.FunctionCall: Node(Class_ArrayAndOrDictionary)::_C_ComparisonsOf2Variables_0101",
				[
					{
						"x": {
							"y": {
								"z": 1
							}
						}
					},
					{
						"x": {
							"y": {
								"z": 2
							}
						}
					},
					27,
					{
						"Child": {
							"y": {
								"Child": {
									"z": {
										"Values": [
											1,
											2
										],
										"result": "-KM"
									}
								},
								"Values": [
									{
										"z": 1
									},
									{
										"z": 2
									}
								],
								"result": "-KM"
							}
						},
						"Values": [
							{
								"y": {
									"z": 1
								}
							},
							{
								"y": {
									"z": 2
								}
							}
						],
						"result": "-KM"
					},
					[],
					"result"
				],
				null
			],
			[
				4093805,
				"_C_ComparisonsOf2Variables_0101 (Child): InputArray snapshot 0",
				[
					{
						"x": {
							"y": {
								"z": 1
							}
						}
					}
				],
				null
			],
			[
				4093807,
				"_C_ComparisonsOf2Variables_0101 (Child): InputArray snapshot 1",
				[
					{
						"x": {
							"y": {
								"z": 2
							}
						}
					}
				],
				null
			],
			[
				4093808,
				"_C_ComparisonsOf2Variables_0101 (Child): InputArray snapshot 2",
				[
					27
				],
				null
			],
			[
				4093809,
				"_C_ComparisonsOf2Variables_0101 (Child): InputArray snapshot 3",
				[
					{
						"Child": {
							"y": {
								"Child": {
									"z": {
										"Values": [
											1,
											2
										],
										"result": "-KM"
									}
								},
								"Values": [
									{
										"z": 1
									},
									{
										"z": 2
									}
								],
								"result": "-KM"
							}
						},
						"Values": [
							{
								"y": {
									"z": 1
								}
							},
							{
								"y": {
									"z": 2
								}
							}
						],
						"result": "-KM"
					}
				],
				null
			],
			[
				4093811,
				"_C_ComparisonsOf2Variables_0101 (Child): InputArray snapshot 4",
				[
					[]
				],
				null
			],
			[
				4093812,
				"_C_ComparisonsOf2Variables_0101 (Child): InputArray snapshot 5",
				[
					"result"
				],
				null
			],
			[
				4093814,
				"_C_ComparisonsOf2Variables_0101: key == \"result\"/\"Values\" -> skip, Further",
				[
					"result"
				],
				null
			],
			[
				4096489,
				"UniversalBypass: visiting key",
				[
					"Values",
					[
						"Child",
						"x",
						"Values"
					]
				],
				null
			],
			[
				4096498,
				"Class_Help.FunctionCall: Node(Class_ArrayAndOrDictionary)::_C_ComparisonsOf2Variables_0101",
				[
					{
						"x": {
							"y": {
								"z": 1
							}
						}
					},
					{
						"x": {
							"y": {
								"z": 2
							}
						}
					},
					27,
					{
						"Child": {
							"y": {
								"Child": {
									"z": {
										"Values": [
											1,
											2
										],
										"result": "-KM"
									}
								},
								"Values": [
									{
										"z": 1
									},
									{
										"z": 2
									}
								],
								"result": "-KM"
							}
						},
						"Values": [
							{
								"y": {
									"z": 1
								}
							},
							{
								"y": {
									"z": 2
								}
							}
						],
						"result": "-KM"
					},
					[],
					"Values"
				],
				null
			],
			[
				4096501,
				"_C_ComparisonsOf2Variables_0101 (Child): InputArray snapshot 0",
				[
					{
						"x": {
							"y": {
								"z": 1
							}
						}
					}
				],
				null
			],
			[
				4096502,
				"_C_ComparisonsOf2Variables_0101 (Child): InputArray snapshot 1",
				[
					{
						"x": {
							"y": {
								"z": 2
							}
						}
					}
				],
				null
			],
			[
				4096504,
				"_C_ComparisonsOf2Variables_0101 (Child): InputArray snapshot 2",
				[
					27
				],
				null
			],
			[
				4096505,
				"_C_ComparisonsOf2Variables_0101 (Child): InputArray snapshot 3",
				[
					{
						"Child": {
							"y": {
								"Child": {
									"z": {
										"Values": [
											1,
											2
										],
										"result": "-KM"
									}
								},
								"Values": [
									{
										"z": 1
									},
									{
										"z": 2
									}
								],
								"result": "-KM"
							}
						},
						"Values": [
							{
								"y": {
									"z": 1
								}
							},
							{
								"y": {
									"z": 2
								}
							}
						],
						"result": "-KM"
					}
				],
				null
			],
			[
				4096507,
				"_C_ComparisonsOf2Variables_0101 (Child): InputArray snapshot 4",
				[
					[]
				],
				null
			],
			[
				4096508,
				"_C_ComparisonsOf2Variables_0101 (Child): InputArray snapshot 5",
				[
					"Values"
				],
				null
			],
			[
				4096509,
				"_C_ComparisonsOf2Variables_0101: key == \"result\"/\"Values\" -> skip, Further",
				[
					"Values"
				],
				null
			],
			[
				4096514,
				"UniversalBypass: visiting key",
				[
					"Child",
					[
						"Child",
						"x",
						"Child"
					]
				],
				null
			],
			[
				4099195,
				"Class_Help.FunctionCall: Node(Class_ArrayAndOrDictionary)::_C_ComparisonsOf2Variables_0101",
				[
					{
						"x": {
							"y": {
								"z": 1
							}
						}
					},
					{
						"x": {
							"y": {
								"z": 2
							}
						}
					},
					27,
					{
						"Child": {
							"y": {
								"Child": {
									"z": {
										"Values": [
											1,
											2
										],
										"result": "-KM"
									}
								},
								"Values": [
									{
										"z": 1
									},
									{
										"z": 2
									}
								],
								"result": "-KM"
							}
						},
						"Values": [
							{
								"y": {
									"z": 1
								}
							},
							{
								"y": {
									"z": 2
								}
							}
						],
						"result": "-KM"
					},
					[],
					"Child"
				],
				null
			],
			[
				4099198,
				"_C_ComparisonsOf2Variables_0101 (Child): InputArray snapshot 0",
				[
					{
						"x": {
							"y": {
								"z": 1
							}
						}
					}
				],
				null
			],
			[
				4099199,
				"_C_ComparisonsOf2Variables_0101 (Child): InputArray snapshot 1",
				[
					{
						"x": {
							"y": {
								"z": 2
							}
						}
					}
				],
				null
			],
			[
				4099201,
				"_C_ComparisonsOf2Variables_0101 (Child): InputArray snapshot 2",
				[
					27
				],
				null
			],
			[
				4099202,
				"_C_ComparisonsOf2Variables_0101 (Child): InputArray snapshot 3",
				[
					{
						"Child": {
							"y": {
								"Child": {
									"z": {
										"Values": [
											1,
											2
										],
										"result": "-KM"
									}
								},
								"Values": [
									{
										"z": 1
									},
									{
										"z": 2
									}
								],
								"result": "-KM"
							}
						},
						"Values": [
							{
								"y": {
									"z": 1
								}
							},
							{
								"y": {
									"z": 2
								}
							}
						],
						"result": "-KM"
					}
				],
				null
			],
			[
				4099204,
				"_C_ComparisonsOf2Variables_0101 (Child): InputArray snapshot 4",
				[
					[]
				],
				null
			],
			[
				4099205,
				"_C_ComparisonsOf2Variables_0101 (Child): InputArray snapshot 5",
				[
					"Child"
				],
				null
			],
			[
				4099207,
				"_C_ComparisonsOf2Variables_0101: key == \"Child\" -> just Deeper, no recompute",
				[],
				null
			],
			[
				4099210,
				"UniversalBypass: Deeper, recursing",
				[
					"Child",
					3
				],
				null
			],
			[
				4099215,
				"UniversalBypass: visiting key",
				[
					"y",
					[
						"Child",
						"x",
						"Child",
						"y"
					]
				],
				null
			],
			[
				4101935,
				"Class_Help.FunctionCall: Node(Class_ArrayAndOrDictionary)::_C_ComparisonsOf2Variables_0101",
				[
					{
						"x": {
							"y": {
								"z": 1
							}
						}
					},
					{
						"x": {
							"y": {
								"z": 2
							}
						}
					},
					27,
					{
						"y": {
							"Child": {
								"z": {
									"Values": [
										1,
										2
									],
									"result": "-KM"
								}
							},
							"Values": [
								{
									"z": 1
								},
								{
									"z": 2
								}
							],
							"result": "-KM"
						}
					},
					[],
					"y"
				],
				null
			],
			[
				4101938,
				"_C_ComparisonsOf2Variables_0101 (Child): InputArray snapshot 0",
				[
					{
						"x": {
							"y": {
								"z": 1
							}
						}
					}
				],
				null
			],
			[
				4101939,
				"_C_ComparisonsOf2Variables_0101 (Child): InputArray snapshot 1",
				[
					{
						"x": {
							"y": {
								"z": 2
							}
						}
					}
				],
				null
			],
			[
				4101940,
				"_C_ComparisonsOf2Variables_0101 (Child): InputArray snapshot 2",
				[
					27
				],
				null
			],
			[
				4101942,
				"_C_ComparisonsOf2Variables_0101 (Child): InputArray snapshot 3",
				[
					{
						"y": {
							"Child": {
								"z": {
									"Values": [
										1,
										2
									],
									"result": "-KM"
								}
							},
							"Values": [
								{
									"z": 1
								},
								{
									"z": 2
								}
							],
							"result": "-KM"
						}
					}
				],
				null
			],
			[
				4101943,
				"_C_ComparisonsOf2Variables_0101 (Child): InputArray snapshot 4",
				[
					[]
				],
				null
			],
			[
				4101945,
				"_C_ComparisonsOf2Variables_0101 (Child): InputArray snapshot 5",
				[
					"y"
				],
				null
			],
			[
				4101955,
				"Class_Help.FunctionCall: Node(Class_ArrayAndOrDictionary)::_PAW_CO2V",
				[
					{
						"x": {
							"y": {
								"z": 1
							}
						}
					},
					{
						"x": {
							"y": {
								"z": 1
							}
						}
					},
					"Child"
				],
				null
			],
			[
				4101958,
				"_PAW_CO2V: elPA == Child -> skip this level",
				[
					"Child"
				],
				"flagPassageAlongWay=false"
			],
			[
				4101961,
				"PassageAlongWay: Not flagPassageAlongWay, staying at current level",
				[
					"Child"
				],
				null
			],
			[
				4105398,
				"Class_Help.FunctionCall: Node(Class_ArrayAndOrDictionary)::_PAW_CO2V",
				[
					{
						"x": {
							"y": {
								"z": 1
							}
						}
					},
					{
						"x": {
							"y": {
								"z": 1
							}
						}
					},
					"x"
				],
				null
			],
			[
				4105409,
				"PassageAlongWay: Good flagPassageAlongWay, stepping into",
				[
					"x"
				],
				null
			],
			[
				4105418,
				"Class_Help.FunctionCall: Node(Class_ArrayAndOrDictionary)::_PAW_CO2V",
				[
					{
						"y": {
							"z": 1
						}
					},
					{
						"x": {
							"y": {
								"z": 1
							}
						}
					},
					"Child"
				],
				null
			],
			[
				4105420,
				"_PAW_CO2V: elPA == Child -> skip this level",
				[
					"Child"
				],
				"flagPassageAlongWay=false"
			],
			[
				4105425,
				"PassageAlongWay: Not flagPassageAlongWay, staying at current level",
				[
					"Child"
				],
				null
			],
			[
				4105431,
				"Class_Help.FunctionCall: Node(Class_ArrayAndOrDictionary)::_PAW_CO2V",
				[
					{
						"y": {
							"z": 1
						}
					},
					{
						"x": {
							"y": {
								"z": 1
							}
						}
					},
					"y"
				],
				null
			],
			[
				4105434,
				"PassageAlongWay: Good flagPassageAlongWay, stepping into",
				[
					"y"
				],
				null
			],
			[
				4105445,
				"Class_Help.FunctionCall: Node(Class_ArrayAndOrDictionary)::_PAW_CO2V",
				[
					{
						"x": {
							"y": {
								"z": 2
							}
						}
					},
					{
						"x": {
							"y": {
								"z": 2
							}
						}
					},
					"Child"
				],
				null
			],
			[
				4105447,
				"_PAW_CO2V: elPA == Child -> skip this level",
				[
					"Child"
				],
				"flagPassageAlongWay=false"
			],
			[
				4105450,
				"PassageAlongWay: Not flagPassageAlongWay, staying at current level",
				[
					"Child"
				],
				null
			],
			[
				4108427,
				"Class_Help.FunctionCall: Node(Class_ArrayAndOrDictionary)::_PAW_CO2V",
				[
					{
						"x": {
							"y": {
								"z": 2
							}
						}
					},
					{
						"x": {
							"y": {
								"z": 2
							}
						}
					},
					"x"
				],
				null
			],
			[
				4108433,
				"PassageAlongWay: Good flagPassageAlongWay, stepping into",
				[
					"x"
				],
				null
			],
			[
				4108440,
				"Class_Help.FunctionCall: Node(Class_ArrayAndOrDictionary)::_PAW_CO2V",
				[
					{
						"y": {
							"z": 2
						}
					},
					{
						"x": {
							"y": {
								"z": 2
							}
						}
					},
					"Child"
				],
				null
			],
			[
				4108442,
				"_PAW_CO2V: elPA == Child -> skip this level",
				[
					"Child"
				],
				"flagPassageAlongWay=false"
			],
			[
				4108445,
				"PassageAlongWay: Not flagPassageAlongWay, staying at current level",
				[
					"Child"
				],
				null
			],
			[
				4108451,
				"Class_Help.FunctionCall: Node(Class_ArrayAndOrDictionary)::_PAW_CO2V",
				[
					{
						"y": {
							"z": 2
						}
					},
					{
						"x": {
							"y": {
								"z": 2
							}
						}
					},
					"y"
				],
				null
			],
			[
				4108454,
				"PassageAlongWay: Good flagPassageAlongWay, stepping into",
				[
					"y"
				],
				null
			],
			[
				4108457,
				"_C_ComparisonsOf2Variables_0101: Child branch entered",
				[
					[
						"Child",
						"x",
						"Child",
						"y"
					]
				],
				null
			],
			[
				4108460,
				"_C_ComparisonsOf2Variables_0101: both Dictionary, not equal -> Deeper",
				[],
				null
			],
			[
				4108469,
				"UniversalBypass: Deeper, recursing",
				[
					"y",
					4
				],
				null
			],
			[
				4111563,
				"UniversalBypass: visiting key",
				[
					"result",
					[
						"Child",
						"x",
						"Child",
						"y",
						"result"
					]
				],
				null
			],
			[
				4111573,
				"Class_Help.FunctionCall: Node(Class_ArrayAndOrDictionary)::_C_ComparisonsOf2Variables_0101",
				[
					{
						"x": {
							"y": {
								"z": 1
							}
						}
					},
					{
						"x": {
							"y": {
								"z": 2
							}
						}
					},
					27,
					{
						"Child": {
							"z": {
								"Values": [
									1,
									2
								],
								"result": "-KM"
							}
						},
						"Values": [
							{
								"z": 1
							},
							{
								"z": 2
							}
						],
						"result": "-KM"
					},
					[],
					"result"
				],
				null
			],
			[
				4111575,
				"_C_ComparisonsOf2Variables_0101 (Child): InputArray snapshot 0",
				[
					{
						"x": {
							"y": {
								"z": 1
							}
						}
					}
				],
				null
			],
			[
				4111577,
				"_C_ComparisonsOf2Variables_0101 (Child): InputArray snapshot 1",
				[
					{
						"x": {
							"y": {
								"z": 2
							}
						}
					}
				],
				null
			],
			[
				4111578,
				"_C_ComparisonsOf2Variables_0101 (Child): InputArray snapshot 2",
				[
					27
				],
				null
			],
			[
				4111580,
				"_C_ComparisonsOf2Variables_0101 (Child): InputArray snapshot 3",
				[
					{
						"Child": {
							"z": {
								"Values": [
									1,
									2
								],
								"result": "-KM"
							}
						},
						"Values": [
							{
								"z": 1
							},
							{
								"z": 2
							}
						],
						"result": "-KM"
					}
				],
				null
			],
			[
				4111581,
				"_C_ComparisonsOf2Variables_0101 (Child): InputArray snapshot 4",
				[
					[]
				],
				null
			],
			[
				4111582,
				"_C_ComparisonsOf2Variables_0101 (Child): InputArray snapshot 5",
				[
					"result"
				],
				null
			],
			[
				4111584,
				"_C_ComparisonsOf2Variables_0101: key == \"result\"/\"Values\" -> skip, Further",
				[
					"result"
				],
				null
			],
			[
				4111589,
				"UniversalBypass: visiting key",
				[
					"Values",
					[
						"Child",
						"x",
						"Child",
						"y",
						"Values"
					]
				],
				null
			],
			[
				4114886,
				"Class_Help.FunctionCall: Node(Class_ArrayAndOrDictionary)::_C_ComparisonsOf2Variables_0101",
				[
					{
						"x": {
							"y": {
								"z": 1
							}
						}
					},
					{
						"x": {
							"y": {
								"z": 2
							}
						}
					},
					27,
					{
						"Child": {
							"z": {
								"Values": [
									1,
									2
								],
								"result": "-KM"
							}
						},
						"Values": [
							{
								"z": 1
							},
							{
								"z": 2
							}
						],
						"result": "-KM"
					},
					[],
					"Values"
				],
				null
			],
			[
				4114889,
				"_C_ComparisonsOf2Variables_0101 (Child): InputArray snapshot 0",
				[
					{
						"x": {
							"y": {
								"z": 1
							}
						}
					}
				],
				null
			],
			[
				4114891,
				"_C_ComparisonsOf2Variables_0101 (Child): InputArray snapshot 1",
				[
					{
						"x": {
							"y": {
								"z": 2
							}
						}
					}
				],
				null
			],
			[
				4114892,
				"_C_ComparisonsOf2Variables_0101 (Child): InputArray snapshot 2",
				[
					27
				],
				null
			],
			[
				4114894,
				"_C_ComparisonsOf2Variables_0101 (Child): InputArray snapshot 3",
				[
					{
						"Child": {
							"z": {
								"Values": [
									1,
									2
								],
								"result": "-KM"
							}
						},
						"Values": [
							{
								"z": 1
							},
							{
								"z": 2
							}
						],
						"result": "-KM"
					}
				],
				null
			],
			[
				4114895,
				"_C_ComparisonsOf2Variables_0101 (Child): InputArray snapshot 4",
				[
					[]
				],
				null
			],
			[
				4114896,
				"_C_ComparisonsOf2Variables_0101 (Child): InputArray snapshot 5",
				[
					"Values"
				],
				null
			],
			[
				4114898,
				"_C_ComparisonsOf2Variables_0101: key == \"result\"/\"Values\" -> skip, Further",
				[
					"Values"
				],
				null
			],
			[
				4114903,
				"UniversalBypass: visiting key",
				[
					"Child",
					[
						"Child",
						"x",
						"Child",
						"y",
						"Child"
					]
				],
				null
			],
			[
				4114909,
				"Class_Help.FunctionCall: Node(Class_ArrayAndOrDictionary)::_C_ComparisonsOf2Variables_0101",
				[
					{
						"x": {
							"y": {
								"z": 1
							}
						}
					},
					{
						"x": {
							"y": {
								"z": 2
							}
						}
					},
					27,
					{
						"Child": {
							"z": {
								"Values": [
									1,
									2
								],
								"result": "-KM"
							}
						},
						"Values": [
							{
								"z": 1
							},
							{
								"z": 2
							}
						],
						"result": "-KM"
					},
					[],
					"Child"
				],
				null
			],
			[
				4118450,
				"_C_ComparisonsOf2Variables_0101 (Child): InputArray snapshot 0",
				[
					{
						"x": {
							"y": {
								"z": 1
							}
						}
					}
				],
				null
			],
			[
				4118452,
				"_C_ComparisonsOf2Variables_0101 (Child): InputArray snapshot 1",
				[
					{
						"x": {
							"y": {
								"z": 2
							}
						}
					}
				],
				null
			],
			[
				4118454,
				"_C_ComparisonsOf2Variables_0101 (Child): InputArray snapshot 2",
				[
					27
				],
				null
			],
			[
				4118455,
				"_C_ComparisonsOf2Variables_0101 (Child): InputArray snapshot 3",
				[
					{
						"Child": {
							"z": {
								"Values": [
									1,
									2
								],
								"result": "-KM"
							}
						},
						"Values": [
							{
								"z": 1
							},
							{
								"z": 2
							}
						],
						"result": "-KM"
					}
				],
				null
			],
			[
				4118457,
				"_C_ComparisonsOf2Variables_0101 (Child): InputArray snapshot 4",
				[
					[]
				],
				null
			],
			[
				4118459,
				"_C_ComparisonsOf2Variables_0101 (Child): InputArray snapshot 5",
				[
					"Child"
				],
				null
			],
			[
				4118460,
				"_C_ComparisonsOf2Variables_0101: key == \"Child\" -> just Deeper, no recompute",
				[],
				null
			],
			[
				4118466,
				"UniversalBypass: Deeper, recursing",
				[
					"Child",
					5
				],
				null
			],
			[
				4118473,
				"UniversalBypass: visiting key",
				[
					"z",
					[
						"Child",
						"x",
						"Child",
						"y",
						"Child",
						"z"
					]
				],
				null
			],
			[
				4118481,
				"Class_Help.FunctionCall: Node(Class_ArrayAndOrDictionary)::_C_ComparisonsOf2Variables_0101",
				[
					{
						"x": {
							"y": {
								"z": 1
							}
						}
					},
					{
						"x": {
							"y": {
								"z": 2
							}
						}
					},
					27,
					{
						"z": {
							"Values": [
								1,
								2
							],
							"result": "-KM"
						}
					},
					[],
					"z"
				],
				null
			],
			[
				4123203,
				"_C_ComparisonsOf2Variables_0101 (Child): InputArray snapshot 0",
				[
					{
						"x": {
							"y": {
								"z": 1
							}
						}
					}
				],
				null
			],
			[
				4123208,
				"_C_ComparisonsOf2Variables_0101 (Child): InputArray snapshot 1",
				[
					{
						"x": {
							"y": {
								"z": 2
							}
						}
					}
				],
				null
			],
			[
				4123209,
				"_C_ComparisonsOf2Variables_0101 (Child): InputArray snapshot 2",
				[
					27
				],
				null
			],
			[
				4123211,
				"_C_ComparisonsOf2Variables_0101 (Child): InputArray snapshot 3",
				[
					{
						"z": {
							"Values": [
								1,
								2
							],
							"result": "-KM"
						}
					}
				],
				null
			],
			[
				4123213,
				"_C_ComparisonsOf2Variables_0101 (Child): InputArray snapshot 4",
				[
					[]
				],
				null
			],
			[
				4123214,
				"_C_ComparisonsOf2Variables_0101 (Child): InputArray snapshot 5",
				[
					"z"
				],
				null
			],
			[
				4123237,
				"Class_Help.FunctionCall: Node(Class_ArrayAndOrDictionary)::_PAW_CO2V",
				[
					{
						"x": {
							"y": {
								"z": 1
							}
						}
					},
					{
						"x": {
							"y": {
								"z": 1
							}
						}
					},
					"Child"
				],
				null
			],
			[
				4123239,
				"_PAW_CO2V: elPA == Child -> skip this level",
				[
					"Child"
				],
				"flagPassageAlongWay=false"
			],
			[
				4123243,
				"PassageAlongWay: Not flagPassageAlongWay, staying at current level",
				[
					"Child"
				],
				null
			],
			[
				4123250,
				"Class_Help.FunctionCall: Node(Class_ArrayAndOrDictionary)::_PAW_CO2V",
				[
					{
						"x": {
							"y": {
								"z": 1
							}
						}
					},
					{
						"x": {
							"y": {
								"z": 1
							}
						}
					},
					"x"
				],
				null
			],
			[
				4126814,
				"PassageAlongWay: Good flagPassageAlongWay, stepping into",
				[
					"x"
				],
				null
			],
			[
				4126824,
				"Class_Help.FunctionCall: Node(Class_ArrayAndOrDictionary)::_PAW_CO2V",
				[
					{
						"y": {
							"z": 1
						}
					},
					{
						"x": {
							"y": {
								"z": 1
							}
						}
					},
					"Child"
				],
				null
			],
			[
				4126826,
				"_PAW_CO2V: elPA == Child -> skip this level",
				[
					"Child"
				],
				"flagPassageAlongWay=false"
			],
			[
				4126830,
				"PassageAlongWay: Not flagPassageAlongWay, staying at current level",
				[
					"Child"
				],
				null
			],
			[
				4126836,
				"Class_Help.FunctionCall: Node(Class_ArrayAndOrDictionary)::_PAW_CO2V",
				[
					{
						"y": {
							"z": 1
						}
					},
					{
						"x": {
							"y": {
								"z": 1
							}
						}
					},
					"y"
				],
				null
			],
			[
				4126839,
				"PassageAlongWay: Good flagPassageAlongWay, stepping into",
				[
					"y"
				],
				null
			],
			[
				4126845,
				"Class_Help.FunctionCall: Node(Class_ArrayAndOrDictionary)::_PAW_CO2V",
				[
					{
						"z": 1
					},
					{
						"x": {
							"y": {
								"z": 1
							}
						}
					},
					"Child"
				],
				null
			],
			[
				4126847,
				"_PAW_CO2V: elPA == Child -> skip this level",
				[
					"Child"
				],
				"flagPassageAlongWay=false"
			],
			[
				4126850,
				"PassageAlongWay: Not flagPassageAlongWay, staying at current level",
				[
					"Child"
				],
				null
			],
			[
				4126855,
				"Class_Help.FunctionCall: Node(Class_ArrayAndOrDictionary)::_PAW_CO2V",
				[
					{
						"z": 1
					},
					{
						"x": {
							"y": {
								"z": 1
							}
						}
					},
					"z"
				],
				null
			],
			[
				4130300,
				"PassageAlongWay: Good flagPassageAlongWay, stepping into",
				[
					"z"
				],
				null
			],
			[
				4130313,
				"Class_Help.FunctionCall: Node(Class_ArrayAndOrDictionary)::_PAW_CO2V",
				[
					{
						"x": {
							"y": {
								"z": 2
							}
						}
					},
					{
						"x": {
							"y": {
								"z": 2
							}
						}
					},
					"Child"
				],
				null
			],
			[
				4130315,
				"_PAW_CO2V: elPA == Child -> skip this level",
				[
					"Child"
				],
				"flagPassageAlongWay=false"
			],
			[
				4130319,
				"PassageAlongWay: Not flagPassageAlongWay, staying at current level",
				[
					"Child"
				],
				null
			],
			[
				4130325,
				"Class_Help.FunctionCall: Node(Class_ArrayAndOrDictionary)::_PAW_CO2V",
				[
					{
						"x": {
							"y": {
								"z": 2
							}
						}
					},
					{
						"x": {
							"y": {
								"z": 2
							}
						}
					},
					"x"
				],
				null
			],
			[
				4130328,
				"PassageAlongWay: Good flagPassageAlongWay, stepping into",
				[
					"x"
				],
				null
			],
			[
				4130334,
				"Class_Help.FunctionCall: Node(Class_ArrayAndOrDictionary)::_PAW_CO2V",
				[
					{
						"y": {
							"z": 2
						}
					},
					{
						"x": {
							"y": {
								"z": 2
							}
						}
					},
					"Child"
				],
				null
			],
			[
				4130336,
				"_PAW_CO2V: elPA == Child -> skip this level",
				[
					"Child"
				],
				"flagPassageAlongWay=false"
			],
			[
				4130338,
				"PassageAlongWay: Not flagPassageAlongWay, staying at current level",
				[
					"Child"
				],
				null
			],
			[
				4130344,
				"Class_Help.FunctionCall: Node(Class_ArrayAndOrDictionary)::_PAW_CO2V",
				[
					{
						"y": {
							"z": 2
						}
					},
					{
						"x": {
							"y": {
								"z": 2
							}
						}
					},
					"y"
				],
				null
			],
			[
				4133859,
				"PassageAlongWay: Good flagPassageAlongWay, stepping into",
				[
					"y"
				],
				null
			],
			[
				4133869,
				"Class_Help.FunctionCall: Node(Class_ArrayAndOrDictionary)::_PAW_CO2V",
				[
					{
						"z": 2
					},
					{
						"x": {
							"y": {
								"z": 2
							}
						}
					},
					"Child"
				],
				null
			],
			[
				4133871,
				"_PAW_CO2V: elPA == Child -> skip this level",
				[
					"Child"
				],
				"flagPassageAlongWay=false"
			],
			[
				4133874,
				"PassageAlongWay: Not flagPassageAlongWay, staying at current level",
				[
					"Child"
				],
				null
			],
			[
				4133881,
				"Class_Help.FunctionCall: Node(Class_ArrayAndOrDictionary)::_PAW_CO2V",
				[
					{
						"z": 2
					},
					{
						"x": {
							"y": {
								"z": 2
							}
						}
					},
					"z"
				],
				null
			],
			[
				4133883,
				"PassageAlongWay: Good flagPassageAlongWay, stepping into",
				[
					"z"
				],
				null
			],
			[
				4133887,
				"_C_ComparisonsOf2Variables_0101: Child branch entered",
				[
					[
						"Child",
						"x",
						"Child",
						"y",
						"Child",
						"z"
					]
				],
				null
			],
			[
				4133890,
				"_C_ComparisonsOf2Variables_0101: same type, not equal, not Dictionary -> -KM -> Further",
				[],
				null
			],
			[
				4133915,
				"_CP_CO2V: recomputing aggregated result from children",
				[
					{
						"+": 0,
						"-": 1,
						"<": 0,
						">": 0,
						"~": 0,
						"~-": 0,
						"~<": 0,
						"~<-": 0,
						"~>": 0,
						"~>-": 0
					}
				],
				null
			],
			[
				4133919,
				"_CP_CO2V: result recomputed",
				[],
				"-KM"
			],
			[
				4138333,
				"_CP_CO2V: recomputing aggregated result from children",
				[
					{
						"+": 0,
						"-": 1,
						"<": 0,
						">": 0,
						"~": 0,
						"~-": 0,
						"~<": 0,
						"~<-": 0,
						"~>": 0,
						"~>-": 0
					}
				],
				null
			],
			[
				4138357,
				"_CP_CO2V: result recomputed",
				[],
				"-KM"
			],
			[
				4138364,
				"_CP_CO2V: recomputing aggregated result from children",
				[
					{
						"+": 0,
						"-": 1,
						"<": 0,
						">": 0,
						"~": 0,
						"~-": 0,
						"~<": 0,
						"~<-": 0,
						"~>": 0,
						"~>-": 0
					}
				],
				null
			],
			[
				4138368,
				"_CP_CO2V: result recomputed",
				[],
				"-KM"
			],
			[
				4138377,
				"Stream finished: Test:deep_nested_diff",
				[],
				null
			]
		],
		"13": [
			[
				4149705,
				"Stream created: Test:array_and_dict_mix",
				[],
				null
			],
			[
				4162578,
				"fC_ComparisonsOf2Variables_0101: types match",
				[
					{
						"x": {
							"arr": [
								1,
								2
							]
						},
						"y": 5
					},
					{
						"x": {
							"arr": [
								1,
								3
							]
						}
					}
				],
				null
			],
			[
				4162583,
				"fC_ComparisonsOf2Variables_0101: both Dictionary, not equal -> diff by key",
				[
					[
						"x",
						"y"
					],
					[
						"x"
					]
				],
				null
			],
			[
				4162601,
				"UniversalBypass: visiting key",
				[
					"result",
					[
						"result"
					]
				],
				null
			],
			[
				4162613,
				"Class_Help.FunctionCall: Node(Class_ArrayAndOrDictionary)::_C_ComparisonsOf2Variables_0101",
				[
					{
						"x": {
							"arr": [
								1,
								2
							]
						},
						"y": 5
					},
					{
						"x": {
							"arr": [
								1,
								3
							]
						}
					},
					27,
					{
						"Child": {
							"x": {
								"Child": {
									"arr": {
										"Values": [
											[
												1,
												2
											],
											[
												1,
												3
											]
										],
										"result": "-KM"
									}
								},
								"Values": [
									{
										"arr": [
											1,
											2
										]
									},
									{
										"arr": [
											1,
											3
										]
									}
								],
								"result": "-KM"
							},
							"y": {
								"Values": [
									5
								],
								"result": ">"
							}
						},
						"Values": [
							{
								"x": {
									"arr": [
										1,
										2
									]
								},
								"y": 5
							},
							{
								"x": {
									"arr": [
										1,
										3
									]
								}
							}
						],
						"result": "-KM"
					},
					[],
					"result"
				],
				null
			],
			[
				4162616,
				"_C_ComparisonsOf2Variables_0101 (Child): InputArray snapshot 0",
				[
					{
						"x": {
							"arr": [
								1,
								2
							]
						},
						"y": 5
					}
				],
				null
			],
			[
				4162618,
				"_C_ComparisonsOf2Variables_0101 (Child): InputArray snapshot 1",
				[
					{
						"x": {
							"arr": [
								1,
								3
							]
						}
					}
				],
				null
			],
			[
				4162619,
				"_C_ComparisonsOf2Variables_0101 (Child): InputArray snapshot 2",
				[
					27
				],
				null
			],
			[
				4162621,
				"_C_ComparisonsOf2Variables_0101 (Child): InputArray snapshot 3",
				[
					{
						"Child": {
							"x": {
								"Child": {
									"arr": {
										"Values": [
											[
												1,
												2
											],
											[
												1,
												3
											]
										],
										"result": "-KM"
									}
								},
								"Values": [
									{
										"arr": [
											1,
											2
										]
									},
									{
										"arr": [
											1,
											3
										]
									}
								],
								"result": "-KM"
							},
							"y": {
								"Values": [
									5
								],
								"result": ">"
							}
						},
						"Values": [
							{
								"x": {
									"arr": [
										1,
										2
									]
								},
								"y": 5
							},
							{
								"x": {
									"arr": [
										1,
										3
									]
								}
							}
						],
						"result": "-KM"
					}
				],
				null
			],
			[
				4162622,
				"_C_ComparisonsOf2Variables_0101 (Child): InputArray snapshot 4",
				[
					[]
				],
				null
			],
			[
				4162624,
				"_C_ComparisonsOf2Variables_0101 (Child): InputArray snapshot 5",
				[
					"result"
				],
				null
			],
			[
				4166333,
				"_C_ComparisonsOf2Variables_0101: key == \"result\"/\"Values\" -> skip, Further",
				[
					"result"
				],
				null
			],
			[
				4166341,
				"UniversalBypass: visiting key",
				[
					"Values",
					[
						"Values"
					]
				],
				null
			],
			[
				4166350,
				"Class_Help.FunctionCall: Node(Class_ArrayAndOrDictionary)::_C_ComparisonsOf2Variables_0101",
				[
					{
						"x": {
							"arr": [
								1,
								2
							]
						},
						"y": 5
					},
					{
						"x": {
							"arr": [
								1,
								3
							]
						}
					},
					27,
					{
						"Child": {
							"x": {
								"Child": {
									"arr": {
										"Values": [
											[
												1,
												2
											],
											[
												1,
												3
											]
										],
										"result": "-KM"
									}
								},
								"Values": [
									{
										"arr": [
											1,
											2
										]
									},
									{
										"arr": [
											1,
											3
										]
									}
								],
								"result": "-KM"
							},
							"y": {
								"Values": [
									5
								],
								"result": ">"
							}
						},
						"Values": [
							{
								"x": {
									"arr": [
										1,
										2
									]
								},
								"y": 5
							},
							{
								"x": {
									"arr": [
										1,
										3
									]
								}
							}
						],
						"result": "-KM"
					},
					[],
					"Values"
				],
				null
			],
			[
				4166353,
				"_C_ComparisonsOf2Variables_0101 (Child): InputArray snapshot 0",
				[
					{
						"x": {
							"arr": [
								1,
								2
							]
						},
						"y": 5
					}
				],
				null
			],
			[
				4166354,
				"_C_ComparisonsOf2Variables_0101 (Child): InputArray snapshot 1",
				[
					{
						"x": {
							"arr": [
								1,
								3
							]
						}
					}
				],
				null
			],
			[
				4166356,
				"_C_ComparisonsOf2Variables_0101 (Child): InputArray snapshot 2",
				[
					27
				],
				null
			],
			[
				4166357,
				"_C_ComparisonsOf2Variables_0101 (Child): InputArray snapshot 3",
				[
					{
						"Child": {
							"x": {
								"Child": {
									"arr": {
										"Values": [
											[
												1,
												2
											],
											[
												1,
												3
											]
										],
										"result": "-KM"
									}
								},
								"Values": [
									{
										"arr": [
											1,
											2
										]
									},
									{
										"arr": [
											1,
											3
										]
									}
								],
								"result": "-KM"
							},
							"y": {
								"Values": [
									5
								],
								"result": ">"
							}
						},
						"Values": [
							{
								"x": {
									"arr": [
										1,
										2
									]
								},
								"y": 5
							},
							{
								"x": {
									"arr": [
										1,
										3
									]
								}
							}
						],
						"result": "-KM"
					}
				],
				null
			],
			[
				4166359,
				"_C_ComparisonsOf2Variables_0101 (Child): InputArray snapshot 4",
				[
					[]
				],
				null
			],
			[
				4166360,
				"_C_ComparisonsOf2Variables_0101 (Child): InputArray snapshot 5",
				[
					"Values"
				],
				null
			],
			[
				4166362,
				"_C_ComparisonsOf2Variables_0101: key == \"result\"/\"Values\" -> skip, Further",
				[
					"Values"
				],
				null
			],
			[
				4170394,
				"UniversalBypass: visiting key",
				[
					"Child",
					[
						"Child"
					]
				],
				null
			],
			[
				4170407,
				"Class_Help.FunctionCall: Node(Class_ArrayAndOrDictionary)::_C_ComparisonsOf2Variables_0101",
				[
					{
						"x": {
							"arr": [
								1,
								2
							]
						},
						"y": 5
					},
					{
						"x": {
							"arr": [
								1,
								3
							]
						}
					},
					27,
					{
						"Child": {
							"x": {
								"Child": {
									"arr": {
										"Values": [
											[
												1,
												2
											],
											[
												1,
												3
											]
										],
										"result": "-KM"
									}
								},
								"Values": [
									{
										"arr": [
											1,
											2
										]
									},
									{
										"arr": [
											1,
											3
										]
									}
								],
								"result": "-KM"
							},
							"y": {
								"Values": [
									5
								],
								"result": ">"
							}
						},
						"Values": [
							{
								"x": {
									"arr": [
										1,
										2
									]
								},
								"y": 5
							},
							{
								"x": {
									"arr": [
										1,
										3
									]
								}
							}
						],
						"result": "-KM"
					},
					[],
					"Child"
				],
				null
			],
			[
				4170411,
				"_C_ComparisonsOf2Variables_0101 (Child): InputArray snapshot 0",
				[
					{
						"x": {
							"arr": [
								1,
								2
							]
						},
						"y": 5
					}
				],
				null
			],
			[
				4170412,
				"_C_ComparisonsOf2Variables_0101 (Child): InputArray snapshot 1",
				[
					{
						"x": {
							"arr": [
								1,
								3
							]
						}
					}
				],
				null
			],
			[
				4170414,
				"_C_ComparisonsOf2Variables_0101 (Child): InputArray snapshot 2",
				[
					27
				],
				null
			],
			[
				4170415,
				"_C_ComparisonsOf2Variables_0101 (Child): InputArray snapshot 3",
				[
					{
						"Child": {
							"x": {
								"Child": {
									"arr": {
										"Values": [
											[
												1,
												2
											],
											[
												1,
												3
											]
										],
										"result": "-KM"
									}
								},
								"Values": [
									{
										"arr": [
											1,
											2
										]
									},
									{
										"arr": [
											1,
											3
										]
									}
								],
								"result": "-KM"
							},
							"y": {
								"Values": [
									5
								],
								"result": ">"
							}
						},
						"Values": [
							{
								"x": {
									"arr": [
										1,
										2
									]
								},
								"y": 5
							},
							{
								"x": {
									"arr": [
										1,
										3
									]
								}
							}
						],
						"result": "-KM"
					}
				],
				null
			],
			[
				4170416,
				"_C_ComparisonsOf2Variables_0101 (Child): InputArray snapshot 4",
				[
					[]
				],
				null
			],
			[
				4170418,
				"_C_ComparisonsOf2Variables_0101 (Child): InputArray snapshot 5",
				[
					"Child"
				],
				null
			],
			[
				4170419,
				"_C_ComparisonsOf2Variables_0101: key == \"Child\" -> just Deeper, no recompute",
				[],
				null
			],
			[
				4170424,
				"UniversalBypass: Deeper, recursing",
				[
					"Child",
					1
				],
				null
			],
			[
				4174370,
				"UniversalBypass: visiting key",
				[
					"x",
					[
						"Child",
						"x"
					]
				],
				null
			],
			[
				4174380,
				"Class_Help.FunctionCall: Node(Class_ArrayAndOrDictionary)::_C_ComparisonsOf2Variables_0101",
				[
					{
						"x": {
							"arr": [
								1,
								2
							]
						},
						"y": 5
					},
					{
						"x": {
							"arr": [
								1,
								3
							]
						}
					},
					27,
					{
						"x": {
							"Child": {
								"arr": {
									"Values": [
										[
											1,
											2
										],
										[
											1,
											3
										]
									],
									"result": "-KM"
								}
							},
							"Values": [
								{
									"arr": [
										1,
										2
									]
								},
								{
									"arr": [
										1,
										3
									]
								}
							],
							"result": "-KM"
						},
						"y": {
							"Values": [
								5
							],
							"result": ">"
						}
					},
					[],
					"x"
				],
				null
			],
			[
				4174382,
				"_C_ComparisonsOf2Variables_0101 (Child): InputArray snapshot 0",
				[
					{
						"x": {
							"arr": [
								1,
								2
							]
						},
						"y": 5
					}
				],
				null
			],
			[
				4174384,
				"_C_ComparisonsOf2Variables_0101 (Child): InputArray snapshot 1",
				[
					{
						"x": {
							"arr": [
								1,
								3
							]
						}
					}
				],
				null
			],
			[
				4174385,
				"_C_ComparisonsOf2Variables_0101 (Child): InputArray snapshot 2",
				[
					27
				],
				null
			],
			[
				4174386,
				"_C_ComparisonsOf2Variables_0101 (Child): InputArray snapshot 3",
				[
					{
						"x": {
							"Child": {
								"arr": {
									"Values": [
										[
											1,
											2
										],
										[
											1,
											3
										]
									],
									"result": "-KM"
								}
							},
							"Values": [
								{
									"arr": [
										1,
										2
									]
								},
								{
									"arr": [
										1,
										3
									]
								}
							],
							"result": "-KM"
						},
						"y": {
							"Values": [
								5
							],
							"result": ">"
						}
					}
				],
				null
			],
			[
				4174388,
				"_C_ComparisonsOf2Variables_0101 (Child): InputArray snapshot 4",
				[
					[]
				],
				null
			],
			[
				4174389,
				"_C_ComparisonsOf2Variables_0101 (Child): InputArray snapshot 5",
				[
					"x"
				],
				null
			],
			[
				4174401,
				"Class_Help.FunctionCall: Node(Class_ArrayAndOrDictionary)::_PAW_CO2V",
				[
					{
						"x": {
							"arr": [
								1,
								2
							]
						},
						"y": 5
					},
					{
						"x": {
							"arr": [
								1,
								2
							]
						},
						"y": 5
					},
					"Child"
				],
				null
			],
			[
				4174404,
				"_PAW_CO2V: elPA == Child -> skip this level",
				[
					"Child"
				],
				"flagPassageAlongWay=false"
			],
			[
				4178121,
				"PassageAlongWay: Not flagPassageAlongWay, staying at current level",
				[
					"Child"
				],
				null
			],
			[
				4178132,
				"Class_Help.FunctionCall: Node(Class_ArrayAndOrDictionary)::_PAW_CO2V",
				[
					{
						"x": {
							"arr": [
								1,
								2
							]
						},
						"y": 5
					},
					{
						"x": {
							"arr": [
								1,
								2
							]
						},
						"y": 5
					},
					"x"
				],
				null
			],
			[
				4178138,
				"PassageAlongWay: Good flagPassageAlongWay, stepping into",
				[
					"x"
				],
				null
			],
			[
				4178148,
				"Class_Help.FunctionCall: Node(Class_ArrayAndOrDictionary)::_PAW_CO2V",
				[
					{
						"x": {
							"arr": [
								1,
								3
							]
						}
					},
					{
						"x": {
							"arr": [
								1,
								3
							]
						}
					},
					"Child"
				],
				null
			],
			[
				4178150,
				"_PAW_CO2V: elPA == Child -> skip this level",
				[
					"Child"
				],
				"flagPassageAlongWay=false"
			],
			[
				4178153,
				"PassageAlongWay: Not flagPassageAlongWay, staying at current level",
				[
					"Child"
				],
				null
			],
			[
				4178159,
				"Class_Help.FunctionCall: Node(Class_ArrayAndOrDictionary)::_PAW_CO2V",
				[
					{
						"x": {
							"arr": [
								1,
								3
							]
						}
					},
					{
						"x": {
							"arr": [
								1,
								3
							]
						}
					},
					"x"
				],
				null
			],
			[
				4178162,
				"PassageAlongWay: Good flagPassageAlongWay, stepping into",
				[
					"x"
				],
				null
			],
			[
				4178164,
				"_C_ComparisonsOf2Variables_0101: Child branch entered",
				[
					[
						"Child",
						"x"
					]
				],
				null
			],
			[
				4178166,
				"_C_ComparisonsOf2Variables_0101: both Dictionary, not equal -> Deeper",
				[],
				null
			],
			[
				4181962,
				"UniversalBypass: Deeper, recursing",
				[
					"x",
					2
				],
				null
			],
			[
				4181968,
				"UniversalBypass: visiting key",
				[
					"result",
					[
						"Child",
						"x",
						"result"
					]
				],
				null
			],
			[
				4181976,
				"Class_Help.FunctionCall: Node(Class_ArrayAndOrDictionary)::_C_ComparisonsOf2Variables_0101",
				[
					{
						"x": {
							"arr": [
								1,
								2
							]
						},
						"y": 5
					},
					{
						"x": {
							"arr": [
								1,
								3
							]
						}
					},
					27,
					{
						"Child": {
							"arr": {
								"Values": [
									[
										1,
										2
									],
									[
										1,
										3
									]
								],
								"result": "-KM"
							}
						},
						"Values": [
							{
								"arr": [
									1,
									2
								]
							},
							{
								"arr": [
									1,
									3
								]
							}
						],
						"result": "-KM"
					},
					[],
					"result"
				],
				null
			],
			[
				4181979,
				"_C_ComparisonsOf2Variables_0101 (Child): InputArray snapshot 0",
				[
					{
						"x": {
							"arr": [
								1,
								2
							]
						},
						"y": 5
					}
				],
				null
			],
			[
				4181980,
				"_C_ComparisonsOf2Variables_0101 (Child): InputArray snapshot 1",
				[
					{
						"x": {
							"arr": [
								1,
								3
							]
						}
					}
				],
				null
			],
			[
				4181982,
				"_C_ComparisonsOf2Variables_0101 (Child): InputArray snapshot 2",
				[
					27
				],
				null
			],
			[
				4181983,
				"_C_ComparisonsOf2Variables_0101 (Child): InputArray snapshot 3",
				[
					{
						"Child": {
							"arr": {
								"Values": [
									[
										1,
										2
									],
									[
										1,
										3
									]
								],
								"result": "-KM"
							}
						},
						"Values": [
							{
								"arr": [
									1,
									2
								]
							},
							{
								"arr": [
									1,
									3
								]
							}
						],
						"result": "-KM"
					}
				],
				null
			],
			[
				4181984,
				"_C_ComparisonsOf2Variables_0101 (Child): InputArray snapshot 4",
				[
					[]
				],
				null
			],
			[
				4181986,
				"_C_ComparisonsOf2Variables_0101 (Child): InputArray snapshot 5",
				[
					"result"
				],
				null
			],
			[
				4181987,
				"_C_ComparisonsOf2Variables_0101: key == \"result\"/\"Values\" -> skip, Further",
				[
					"result"
				],
				null
			],
			[
				4185986,
				"UniversalBypass: visiting key",
				[
					"Values",
					[
						"Child",
						"x",
						"Values"
					]
				],
				null
			],
			[
				4185997,
				"Class_Help.FunctionCall: Node(Class_ArrayAndOrDictionary)::_C_ComparisonsOf2Variables_0101",
				[
					{
						"x": {
							"arr": [
								1,
								2
							]
						},
						"y": 5
					},
					{
						"x": {
							"arr": [
								1,
								3
							]
						}
					},
					27,
					{
						"Child": {
							"arr": {
								"Values": [
									[
										1,
										2
									],
									[
										1,
										3
									]
								],
								"result": "-KM"
							}
						},
						"Values": [
							{
								"arr": [
									1,
									2
								]
							},
							{
								"arr": [
									1,
									3
								]
							}
						],
						"result": "-KM"
					},
					[],
					"Values"
				],
				null
			],
			[
				4186000,
				"_C_ComparisonsOf2Variables_0101 (Child): InputArray snapshot 0",
				[
					{
						"x": {
							"arr": [
								1,
								2
							]
						},
						"y": 5
					}
				],
				null
			],
			[
				4186002,
				"_C_ComparisonsOf2Variables_0101 (Child): InputArray snapshot 1",
				[
					{
						"x": {
							"arr": [
								1,
								3
							]
						}
					}
				],
				null
			],
			[
				4186004,
				"_C_ComparisonsOf2Variables_0101 (Child): InputArray snapshot 2",
				[
					27
				],
				null
			],
			[
				4186006,
				"_C_ComparisonsOf2Variables_0101 (Child): InputArray snapshot 3",
				[
					{
						"Child": {
							"arr": {
								"Values": [
									[
										1,
										2
									],
									[
										1,
										3
									]
								],
								"result": "-KM"
							}
						},
						"Values": [
							{
								"arr": [
									1,
									2
								]
							},
							{
								"arr": [
									1,
									3
								]
							}
						],
						"result": "-KM"
					}
				],
				null
			],
			[
				4186008,
				"_C_ComparisonsOf2Variables_0101 (Child): InputArray snapshot 4",
				[
					[]
				],
				null
			],
			[
				4186009,
				"_C_ComparisonsOf2Variables_0101 (Child): InputArray snapshot 5",
				[
					"Values"
				],
				null
			],
			[
				4186011,
				"_C_ComparisonsOf2Variables_0101: key == \"result\"/\"Values\" -> skip, Further",
				[
					"Values"
				],
				null
			],
			[
				4186015,
				"UniversalBypass: visiting key",
				[
					"Child",
					[
						"Child",
						"x",
						"Child"
					]
				],
				null
			],
			[
				4190282,
				"Class_Help.FunctionCall: Node(Class_ArrayAndOrDictionary)::_C_ComparisonsOf2Variables_0101",
				[
					{
						"x": {
							"arr": [
								1,
								2
							]
						},
						"y": 5
					},
					{
						"x": {
							"arr": [
								1,
								3
							]
						}
					},
					27,
					{
						"Child": {
							"arr": {
								"Values": [
									[
										1,
										2
									],
									[
										1,
										3
									]
								],
								"result": "-KM"
							}
						},
						"Values": [
							{
								"arr": [
									1,
									2
								]
							},
							{
								"arr": [
									1,
									3
								]
							}
						],
						"result": "-KM"
					},
					[],
					"Child"
				],
				null
			],
			[
				4190285,
				"_C_ComparisonsOf2Variables_0101 (Child): InputArray snapshot 0",
				[
					{
						"x": {
							"arr": [
								1,
								2
							]
						},
						"y": 5
					}
				],
				null
			],
			[
				4190287,
				"_C_ComparisonsOf2Variables_0101 (Child): InputArray snapshot 1",
				[
					{
						"x": {
							"arr": [
								1,
								3
							]
						}
					}
				],
				null
			],
			[
				4190288,
				"_C_ComparisonsOf2Variables_0101 (Child): InputArray snapshot 2",
				[
					27
				],
				null
			],
			[
				4190290,
				"_C_ComparisonsOf2Variables_0101 (Child): InputArray snapshot 3",
				[
					{
						"Child": {
							"arr": {
								"Values": [
									[
										1,
										2
									],
									[
										1,
										3
									]
								],
								"result": "-KM"
							}
						},
						"Values": [
							{
								"arr": [
									1,
									2
								]
							},
							{
								"arr": [
									1,
									3
								]
							}
						],
						"result": "-KM"
					}
				],
				null
			],
			[
				4190291,
				"_C_ComparisonsOf2Variables_0101 (Child): InputArray snapshot 4",
				[
					[]
				],
				null
			],
			[
				4190292,
				"_C_ComparisonsOf2Variables_0101 (Child): InputArray snapshot 5",
				[
					"Child"
				],
				null
			],
			[
				4190294,
				"_C_ComparisonsOf2Variables_0101: key == \"Child\" -> just Deeper, no recompute",
				[],
				null
			],
			[
				4190298,
				"UniversalBypass: Deeper, recursing",
				[
					"Child",
					3
				],
				null
			],
			[
				4190303,
				"UniversalBypass: visiting key",
				[
					"arr",
					[
						"Child",
						"x",
						"Child",
						"arr"
					]
				],
				null
			],
			[
				4194201,
				"Class_Help.FunctionCall: Node(Class_ArrayAndOrDictionary)::_C_ComparisonsOf2Variables_0101",
				[
					{
						"x": {
							"arr": [
								1,
								2
							]
						},
						"y": 5
					},
					{
						"x": {
							"arr": [
								1,
								3
							]
						}
					},
					27,
					{
						"arr": {
							"Values": [
								[
									1,
									2
								],
								[
									1,
									3
								]
							],
							"result": "-KM"
						}
					},
					[],
					"arr"
				],
				null
			],
			[
				4194204,
				"_C_ComparisonsOf2Variables_0101 (Child): InputArray snapshot 0",
				[
					{
						"x": {
							"arr": [
								1,
								2
							]
						},
						"y": 5
					}
				],
				null
			],
			[
				4194205,
				"_C_ComparisonsOf2Variables_0101 (Child): InputArray snapshot 1",
				[
					{
						"x": {
							"arr": [
								1,
								3
							]
						}
					}
				],
				null
			],
			[
				4194207,
				"_C_ComparisonsOf2Variables_0101 (Child): InputArray snapshot 2",
				[
					27
				],
				null
			],
			[
				4194209,
				"_C_ComparisonsOf2Variables_0101 (Child): InputArray snapshot 3",
				[
					{
						"arr": {
							"Values": [
								[
									1,
									2
								],
								[
									1,
									3
								]
							],
							"result": "-KM"
						}
					}
				],
				null
			],
			[
				4194210,
				"_C_ComparisonsOf2Variables_0101 (Child): InputArray snapshot 4",
				[
					[]
				],
				null
			],
			[
				4194211,
				"_C_ComparisonsOf2Variables_0101 (Child): InputArray snapshot 5",
				[
					"arr"
				],
				null
			],
			[
				4194223,
				"Class_Help.FunctionCall: Node(Class_ArrayAndOrDictionary)::_PAW_CO2V",
				[
					{
						"x": {
							"arr": [
								1,
								2
							]
						},
						"y": 5
					},
					{
						"x": {
							"arr": [
								1,
								2
							]
						},
						"y": 5
					},
					"Child"
				],
				null
			],
			[
				4194226,
				"_PAW_CO2V: elPA == Child -> skip this level",
				[
					"Child"
				],
				"flagPassageAlongWay=false"
			],
			[
				4194230,
				"PassageAlongWay: Not flagPassageAlongWay, staying at current level",
				[
					"Child"
				],
				null
			],
			[
				4198394,
				"Class_Help.FunctionCall: Node(Class_ArrayAndOrDictionary)::_PAW_CO2V",
				[
					{
						"x": {
							"arr": [
								1,
								2
							]
						},
						"y": 5
					},
					{
						"x": {
							"arr": [
								1,
								2
							]
						},
						"y": 5
					},
					"x"
				],
				null
			],
			[
				4198402,
				"PassageAlongWay: Good flagPassageAlongWay, stepping into",
				[
					"x"
				],
				null
			],
			[
				4198408,
				"Class_Help.FunctionCall: Node(Class_ArrayAndOrDictionary)::_PAW_CO2V",
				[
					{
						"arr": [
							1,
							2
						]
					},
					{
						"x": {
							"arr": [
								1,
								2
							]
						},
						"y": 5
					},
					"Child"
				],
				null
			],
			[
				4198410,
				"_PAW_CO2V: elPA == Child -> skip this level",
				[
					"Child"
				],
				"flagPassageAlongWay=false"
			],
			[
				4198413,
				"PassageAlongWay: Not flagPassageAlongWay, staying at current level",
				[
					"Child"
				],
				null
			],
			[
				4198419,
				"Class_Help.FunctionCall: Node(Class_ArrayAndOrDictionary)::_PAW_CO2V",
				[
					{
						"arr": [
							1,
							2
						]
					},
					{
						"x": {
							"arr": [
								1,
								2
							]
						},
						"y": 5
					},
					"arr"
				],
				null
			],
			[
				4198422,
				"PassageAlongWay: Good flagPassageAlongWay, stepping into",
				[
					"arr"
				],
				null
			],
			[
				4198432,
				"Class_Help.FunctionCall: Node(Class_ArrayAndOrDictionary)::_PAW_CO2V",
				[
					{
						"x": {
							"arr": [
								1,
								3
							]
						}
					},
					{
						"x": {
							"arr": [
								1,
								3
							]
						}
					},
					"Child"
				],
				null
			],
			[
				4198433,
				"_PAW_CO2V: elPA == Child -> skip this level",
				[
					"Child"
				],
				"flagPassageAlongWay=false"
			],
			[
				4198437,
				"PassageAlongWay: Not flagPassageAlongWay, staying at current level",
				[
					"Child"
				],
				null
			],
			[
				4202832,
				"Class_Help.FunctionCall: Node(Class_ArrayAndOrDictionary)::_PAW_CO2V",
				[
					{
						"x": {
							"arr": [
								1,
								3
							]
						}
					},
					{
						"x": {
							"arr": [
								1,
								3
							]
						}
					},
					"x"
				],
				null
			],
			[
				4202841,
				"PassageAlongWay: Good flagPassageAlongWay, stepping into",
				[
					"x"
				],
				null
			],
			[
				4202849,
				"Class_Help.FunctionCall: Node(Class_ArrayAndOrDictionary)::_PAW_CO2V",
				[
					{
						"arr": [
							1,
							3
						]
					},
					{
						"x": {
							"arr": [
								1,
								3
							]
						}
					},
					"Child"
				],
				null
			],
			[
				4202851,
				"_PAW_CO2V: elPA == Child -> skip this level",
				[
					"Child"
				],
				"flagPassageAlongWay=false"
			],
			[
				4202855,
				"PassageAlongWay: Not flagPassageAlongWay, staying at current level",
				[
					"Child"
				],
				null
			],
			[
				4202882,
				"Class_Help.FunctionCall: Node(Class_ArrayAndOrDictionary)::_PAW_CO2V",
				[
					{
						"arr": [
							1,
							3
						]
					},
					{
						"x": {
							"arr": [
								1,
								3
							]
						}
					},
					"arr"
				],
				null
			],
			[
				4202886,
				"PassageAlongWay: Good flagPassageAlongWay, stepping into",
				[
					"arr"
				],
				null
			],
			[
				4202889,
				"_C_ComparisonsOf2Variables_0101: Child branch entered",
				[
					[
						"Child",
						"x",
						"Child",
						"arr"
					]
				],
				null
			],
			[
				4202893,
				"_C_ComparisonsOf2Variables_0101: same type, not equal, not Dictionary -> -KM -> Further",
				[],
				null
			],
			[
				4202902,
				"UniversalBypass: visiting key",
				[
					"y",
					[
						"Child",
						"y"
					]
				],
				null
			],
			[
				4207308,
				"Class_Help.FunctionCall: Node(Class_ArrayAndOrDictionary)::_C_ComparisonsOf2Variables_0101",
				[
					{
						"x": {
							"arr": [
								1,
								2
							]
						},
						"y": 5
					},
					{
						"x": {
							"arr": [
								1,
								3
							]
						}
					},
					27,
					{
						"x": {
							"Child": {
								"arr": {
									"Values": [
										[
											1,
											2
										],
										[
											1,
											3
										]
									],
									"result": "-KM"
								}
							},
							"Values": [
								{
									"arr": [
										1,
										2
									]
								},
								{
									"arr": [
										1,
										3
									]
								}
							],
							"result": "-KM"
						},
						"y": {
							"Values": [
								5
							],
							"result": ">"
						}
					},
					[],
					"y"
				],
				null
			],
			[
				4207311,
				"_C_ComparisonsOf2Variables_0101 (Child): InputArray snapshot 0",
				[
					{
						"x": {
							"arr": [
								1,
								2
							]
						},
						"y": 5
					}
				],
				null
			],
			[
				4207313,
				"_C_ComparisonsOf2Variables_0101 (Child): InputArray snapshot 1",
				[
					{
						"x": {
							"arr": [
								1,
								3
							]
						}
					}
				],
				null
			],
			[
				4207314,
				"_C_ComparisonsOf2Variables_0101 (Child): InputArray snapshot 2",
				[
					27
				],
				null
			],
			[
				4207316,
				"_C_ComparisonsOf2Variables_0101 (Child): InputArray snapshot 3",
				[
					{
						"x": {
							"Child": {
								"arr": {
									"Values": [
										[
											1,
											2
										],
										[
											1,
											3
										]
									],
									"result": "-KM"
								}
							},
							"Values": [
								{
									"arr": [
										1,
										2
									]
								},
								{
									"arr": [
										1,
										3
									]
								}
							],
							"result": "-KM"
						},
						"y": {
							"Values": [
								5
							],
							"result": ">"
						}
					}
				],
				null
			],
			[
				4207317,
				"_C_ComparisonsOf2Variables_0101 (Child): InputArray snapshot 4",
				[
					[]
				],
				null
			],
			[
				4207319,
				"_C_ComparisonsOf2Variables_0101 (Child): InputArray snapshot 5",
				[
					"y"
				],
				null
			],
			[
				4207321,
				"_C_ComparisonsOf2Variables_0101: already resolved (>/< с первого прохода) -> skip, Further",
				[
					"y"
				],
				null
			],
			[
				4207341,
				"_CP_CO2V: recomputing aggregated result from children",
				[
					{
						"+": 0,
						"-": 1,
						"<": 0,
						">": 0,
						"~": 0,
						"~-": 0,
						"~<": 0,
						"~<-": 0,
						"~>": 0,
						"~>-": 0
					}
				],
				null
			],
			[
				4207346,
				"_CP_CO2V: result recomputed",
				[],
				"-KM"
			],
			[
				4211606,
				"_CP_CO2V: recomputing aggregated result from children",
				[
					{
						"+": 0,
						"-": 1,
						"<": 0,
						">": 1,
						"~": 0,
						"~-": 0,
						"~<": 0,
						"~<-": 0,
						"~>": 0,
						"~>-": 0
					}
				],
				null
			],
			[
				4211610,
				"_CP_CO2V: result recomputed",
				[],
				"-KM"
			],
			[
				4211617,
				"Stream finished: Test:array_and_dict_mix",
				[],
				null
			]
		],
		"14": [
			[
				4224870,
				"Stream created: Diagnostic:manual_case",
				[],
				null
			],
			[
				4237128,
				"fC_ComparisonsOf2Variables_0101: types match",
				[
					{
						"x1": {
							"y1": 1,
							"y2": [
								1,
								2,
								3
							]
						},
						"x2": [
							{
								"y1": 5
							},
							{
								"y1": 6
							}
						],
						"x3": 7
					},
					{
						"x1": {
							"y1": 1,
							"y2": [
								1,
								2,
								4
							]
						},
						"x2": [
							{
								"y1": 5
							},
							{
								"y1": 9
							}
						],
						"x3": 8
					}
				],
				null
			],
			[
				4237136,
				"fC_ComparisonsOf2Variables_0101: both Dictionary, not equal -> diff by key",
				[
					[
						"x1",
						"x2",
						"x3"
					],
					[
						"x1",
						"x2",
						"x3"
					]
				],
				null
			],
			[
				4237153,
				"UniversalBypass: visiting key",
				[
					"result",
					[
						"result"
					]
				],
				null
			],
			[
				4237168,
				"Class_Help.FunctionCall: Node(Class_ArrayAndOrDictionary)::_C_ComparisonsOf2Variables_0101",
				[
					{
						"x1": {
							"y1": 1,
							"y2": [
								1,
								2,
								3
							]
						},
						"x2": [
							{
								"y1": 5
							},
							{
								"y1": 6
							}
						],
						"x3": 7
					},
					{
						"x1": {
							"y1": 1,
							"y2": [
								1,
								2,
								4
							]
						},
						"x2": [
							{
								"y1": 5
							},
							{
								"y1": 9
							}
						],
						"x3": 8
					},
					27,
					{
						"Child": {
							"x1": {
								"Child": {
									"y1": {
										"Values": [
											1,
											1
										],
										"result": "+KM"
									},
									"y2": {
										"Values": [
											[
												1,
												2,
												3
											],
											[
												1,
												2,
												4
											]
										],
										"result": "-KM"
									}
								},
								"Values": [
									{
										"y1": 1,
										"y2": [
											1,
											2,
											3
										]
									},
									{
										"y1": 1,
										"y2": [
											1,
											2,
											4
										]
									}
								],
								"result": "~-KM"
							},
							"x2": {
								"Values": [
									[
										{
											"y1": 5
										},
										{
											"y1": 6
										}
									],
									[
										{
											"y1": 5
										},
										{
											"y1": 9
										}
									]
								],
								"result": "-KM"
							},
							"x3": {
								"Values": [
									7,
									8
								],
								"result": "-KM"
							}
						},
						"Values": [
							{
								"x1": {
									"y1": 1,
									"y2": [
										1,
										2,
										3
									]
								},
								"x2": [
									{
										"y1": 5
									},
									{
										"y1": 6
									}
								],
								"x3": 7
							},
							{
								"x1": {
									"y1": 1,
									"y2": [
										1,
										2,
										4
									]
								},
								"x2": [
									{
										"y1": 5
									},
									{
										"y1": 9
									}
								],
								"x3": 8
							}
						],
						"result": "~KM"
					},
					[],
					"result"
				],
				null
			],
			[
				4237171,
				"_C_ComparisonsOf2Variables_0101 (Child): InputArray snapshot 0",
				[
					{
						"x1": {
							"y1": 1,
							"y2": [
								1,
								2,
								3
							]
						},
						"x2": [
							{
								"y1": 5
							},
							{
								"y1": 6
							}
						],
						"x3": 7
					}
				],
				null
			],
			[
				4237173,
				"_C_ComparisonsOf2Variables_0101 (Child): InputArray snapshot 1",
				[
					{
						"x1": {
							"y1": 1,
							"y2": [
								1,
								2,
								4
							]
						},
						"x2": [
							{
								"y1": 5
							},
							{
								"y1": 9
							}
						],
						"x3": 8
					}
				],
				null
			],
			[
				4237174,
				"_C_ComparisonsOf2Variables_0101 (Child): InputArray snapshot 2",
				[
					27
				],
				null
			],
			[
				4237176,
				"_C_ComparisonsOf2Variables_0101 (Child): InputArray snapshot 3",
				[
					{
						"Child": {
							"x1": {
								"Child": {
									"y1": {
										"Values": [
											1,
											1
										],
										"result": "+KM"
									},
									"y2": {
										"Values": [
											[
												1,
												2,
												3
											],
											[
												1,
												2,
												4
											]
										],
										"result": "-KM"
									}
								},
								"Values": [
									{
										"y1": 1,
										"y2": [
											1,
											2,
											3
										]
									},
									{
										"y1": 1,
										"y2": [
											1,
											2,
											4
										]
									}
								],
								"result": "~-KM"
							},
							"x2": {
								"Values": [
									[
										{
											"y1": 5
										},
										{
											"y1": 6
										}
									],
									[
										{
											"y1": 5
										},
										{
											"y1": 9
										}
									]
								],
								"result": "-KM"
							},
							"x3": {
								"Values": [
									7,
									8
								],
								"result": "-KM"
							}
						},
						"Values": [
							{
								"x1": {
									"y1": 1,
									"y2": [
										1,
										2,
										3
									]
								},
								"x2": [
									{
										"y1": 5
									},
									{
										"y1": 6
									}
								],
								"x3": 7
							},
							{
								"x1": {
									"y1": 1,
									"y2": [
										1,
										2,
										4
									]
								},
								"x2": [
									{
										"y1": 5
									},
									{
										"y1": 9
									}
								],
								"x3": 8
							}
						],
						"result": "~KM"
					}
				],
				null
			],
			[
				4237177,
				"_C_ComparisonsOf2Variables_0101 (Child): InputArray snapshot 4",
				[
					[]
				],
				null
			],
			[
				4237179,
				"_C_ComparisonsOf2Variables_0101 (Child): InputArray snapshot 5",
				[
					"result"
				],
				null
			],
			[
				4241942,
				"_C_ComparisonsOf2Variables_0101: key == \"result\"/\"Values\" -> skip, Further",
				[
					"result"
				],
				null
			],
			[
				4241961,
				"UniversalBypass: visiting key",
				[
					"Values",
					[
						"Values"
					]
				],
				null
			],
			[
				4241983,
				"Class_Help.FunctionCall: Node(Class_ArrayAndOrDictionary)::_C_ComparisonsOf2Variables_0101",
				[
					{
						"x1": {
							"y1": 1,
							"y2": [
								1,
								2,
								3
							]
						},
						"x2": [
							{
								"y1": 5
							},
							{
								"y1": 6
							}
						],
						"x3": 7
					},
					{
						"x1": {
							"y1": 1,
							"y2": [
								1,
								2,
								4
							]
						},
						"x2": [
							{
								"y1": 5
							},
							{
								"y1": 9
							}
						],
						"x3": 8
					},
					27,
					{
						"Child": {
							"x1": {
								"Child": {
									"y1": {
										"Values": [
											1,
											1
										],
										"result": "+KM"
									},
									"y2": {
										"Values": [
											[
												1,
												2,
												3
											],
											[
												1,
												2,
												4
											]
										],
										"result": "-KM"
									}
								},
								"Values": [
									{
										"y1": 1,
										"y2": [
											1,
											2,
											3
										]
									},
									{
										"y1": 1,
										"y2": [
											1,
											2,
											4
										]
									}
								],
								"result": "~-KM"
							},
							"x2": {
								"Values": [
									[
										{
											"y1": 5
										},
										{
											"y1": 6
										}
									],
									[
										{
											"y1": 5
										},
										{
											"y1": 9
										}
									]
								],
								"result": "-KM"
							},
							"x3": {
								"Values": [
									7,
									8
								],
								"result": "-KM"
							}
						},
						"Values": [
							{
								"x1": {
									"y1": 1,
									"y2": [
										1,
										2,
										3
									]
								},
								"x2": [
									{
										"y1": 5
									},
									{
										"y1": 6
									}
								],
								"x3": 7
							},
							{
								"x1": {
									"y1": 1,
									"y2": [
										1,
										2,
										4
									]
								},
								"x2": [
									{
										"y1": 5
									},
									{
										"y1": 9
									}
								],
								"x3": 8
							}
						],
						"result": "~KM"
					},
					[],
					"Values"
				],
				null
			],
			[
				4241986,
				"_C_ComparisonsOf2Variables_0101 (Child): InputArray snapshot 0",
				[
					{
						"x1": {
							"y1": 1,
							"y2": [
								1,
								2,
								3
							]
						},
						"x2": [
							{
								"y1": 5
							},
							{
								"y1": 6
							}
						],
						"x3": 7
					}
				],
				null
			],
			[
				4241988,
				"_C_ComparisonsOf2Variables_0101 (Child): InputArray snapshot 1",
				[
					{
						"x1": {
							"y1": 1,
							"y2": [
								1,
								2,
								4
							]
						},
						"x2": [
							{
								"y1": 5
							},
							{
								"y1": 9
							}
						],
						"x3": 8
					}
				],
				null
			],
			[
				4241989,
				"_C_ComparisonsOf2Variables_0101 (Child): InputArray snapshot 2",
				[
					27
				],
				null
			],
			[
				4242003,
				"_C_ComparisonsOf2Variables_0101 (Child): InputArray snapshot 3",
				[
					{
						"Child": {
							"x1": {
								"Child": {
									"y1": {
										"Values": [
											1,
											1
										],
										"result": "+KM"
									},
									"y2": {
										"Values": [
											[
												1,
												2,
												3
											],
											[
												1,
												2,
												4
											]
										],
										"result": "-KM"
									}
								},
								"Values": [
									{
										"y1": 1,
										"y2": [
											1,
											2,
											3
										]
									},
									{
										"y1": 1,
										"y2": [
											1,
											2,
											4
										]
									}
								],
								"result": "~-KM"
							},
							"x2": {
								"Values": [
									[
										{
											"y1": 5
										},
										{
											"y1": 6
										}
									],
									[
										{
											"y1": 5
										},
										{
											"y1": 9
										}
									]
								],
								"result": "-KM"
							},
							"x3": {
								"Values": [
									7,
									8
								],
								"result": "-KM"
							}
						},
						"Values": [
							{
								"x1": {
									"y1": 1,
									"y2": [
										1,
										2,
										3
									]
								},
								"x2": [
									{
										"y1": 5
									},
									{
										"y1": 6
									}
								],
								"x3": 7
							},
							{
								"x1": {
									"y1": 1,
									"y2": [
										1,
										2,
										4
									]
								},
								"x2": [
									{
										"y1": 5
									},
									{
										"y1": 9
									}
								],
								"x3": 8
							}
						],
						"result": "~KM"
					}
				],
				null
			],
			[
				4242005,
				"_C_ComparisonsOf2Variables_0101 (Child): InputArray snapshot 4",
				[
					[]
				],
				null
			],
			[
				4242007,
				"_C_ComparisonsOf2Variables_0101 (Child): InputArray snapshot 5",
				[
					"Values"
				],
				null
			],
			[
				4242009,
				"_C_ComparisonsOf2Variables_0101: key == \"result\"/\"Values\" -> skip, Further",
				[
					"Values"
				],
				null
			],
			[
				4255061,
				"UniversalBypass: visiting key",
				[
					"Child",
					[
						"Child"
					]
				],
				null
			],
			[
				4255077,
				"Class_Help.FunctionCall: Node(Class_ArrayAndOrDictionary)::_C_ComparisonsOf2Variables_0101",
				[
					{
						"x1": {
							"y1": 1,
							"y2": [
								1,
								2,
								3
							]
						},
						"x2": [
							{
								"y1": 5
							},
							{
								"y1": 6
							}
						],
						"x3": 7
					},
					{
						"x1": {
							"y1": 1,
							"y2": [
								1,
								2,
								4
							]
						},
						"x2": [
							{
								"y1": 5
							},
							{
								"y1": 9
							}
						],
						"x3": 8
					},
					27,
					{
						"Child": {
							"x1": {
								"Child": {
									"y1": {
										"Values": [
											1,
											1
										],
										"result": "+KM"
									},
									"y2": {
										"Values": [
											[
												1,
												2,
												3
											],
											[
												1,
												2,
												4
											]
										],
										"result": "-KM"
									}
								},
								"Values": [
									{
										"y1": 1,
										"y2": [
											1,
											2,
											3
										]
									},
									{
										"y1": 1,
										"y2": [
											1,
											2,
											4
										]
									}
								],
								"result": "~-KM"
							},
							"x2": {
								"Values": [
									[
										{
											"y1": 5
										},
										{
											"y1": 6
										}
									],
									[
										{
											"y1": 5
										},
										{
											"y1": 9
										}
									]
								],
								"result": "-KM"
							},
							"x3": {
								"Values": [
									7,
									8
								],
								"result": "-KM"
							}
						},
						"Values": [
							{
								"x1": {
									"y1": 1,
									"y2": [
										1,
										2,
										3
									]
								},
								"x2": [
									{
										"y1": 5
									},
									{
										"y1": 6
									}
								],
								"x3": 7
							},
							{
								"x1": {
									"y1": 1,
									"y2": [
										1,
										2,
										4
									]
								},
								"x2": [
									{
										"y1": 5
									},
									{
										"y1": 9
									}
								],
								"x3": 8
							}
						],
						"result": "~KM"
					},
					[],
					"Child"
				],
				null
			],
			[
				4255081,
				"_C_ComparisonsOf2Variables_0101 (Child): InputArray snapshot 0",
				[
					{
						"x1": {
							"y1": 1,
							"y2": [
								1,
								2,
								3
							]
						},
						"x2": [
							{
								"y1": 5
							},
							{
								"y1": 6
							}
						],
						"x3": 7
					}
				],
				null
			],
			[
				4255082,
				"_C_ComparisonsOf2Variables_0101 (Child): InputArray snapshot 1",
				[
					{
						"x1": {
							"y1": 1,
							"y2": [
								1,
								2,
								4
							]
						},
						"x2": [
							{
								"y1": 5
							},
							{
								"y1": 9
							}
						],
						"x3": 8
					}
				],
				null
			],
			[
				4255084,
				"_C_ComparisonsOf2Variables_0101 (Child): InputArray snapshot 2",
				[
					27
				],
				null
			],
			[
				4255085,
				"_C_ComparisonsOf2Variables_0101 (Child): InputArray snapshot 3",
				[
					{
						"Child": {
							"x1": {
								"Child": {
									"y1": {
										"Values": [
											1,
											1
										],
										"result": "+KM"
									},
									"y2": {
										"Values": [
											[
												1,
												2,
												3
											],
											[
												1,
												2,
												4
											]
										],
										"result": "-KM"
									}
								},
								"Values": [
									{
										"y1": 1,
										"y2": [
											1,
											2,
											3
										]
									},
									{
										"y1": 1,
										"y2": [
											1,
											2,
											4
										]
									}
								],
								"result": "~-KM"
							},
							"x2": {
								"Values": [
									[
										{
											"y1": 5
										},
										{
											"y1": 6
										}
									],
									[
										{
											"y1": 5
										},
										{
											"y1": 9
										}
									]
								],
								"result": "-KM"
							},
							"x3": {
								"Values": [
									7,
									8
								],
								"result": "-KM"
							}
						},
						"Values": [
							{
								"x1": {
									"y1": 1,
									"y2": [
										1,
										2,
										3
									]
								},
								"x2": [
									{
										"y1": 5
									},
									{
										"y1": 6
									}
								],
								"x3": 7
							},
							{
								"x1": {
									"y1": 1,
									"y2": [
										1,
										2,
										4
									]
								},
								"x2": [
									{
										"y1": 5
									},
									{
										"y1": 9
									}
								],
								"x3": 8
							}
						],
						"result": "~KM"
					}
				],
				null
			],
			[
				4255086,
				"_C_ComparisonsOf2Variables_0101 (Child): InputArray snapshot 4",
				[
					[]
				],
				null
			],
			[
				4255088,
				"_C_ComparisonsOf2Variables_0101 (Child): InputArray snapshot 5",
				[
					"Child"
				],
				null
			],
			[
				4255089,
				"_C_ComparisonsOf2Variables_0101: key == \"Child\" -> just Deeper, no recompute",
				[],
				null
			],
			[
				4255094,
				"UniversalBypass: Deeper, recursing",
				[
					"Child",
					1
				],
				null
			],
			[
				4259632,
				"UniversalBypass: visiting key",
				[
					"x1",
					[
						"Child",
						"x1"
					]
				],
				null
			],
			[
				4259642,
				"Class_Help.FunctionCall: Node(Class_ArrayAndOrDictionary)::_C_ComparisonsOf2Variables_0101",
				[
					{
						"x1": {
							"y1": 1,
							"y2": [
								1,
								2,
								3
							]
						},
						"x2": [
							{
								"y1": 5
							},
							{
								"y1": 6
							}
						],
						"x3": 7
					},
					{
						"x1": {
							"y1": 1,
							"y2": [
								1,
								2,
								4
							]
						},
						"x2": [
							{
								"y1": 5
							},
							{
								"y1": 9
							}
						],
						"x3": 8
					},
					27,
					{
						"x1": {
							"Child": {
								"y1": {
									"Values": [
										1,
										1
									],
									"result": "+KM"
								},
								"y2": {
									"Values": [
										[
											1,
											2,
											3
										],
										[
											1,
											2,
											4
										]
									],
									"result": "-KM"
								}
							},
							"Values": [
								{
									"y1": 1,
									"y2": [
										1,
										2,
										3
									]
								},
								{
									"y1": 1,
									"y2": [
										1,
										2,
										4
									]
								}
							],
							"result": "~-KM"
						},
						"x2": {
							"Values": [
								[
									{
										"y1": 5
									},
									{
										"y1": 6
									}
								],
								[
									{
										"y1": 5
									},
									{
										"y1": 9
									}
								]
							],
							"result": "-KM"
						},
						"x3": {
							"Values": [
								7,
								8
							],
							"result": "-KM"
						}
					},
					[],
					"x1"
				],
				null
			],
			[
				4259644,
				"_C_ComparisonsOf2Variables_0101 (Child): InputArray snapshot 0",
				[
					{
						"x1": {
							"y1": 1,
							"y2": [
								1,
								2,
								3
							]
						},
						"x2": [
							{
								"y1": 5
							},
							{
								"y1": 6
							}
						],
						"x3": 7
					}
				],
				null
			],
			[
				4259645,
				"_C_ComparisonsOf2Variables_0101 (Child): InputArray snapshot 1",
				[
					{
						"x1": {
							"y1": 1,
							"y2": [
								1,
								2,
								4
							]
						},
						"x2": [
							{
								"y1": 5
							},
							{
								"y1": 9
							}
						],
						"x3": 8
					}
				],
				null
			],
			[
				4259647,
				"_C_ComparisonsOf2Variables_0101 (Child): InputArray snapshot 2",
				[
					27
				],
				null
			],
			[
				4259648,
				"_C_ComparisonsOf2Variables_0101 (Child): InputArray snapshot 3",
				[
					{
						"x1": {
							"Child": {
								"y1": {
									"Values": [
										1,
										1
									],
									"result": "+KM"
								},
								"y2": {
									"Values": [
										[
											1,
											2,
											3
										],
										[
											1,
											2,
											4
										]
									],
									"result": "-KM"
								}
							},
							"Values": [
								{
									"y1": 1,
									"y2": [
										1,
										2,
										3
									]
								},
								{
									"y1": 1,
									"y2": [
										1,
										2,
										4
									]
								}
							],
							"result": "~-KM"
						},
						"x2": {
							"Values": [
								[
									{
										"y1": 5
									},
									{
										"y1": 6
									}
								],
								[
									{
										"y1": 5
									},
									{
										"y1": 9
									}
								]
							],
							"result": "-KM"
						},
						"x3": {
							"Values": [
								7,
								8
							],
							"result": "-KM"
						}
					}
				],
				null
			],
			[
				4259650,
				"_C_ComparisonsOf2Variables_0101 (Child): InputArray snapshot 4",
				[
					[]
				],
				null
			],
			[
				4259651,
				"_C_ComparisonsOf2Variables_0101 (Child): InputArray snapshot 5",
				[
					"x1"
				],
				null
			],
			[
				4259665,
				"Class_Help.FunctionCall: Node(Class_ArrayAndOrDictionary)::_PAW_CO2V",
				[
					{
						"x1": {
							"y1": 1,
							"y2": [
								1,
								2,
								3
							]
						},
						"x2": [
							{
								"y1": 5
							},
							{
								"y1": 6
							}
						],
						"x3": 7
					},
					{
						"x1": {
							"y1": 1,
							"y2": [
								1,
								2,
								3
							]
						},
						"x2": [
							{
								"y1": 5
							},
							{
								"y1": 6
							}
						],
						"x3": 7
					},
					"Child"
				],
				null
			],
			[
				4259668,
				"_PAW_CO2V: elPA == Child -> skip this level",
				[
					"Child"
				],
				"flagPassageAlongWay=false"
			],
			[
				4264117,
				"PassageAlongWay: Not flagPassageAlongWay, staying at current level",
				[
					"Child"
				],
				null
			],
			[
				4264127,
				"Class_Help.FunctionCall: Node(Class_ArrayAndOrDictionary)::_PAW_CO2V",
				[
					{
						"x1": {
							"y1": 1,
							"y2": [
								1,
								2,
								3
							]
						},
						"x2": [
							{
								"y1": 5
							},
							{
								"y1": 6
							}
						],
						"x3": 7
					},
					{
						"x1": {
							"y1": 1,
							"y2": [
								1,
								2,
								3
							]
						},
						"x2": [
							{
								"y1": 5
							},
							{
								"y1": 6
							}
						],
						"x3": 7
					},
					"x1"
				],
				null
			],
			[
				4264132,
				"PassageAlongWay: Good flagPassageAlongWay, stepping into",
				[
					"x1"
				],
				null
			],
			[
				4264144,
				"Class_Help.FunctionCall: Node(Class_ArrayAndOrDictionary)::_PAW_CO2V",
				[
					{
						"x1": {
							"y1": 1,
							"y2": [
								1,
								2,
								4
							]
						},
						"x2": [
							{
								"y1": 5
							},
							{
								"y1": 9
							}
						],
						"x3": 8
					},
					{
						"x1": {
							"y1": 1,
							"y2": [
								1,
								2,
								4
							]
						},
						"x2": [
							{
								"y1": 5
							},
							{
								"y1": 9
							}
						],
						"x3": 8
					},
					"Child"
				],
				null
			],
			[
				4264147,
				"_PAW_CO2V: elPA == Child -> skip this level",
				[
					"Child"
				],
				"flagPassageAlongWay=false"
			],
			[
				4264150,
				"PassageAlongWay: Not flagPassageAlongWay, staying at current level",
				[
					"Child"
				],
				null
			],
			[
				4264155,
				"Class_Help.FunctionCall: Node(Class_ArrayAndOrDictionary)::_PAW_CO2V",
				[
					{
						"x1": {
							"y1": 1,
							"y2": [
								1,
								2,
								4
							]
						},
						"x2": [
							{
								"y1": 5
							},
							{
								"y1": 9
							}
						],
						"x3": 8
					},
					{
						"x1": {
							"y1": 1,
							"y2": [
								1,
								2,
								4
							]
						},
						"x2": [
							{
								"y1": 5
							},
							{
								"y1": 9
							}
						],
						"x3": 8
					},
					"x1"
				],
				null
			],
			[
				4264158,
				"PassageAlongWay: Good flagPassageAlongWay, stepping into",
				[
					"x1"
				],
				null
			],
			[
				4264161,
				"_C_ComparisonsOf2Variables_0101: Child branch entered",
				[
					[
						"Child",
						"x1"
					]
				],
				null
			],
			[
				4264163,
				"_C_ComparisonsOf2Variables_0101: both Dictionary, not equal -> Deeper",
				[],
				null
			],
			[
				4268689,
				"UniversalBypass: Deeper, recursing",
				[
					"x1",
					2
				],
				null
			],
			[
				4268694,
				"UniversalBypass: visiting key",
				[
					"result",
					[
						"Child",
						"x1",
						"result"
					]
				],
				null
			],
			[
				4268701,
				"Class_Help.FunctionCall: Node(Class_ArrayAndOrDictionary)::_C_ComparisonsOf2Variables_0101",
				[
					{
						"x1": {
							"y1": 1,
							"y2": [
								1,
								2,
								3
							]
						},
						"x2": [
							{
								"y1": 5
							},
							{
								"y1": 6
							}
						],
						"x3": 7
					},
					{
						"x1": {
							"y1": 1,
							"y2": [
								1,
								2,
								4
							]
						},
						"x2": [
							{
								"y1": 5
							},
							{
								"y1": 9
							}
						],
						"x3": 8
					},
					27,
					{
						"Child": {
							"y1": {
								"Values": [
									1,
									1
								],
								"result": "+KM"
							},
							"y2": {
								"Values": [
									[
										1,
										2,
										3
									],
									[
										1,
										2,
										4
									]
								],
								"result": "-KM"
							}
						},
						"Values": [
							{
								"y1": 1,
								"y2": [
									1,
									2,
									3
								]
							},
							{
								"y1": 1,
								"y2": [
									1,
									2,
									4
								]
							}
						],
						"result": "~-KM"
					},
					[],
					"result"
				],
				null
			],
			[
				4268703,
				"_C_ComparisonsOf2Variables_0101 (Child): InputArray snapshot 0",
				[
					{
						"x1": {
							"y1": 1,
							"y2": [
								1,
								2,
								3
							]
						},
						"x2": [
							{
								"y1": 5
							},
							{
								"y1": 6
							}
						],
						"x3": 7
					}
				],
				null
			],
			[
				4268705,
				"_C_ComparisonsOf2Variables_0101 (Child): InputArray snapshot 1",
				[
					{
						"x1": {
							"y1": 1,
							"y2": [
								1,
								2,
								4
							]
						},
						"x2": [
							{
								"y1": 5
							},
							{
								"y1": 9
							}
						],
						"x3": 8
					}
				],
				null
			],
			[
				4268706,
				"_C_ComparisonsOf2Variables_0101 (Child): InputArray snapshot 2",
				[
					27
				],
				null
			],
			[
				4268708,
				"_C_ComparisonsOf2Variables_0101 (Child): InputArray snapshot 3",
				[
					{
						"Child": {
							"y1": {
								"Values": [
									1,
									1
								],
								"result": "+KM"
							},
							"y2": {
								"Values": [
									[
										1,
										2,
										3
									],
									[
										1,
										2,
										4
									]
								],
								"result": "-KM"
							}
						},
						"Values": [
							{
								"y1": 1,
								"y2": [
									1,
									2,
									3
								]
							},
							{
								"y1": 1,
								"y2": [
									1,
									2,
									4
								]
							}
						],
						"result": "~-KM"
					}
				],
				null
			],
			[
				4268709,
				"_C_ComparisonsOf2Variables_0101 (Child): InputArray snapshot 4",
				[
					[]
				],
				null
			],
			[
				4268710,
				"_C_ComparisonsOf2Variables_0101 (Child): InputArray snapshot 5",
				[
					"result"
				],
				null
			],
			[
				4268712,
				"_C_ComparisonsOf2Variables_0101: key == \"result\"/\"Values\" -> skip, Further",
				[
					"result"
				],
				null
			],
			[
				4274350,
				"UniversalBypass: visiting key",
				[
					"Values",
					[
						"Child",
						"x1",
						"Values"
					]
				],
				null
			],
			[
				4274375,
				"Class_Help.FunctionCall: Node(Class_ArrayAndOrDictionary)::_C_ComparisonsOf2Variables_0101",
				[
					{
						"x1": {
							"y1": 1,
							"y2": [
								1,
								2,
								3
							]
						},
						"x2": [
							{
								"y1": 5
							},
							{
								"y1": 6
							}
						],
						"x3": 7
					},
					{
						"x1": {
							"y1": 1,
							"y2": [
								1,
								2,
								4
							]
						},
						"x2": [
							{
								"y1": 5
							},
							{
								"y1": 9
							}
						],
						"x3": 8
					},
					27,
					{
						"Child": {
							"y1": {
								"Values": [
									1,
									1
								],
								"result": "+KM"
							},
							"y2": {
								"Values": [
									[
										1,
										2,
										3
									],
									[
										1,
										2,
										4
									]
								],
								"result": "-KM"
							}
						},
						"Values": [
							{
								"y1": 1,
								"y2": [
									1,
									2,
									3
								]
							},
							{
								"y1": 1,
								"y2": [
									1,
									2,
									4
								]
							}
						],
						"result": "~-KM"
					},
					[],
					"Values"
				],
				null
			],
			[
				4274380,
				"_C_ComparisonsOf2Variables_0101 (Child): InputArray snapshot 0",
				[
					{
						"x1": {
							"y1": 1,
							"y2": [
								1,
								2,
								3
							]
						},
						"x2": [
							{
								"y1": 5
							},
							{
								"y1": 6
							}
						],
						"x3": 7
					}
				],
				null
			],
			[
				4274382,
				"_C_ComparisonsOf2Variables_0101 (Child): InputArray snapshot 1",
				[
					{
						"x1": {
							"y1": 1,
							"y2": [
								1,
								2,
								4
							]
						},
						"x2": [
							{
								"y1": 5
							},
							{
								"y1": 9
							}
						],
						"x3": 8
					}
				],
				null
			],
			[
				4274384,
				"_C_ComparisonsOf2Variables_0101 (Child): InputArray snapshot 2",
				[
					27
				],
				null
			],
			[
				4274385,
				"_C_ComparisonsOf2Variables_0101 (Child): InputArray snapshot 3",
				[
					{
						"Child": {
							"y1": {
								"Values": [
									1,
									1
								],
								"result": "+KM"
							},
							"y2": {
								"Values": [
									[
										1,
										2,
										3
									],
									[
										1,
										2,
										4
									]
								],
								"result": "-KM"
							}
						},
						"Values": [
							{
								"y1": 1,
								"y2": [
									1,
									2,
									3
								]
							},
							{
								"y1": 1,
								"y2": [
									1,
									2,
									4
								]
							}
						],
						"result": "~-KM"
					}
				],
				null
			],
			[
				4274387,
				"_C_ComparisonsOf2Variables_0101 (Child): InputArray snapshot 4",
				[
					[]
				],
				null
			],
			[
				4274388,
				"_C_ComparisonsOf2Variables_0101 (Child): InputArray snapshot 5",
				[
					"Values"
				],
				null
			],
			[
				4274390,
				"_C_ComparisonsOf2Variables_0101: key == \"result\"/\"Values\" -> skip, Further",
				[
					"Values"
				],
				null
			],
			[
				4274394,
				"UniversalBypass: visiting key",
				[
					"Child",
					[
						"Child",
						"x1",
						"Child"
					]
				],
				null
			],
			[
				4279721,
				"Class_Help.FunctionCall: Node(Class_ArrayAndOrDictionary)::_C_ComparisonsOf2Variables_0101",
				[
					{
						"x1": {
							"y1": 1,
							"y2": [
								1,
								2,
								3
							]
						},
						"x2": [
							{
								"y1": 5
							},
							{
								"y1": 6
							}
						],
						"x3": 7
					},
					{
						"x1": {
							"y1": 1,
							"y2": [
								1,
								2,
								4
							]
						},
						"x2": [
							{
								"y1": 5
							},
							{
								"y1": 9
							}
						],
						"x3": 8
					},
					27,
					{
						"Child": {
							"y1": {
								"Values": [
									1,
									1
								],
								"result": "+KM"
							},
							"y2": {
								"Values": [
									[
										1,
										2,
										3
									],
									[
										1,
										2,
										4
									]
								],
								"result": "-KM"
							}
						},
						"Values": [
							{
								"y1": 1,
								"y2": [
									1,
									2,
									3
								]
							},
							{
								"y1": 1,
								"y2": [
									1,
									2,
									4
								]
							}
						],
						"result": "~-KM"
					},
					[],
					"Child"
				],
				null
			],
			[
				4279726,
				"_C_ComparisonsOf2Variables_0101 (Child): InputArray snapshot 0",
				[
					{
						"x1": {
							"y1": 1,
							"y2": [
								1,
								2,
								3
							]
						},
						"x2": [
							{
								"y1": 5
							},
							{
								"y1": 6
							}
						],
						"x3": 7
					}
				],
				null
			],
			[
				4279727,
				"_C_ComparisonsOf2Variables_0101 (Child): InputArray snapshot 1",
				[
					{
						"x1": {
							"y1": 1,
							"y2": [
								1,
								2,
								4
							]
						},
						"x2": [
							{
								"y1": 5
							},
							{
								"y1": 9
							}
						],
						"x3": 8
					}
				],
				null
			],
			[
				4279729,
				"_C_ComparisonsOf2Variables_0101 (Child): InputArray snapshot 2",
				[
					27
				],
				null
			],
			[
				4279730,
				"_C_ComparisonsOf2Variables_0101 (Child): InputArray snapshot 3",
				[
					{
						"Child": {
							"y1": {
								"Values": [
									1,
									1
								],
								"result": "+KM"
							},
							"y2": {
								"Values": [
									[
										1,
										2,
										3
									],
									[
										1,
										2,
										4
									]
								],
								"result": "-KM"
							}
						},
						"Values": [
							{
								"y1": 1,
								"y2": [
									1,
									2,
									3
								]
							},
							{
								"y1": 1,
								"y2": [
									1,
									2,
									4
								]
							}
						],
						"result": "~-KM"
					}
				],
				null
			],
			[
				4279731,
				"_C_ComparisonsOf2Variables_0101 (Child): InputArray snapshot 4",
				[
					[]
				],
				null
			],
			[
				4279733,
				"_C_ComparisonsOf2Variables_0101 (Child): InputArray snapshot 5",
				[
					"Child"
				],
				null
			],
			[
				4279734,
				"_C_ComparisonsOf2Variables_0101: key == \"Child\" -> just Deeper, no recompute",
				[],
				null
			],
			[
				4279739,
				"UniversalBypass: Deeper, recursing",
				[
					"Child",
					3
				],
				null
			],
			[
				4279746,
				"UniversalBypass: visiting key",
				[
					"y1",
					[
						"Child",
						"x1",
						"Child",
						"y1"
					]
				],
				null
			],
			[
				4285041,
				"Class_Help.FunctionCall: Node(Class_ArrayAndOrDictionary)::_C_ComparisonsOf2Variables_0101",
				[
					{
						"x1": {
							"y1": 1,
							"y2": [
								1,
								2,
								3
							]
						},
						"x2": [
							{
								"y1": 5
							},
							{
								"y1": 6
							}
						],
						"x3": 7
					},
					{
						"x1": {
							"y1": 1,
							"y2": [
								1,
								2,
								4
							]
						},
						"x2": [
							{
								"y1": 5
							},
							{
								"y1": 9
							}
						],
						"x3": 8
					},
					27,
					{
						"y1": {
							"Values": [
								1,
								1
							],
							"result": "+KM"
						},
						"y2": {
							"Values": [
								[
									1,
									2,
									3
								],
								[
									1,
									2,
									4
								]
							],
							"result": "-KM"
						}
					},
					[],
					"y1"
				],
				null
			],
			[
				4285045,
				"_C_ComparisonsOf2Variables_0101 (Child): InputArray snapshot 0",
				[
					{
						"x1": {
							"y1": 1,
							"y2": [
								1,
								2,
								3
							]
						},
						"x2": [
							{
								"y1": 5
							},
							{
								"y1": 6
							}
						],
						"x3": 7
					}
				],
				null
			],
			[
				4285046,
				"_C_ComparisonsOf2Variables_0101 (Child): InputArray snapshot 1",
				[
					{
						"x1": {
							"y1": 1,
							"y2": [
								1,
								2,
								4
							]
						},
						"x2": [
							{
								"y1": 5
							},
							{
								"y1": 9
							}
						],
						"x3": 8
					}
				],
				null
			],
			[
				4285048,
				"_C_ComparisonsOf2Variables_0101 (Child): InputArray snapshot 2",
				[
					27
				],
				null
			],
			[
				4285049,
				"_C_ComparisonsOf2Variables_0101 (Child): InputArray snapshot 3",
				[
					{
						"y1": {
							"Values": [
								1,
								1
							],
							"result": "+KM"
						},
						"y2": {
							"Values": [
								[
									1,
									2,
									3
								],
								[
									1,
									2,
									4
								]
							],
							"result": "-KM"
						}
					}
				],
				null
			],
			[
				4285051,
				"_C_ComparisonsOf2Variables_0101 (Child): InputArray snapshot 4",
				[
					[]
				],
				null
			],
			[
				4285052,
				"_C_ComparisonsOf2Variables_0101 (Child): InputArray snapshot 5",
				[
					"y1"
				],
				null
			],
			[
				4285066,
				"Class_Help.FunctionCall: Node(Class_ArrayAndOrDictionary)::_PAW_CO2V",
				[
					{
						"x1": {
							"y1": 1,
							"y2": [
								1,
								2,
								3
							]
						},
						"x2": [
							{
								"y1": 5
							},
							{
								"y1": 6
							}
						],
						"x3": 7
					},
					{
						"x1": {
							"y1": 1,
							"y2": [
								1,
								2,
								3
							]
						},
						"x2": [
							{
								"y1": 5
							},
							{
								"y1": 6
							}
						],
						"x3": 7
					},
					"Child"
				],
				null
			],
			[
				4285069,
				"_PAW_CO2V: elPA == Child -> skip this level",
				[
					"Child"
				],
				"flagPassageAlongWay=false"
			],
			[
				4285073,
				"PassageAlongWay: Not flagPassageAlongWay, staying at current level",
				[
					"Child"
				],
				null
			],
			[
				4291384,
				"Class_Help.FunctionCall: Node(Class_ArrayAndOrDictionary)::_PAW_CO2V",
				[
					{
						"x1": {
							"y1": 1,
							"y2": [
								1,
								2,
								3
							]
						},
						"x2": [
							{
								"y1": 5
							},
							{
								"y1": 6
							}
						],
						"x3": 7
					},
					{
						"x1": {
							"y1": 1,
							"y2": [
								1,
								2,
								3
							]
						},
						"x2": [
							{
								"y1": 5
							},
							{
								"y1": 6
							}
						],
						"x3": 7
					},
					"x1"
				],
				null
			],
			[
				4291393,
				"PassageAlongWay: Good flagPassageAlongWay, stepping into",
				[
					"x1"
				],
				null
			],
			[
				4291401,
				"Class_Help.FunctionCall: Node(Class_ArrayAndOrDictionary)::_PAW_CO2V",
				[
					{
						"y1": 1,
						"y2": [
							1,
							2,
							3
						]
					},
					{
						"x1": {
							"y1": 1,
							"y2": [
								1,
								2,
								3
							]
						},
						"x2": [
							{
								"y1": 5
							},
							{
								"y1": 6
							}
						],
						"x3": 7
					},
					"Child"
				],
				null
			],
			[
				4291404,
				"_PAW_CO2V: elPA == Child -> skip this level",
				[
					"Child"
				],
				"flagPassageAlongWay=false"
			],
			[
				4291408,
				"PassageAlongWay: Not flagPassageAlongWay, staying at current level",
				[
					"Child"
				],
				null
			],
			[
				4291414,
				"Class_Help.FunctionCall: Node(Class_ArrayAndOrDictionary)::_PAW_CO2V",
				[
					{
						"y1": 1,
						"y2": [
							1,
							2,
							3
						]
					},
					{
						"x1": {
							"y1": 1,
							"y2": [
								1,
								2,
								3
							]
						},
						"x2": [
							{
								"y1": 5
							},
							{
								"y1": 6
							}
						],
						"x3": 7
					},
					"y1"
				],
				null
			],
			[
				4291417,
				"PassageAlongWay: Good flagPassageAlongWay, stepping into",
				[
					"y1"
				],
				null
			],
			[
				4291430,
				"Class_Help.FunctionCall: Node(Class_ArrayAndOrDictionary)::_PAW_CO2V",
				[
					{
						"x1": {
							"y1": 1,
							"y2": [
								1,
								2,
								4
							]
						},
						"x2": [
							{
								"y1": 5
							},
							{
								"y1": 9
							}
						],
						"x3": 8
					},
					{
						"x1": {
							"y1": 1,
							"y2": [
								1,
								2,
								4
							]
						},
						"x2": [
							{
								"y1": 5
							},
							{
								"y1": 9
							}
						],
						"x3": 8
					},
					"Child"
				],
				null
			],
			[
				4291432,
				"_PAW_CO2V: elPA == Child -> skip this level",
				[
					"Child"
				],
				"flagPassageAlongWay=false"
			],
			[
				4291435,
				"PassageAlongWay: Not flagPassageAlongWay, staying at current level",
				[
					"Child"
				],
				null
			],
			[
				4296920,
				"Class_Help.FunctionCall: Node(Class_ArrayAndOrDictionary)::_PAW_CO2V",
				[
					{
						"x1": {
							"y1": 1,
							"y2": [
								1,
								2,
								4
							]
						},
						"x2": [
							{
								"y1": 5
							},
							{
								"y1": 9
							}
						],
						"x3": 8
					},
					{
						"x1": {
							"y1": 1,
							"y2": [
								1,
								2,
								4
							]
						},
						"x2": [
							{
								"y1": 5
							},
							{
								"y1": 9
							}
						],
						"x3": 8
					},
					"x1"
				],
				null
			],
			[
				4296928,
				"PassageAlongWay: Good flagPassageAlongWay, stepping into",
				[
					"x1"
				],
				null
			],
			[
				4296934,
				"Class_Help.FunctionCall: Node(Class_ArrayAndOrDictionary)::_PAW_CO2V",
				[
					{
						"y1": 1,
						"y2": [
							1,
							2,
							4
						]
					},
					{
						"x1": {
							"y1": 1,
							"y2": [
								1,
								2,
								4
							]
						},
						"x2": [
							{
								"y1": 5
							},
							{
								"y1": 9
							}
						],
						"x3": 8
					},
					"Child"
				],
				null
			],
			[
				4296937,
				"_PAW_CO2V: elPA == Child -> skip this level",
				[
					"Child"
				],
				"flagPassageAlongWay=false"
			],
			[
				4296940,
				"PassageAlongWay: Not flagPassageAlongWay, staying at current level",
				[
					"Child"
				],
				null
			],
			[
				4296946,
				"Class_Help.FunctionCall: Node(Class_ArrayAndOrDictionary)::_PAW_CO2V",
				[
					{
						"y1": 1,
						"y2": [
							1,
							2,
							4
						]
					},
					{
						"x1": {
							"y1": 1,
							"y2": [
								1,
								2,
								4
							]
						},
						"x2": [
							{
								"y1": 5
							},
							{
								"y1": 9
							}
						],
						"x3": 8
					},
					"y1"
				],
				null
			],
			[
				4296949,
				"PassageAlongWay: Good flagPassageAlongWay, stepping into",
				[
					"y1"
				],
				null
			],
			[
				4296952,
				"_C_ComparisonsOf2Variables_0101: Child branch entered",
				[
					[
						"Child",
						"x1",
						"Child",
						"y1"
					]
				],
				null
			],
			[
				4296954,
				"_C_ComparisonsOf2Variables_0101: equal -> +KM -> Further",
				[],
				null
			],
			[
				4296962,
				"UniversalBypass: visiting key",
				[
					"y2",
					[
						"Child",
						"x1",
						"Child",
						"y2"
					]
				],
				null
			],
			[
				4302523,
				"Class_Help.FunctionCall: Node(Class_ArrayAndOrDictionary)::_C_ComparisonsOf2Variables_0101",
				[
					{
						"x1": {
							"y1": 1,
							"y2": [
								1,
								2,
								3
							]
						},
						"x2": [
							{
								"y1": 5
							},
							{
								"y1": 6
							}
						],
						"x3": 7
					},
					{
						"x1": {
							"y1": 1,
							"y2": [
								1,
								2,
								4
							]
						},
						"x2": [
							{
								"y1": 5
							},
							{
								"y1": 9
							}
						],
						"x3": 8
					},
					27,
					{
						"y1": {
							"Values": [
								1,
								1
							],
							"result": "+KM"
						},
						"y2": {
							"Values": [
								[
									1,
									2,
									3
								],
								[
									1,
									2,
									4
								]
							],
							"result": "-KM"
						}
					},
					[],
					"y2"
				],
				null
			],
			[
				4302527,
				"_C_ComparisonsOf2Variables_0101 (Child): InputArray snapshot 0",
				[
					{
						"x1": {
							"y1": 1,
							"y2": [
								1,
								2,
								3
							]
						},
						"x2": [
							{
								"y1": 5
							},
							{
								"y1": 6
							}
						],
						"x3": 7
					}
				],
				null
			],
			[
				4302529,
				"_C_ComparisonsOf2Variables_0101 (Child): InputArray snapshot 1",
				[
					{
						"x1": {
							"y1": 1,
							"y2": [
								1,
								2,
								4
							]
						},
						"x2": [
							{
								"y1": 5
							},
							{
								"y1": 9
							}
						],
						"x3": 8
					}
				],
				null
			],
			[
				4302530,
				"_C_ComparisonsOf2Variables_0101 (Child): InputArray snapshot 2",
				[
					27
				],
				null
			],
			[
				4302532,
				"_C_ComparisonsOf2Variables_0101 (Child): InputArray snapshot 3",
				[
					{
						"y1": {
							"Values": [
								1,
								1
							],
							"result": "+KM"
						},
						"y2": {
							"Values": [
								[
									1,
									2,
									3
								],
								[
									1,
									2,
									4
								]
							],
							"result": "-KM"
						}
					}
				],
				null
			],
			[
				4302534,
				"_C_ComparisonsOf2Variables_0101 (Child): InputArray snapshot 4",
				[
					[]
				],
				null
			],
			[
				4302535,
				"_C_ComparisonsOf2Variables_0101 (Child): InputArray snapshot 5",
				[
					"y2"
				],
				null
			],
			[
				4302550,
				"Class_Help.FunctionCall: Node(Class_ArrayAndOrDictionary)::_PAW_CO2V",
				[
					{
						"x1": {
							"y1": 1,
							"y2": [
								1,
								2,
								3
							]
						},
						"x2": [
							{
								"y1": 5
							},
							{
								"y1": 6
							}
						],
						"x3": 7
					},
					{
						"x1": {
							"y1": 1,
							"y2": [
								1,
								2,
								3
							]
						},
						"x2": [
							{
								"y1": 5
							},
							{
								"y1": 6
							}
						],
						"x3": 7
					},
					"Child"
				],
				null
			],
			[
				4302552,
				"_PAW_CO2V: elPA == Child -> skip this level",
				[
					"Child"
				],
				"flagPassageAlongWay=false"
			],
			[
				4302556,
				"PassageAlongWay: Not flagPassageAlongWay, staying at current level",
				[
					"Child"
				],
				null
			],
			[
				4308468,
				"Class_Help.FunctionCall: Node(Class_ArrayAndOrDictionary)::_PAW_CO2V",
				[
					{
						"x1": {
							"y1": 1,
							"y2": [
								1,
								2,
								3
							]
						},
						"x2": [
							{
								"y1": 5
							},
							{
								"y1": 6
							}
						],
						"x3": 7
					},
					{
						"x1": {
							"y1": 1,
							"y2": [
								1,
								2,
								3
							]
						},
						"x2": [
							{
								"y1": 5
							},
							{
								"y1": 6
							}
						],
						"x3": 7
					},
					"x1"
				],
				null
			],
			[
				4308476,
				"PassageAlongWay: Good flagPassageAlongWay, stepping into",
				[
					"x1"
				],
				null
			],
			[
				4308482,
				"Class_Help.FunctionCall: Node(Class_ArrayAndOrDictionary)::_PAW_CO2V",
				[
					{
						"y1": 1,
						"y2": [
							1,
							2,
							3
						]
					},
					{
						"x1": {
							"y1": 1,
							"y2": [
								1,
								2,
								3
							]
						},
						"x2": [
							{
								"y1": 5
							},
							{
								"y1": 6
							}
						],
						"x3": 7
					},
					"Child"
				],
				null
			],
			[
				4308484,
				"_PAW_CO2V: elPA == Child -> skip this level",
				[
					"Child"
				],
				"flagPassageAlongWay=false"
			],
			[
				4308487,
				"PassageAlongWay: Not flagPassageAlongWay, staying at current level",
				[
					"Child"
				],
				null
			],
			[
				4308493,
				"Class_Help.FunctionCall: Node(Class_ArrayAndOrDictionary)::_PAW_CO2V",
				[
					{
						"y1": 1,
						"y2": [
							1,
							2,
							3
						]
					},
					{
						"x1": {
							"y1": 1,
							"y2": [
								1,
								2,
								3
							]
						},
						"x2": [
							{
								"y1": 5
							},
							{
								"y1": 6
							}
						],
						"x3": 7
					},
					"y2"
				],
				null
			],
			[
				4308497,
				"PassageAlongWay: Good flagPassageAlongWay, stepping into",
				[
					"y2"
				],
				null
			],
			[
				4308508,
				"Class_Help.FunctionCall: Node(Class_ArrayAndOrDictionary)::_PAW_CO2V",
				[
					{
						"x1": {
							"y1": 1,
							"y2": [
								1,
								2,
								4
							]
						},
						"x2": [
							{
								"y1": 5
							},
							{
								"y1": 9
							}
						],
						"x3": 8
					},
					{
						"x1": {
							"y1": 1,
							"y2": [
								1,
								2,
								4
							]
						},
						"x2": [
							{
								"y1": 5
							},
							{
								"y1": 9
							}
						],
						"x3": 8
					},
					"Child"
				],
				null
			],
			[
				4308510,
				"_PAW_CO2V: elPA == Child -> skip this level",
				[
					"Child"
				],
				"flagPassageAlongWay=false"
			],
			[
				4308513,
				"PassageAlongWay: Not flagPassageAlongWay, staying at current level",
				[
					"Child"
				],
				null
			],
			[
				4313867,
				"Class_Help.FunctionCall: Node(Class_ArrayAndOrDictionary)::_PAW_CO2V",
				[
					{
						"x1": {
							"y1": 1,
							"y2": [
								1,
								2,
								4
							]
						},
						"x2": [
							{
								"y1": 5
							},
							{
								"y1": 9
							}
						],
						"x3": 8
					},
					{
						"x1": {
							"y1": 1,
							"y2": [
								1,
								2,
								4
							]
						},
						"x2": [
							{
								"y1": 5
							},
							{
								"y1": 9
							}
						],
						"x3": 8
					},
					"x1"
				],
				null
			],
			[
				4313872,
				"PassageAlongWay: Good flagPassageAlongWay, stepping into",
				[
					"x1"
				],
				null
			],
			[
				4313878,
				"Class_Help.FunctionCall: Node(Class_ArrayAndOrDictionary)::_PAW_CO2V",
				[
					{
						"y1": 1,
						"y2": [
							1,
							2,
							4
						]
					},
					{
						"x1": {
							"y1": 1,
							"y2": [
								1,
								2,
								4
							]
						},
						"x2": [
							{
								"y1": 5
							},
							{
								"y1": 9
							}
						],
						"x3": 8
					},
					"Child"
				],
				null
			],
			[
				4313880,
				"_PAW_CO2V: elPA == Child -> skip this level",
				[
					"Child"
				],
				"flagPassageAlongWay=false"
			],
			[
				4313884,
				"PassageAlongWay: Not flagPassageAlongWay, staying at current level",
				[
					"Child"
				],
				null
			],
			[
				4313890,
				"Class_Help.FunctionCall: Node(Class_ArrayAndOrDictionary)::_PAW_CO2V",
				[
					{
						"y1": 1,
						"y2": [
							1,
							2,
							4
						]
					},
					{
						"x1": {
							"y1": 1,
							"y2": [
								1,
								2,
								4
							]
						},
						"x2": [
							{
								"y1": 5
							},
							{
								"y1": 9
							}
						],
						"x3": 8
					},
					"y2"
				],
				null
			],
			[
				4313892,
				"PassageAlongWay: Good flagPassageAlongWay, stepping into",
				[
					"y2"
				],
				null
			],
			[
				4313895,
				"_C_ComparisonsOf2Variables_0101: Child branch entered",
				[
					[
						"Child",
						"x1",
						"Child",
						"y2"
					]
				],
				null
			],
			[
				4313899,
				"_C_ComparisonsOf2Variables_0101: same type, not equal, not Dictionary -> -KM -> Further",
				[],
				null
			],
			[
				4313908,
				"UniversalBypass: visiting key",
				[
					"x2",
					[
						"Child",
						"x2"
					]
				],
				null
			],
			[
				4319725,
				"Class_Help.FunctionCall: Node(Class_ArrayAndOrDictionary)::_C_ComparisonsOf2Variables_0101",
				[
					{
						"x1": {
							"y1": 1,
							"y2": [
								1,
								2,
								3
							]
						},
						"x2": [
							{
								"y1": 5
							},
							{
								"y1": 6
							}
						],
						"x3": 7
					},
					{
						"x1": {
							"y1": 1,
							"y2": [
								1,
								2,
								4
							]
						},
						"x2": [
							{
								"y1": 5
							},
							{
								"y1": 9
							}
						],
						"x3": 8
					},
					27,
					{
						"x1": {
							"Child": {
								"y1": {
									"Values": [
										1,
										1
									],
									"result": "+KM"
								},
								"y2": {
									"Values": [
										[
											1,
											2,
											3
										],
										[
											1,
											2,
											4
										]
									],
									"result": "-KM"
								}
							},
							"Values": [
								{
									"y1": 1,
									"y2": [
										1,
										2,
										3
									]
								},
								{
									"y1": 1,
									"y2": [
										1,
										2,
										4
									]
								}
							],
							"result": "~-KM"
						},
						"x2": {
							"Values": [
								[
									{
										"y1": 5
									},
									{
										"y1": 6
									}
								],
								[
									{
										"y1": 5
									},
									{
										"y1": 9
									}
								]
							],
							"result": "-KM"
						},
						"x3": {
							"Values": [
								7,
								8
							],
							"result": "-KM"
						}
					},
					[],
					"x2"
				],
				null
			],
			[
				4319731,
				"_C_ComparisonsOf2Variables_0101 (Child): InputArray snapshot 0",
				[
					{
						"x1": {
							"y1": 1,
							"y2": [
								1,
								2,
								3
							]
						},
						"x2": [
							{
								"y1": 5
							},
							{
								"y1": 6
							}
						],
						"x3": 7
					}
				],
				null
			],
			[
				4319732,
				"_C_ComparisonsOf2Variables_0101 (Child): InputArray snapshot 1",
				[
					{
						"x1": {
							"y1": 1,
							"y2": [
								1,
								2,
								4
							]
						},
						"x2": [
							{
								"y1": 5
							},
							{
								"y1": 9
							}
						],
						"x3": 8
					}
				],
				null
			],
			[
				4319734,
				"_C_ComparisonsOf2Variables_0101 (Child): InputArray snapshot 2",
				[
					27
				],
				null
			],
			[
				4319735,
				"_C_ComparisonsOf2Variables_0101 (Child): InputArray snapshot 3",
				[
					{
						"x1": {
							"Child": {
								"y1": {
									"Values": [
										1,
										1
									],
									"result": "+KM"
								},
								"y2": {
									"Values": [
										[
											1,
											2,
											3
										],
										[
											1,
											2,
											4
										]
									],
									"result": "-KM"
								}
							},
							"Values": [
								{
									"y1": 1,
									"y2": [
										1,
										2,
										3
									]
								},
								{
									"y1": 1,
									"y2": [
										1,
										2,
										4
									]
								}
							],
							"result": "~-KM"
						},
						"x2": {
							"Values": [
								[
									{
										"y1": 5
									},
									{
										"y1": 6
									}
								],
								[
									{
										"y1": 5
									},
									{
										"y1": 9
									}
								]
							],
							"result": "-KM"
						},
						"x3": {
							"Values": [
								7,
								8
							],
							"result": "-KM"
						}
					}
				],
				null
			],
			[
				4319736,
				"_C_ComparisonsOf2Variables_0101 (Child): InputArray snapshot 4",
				[
					[]
				],
				null
			],
			[
				4319738,
				"_C_ComparisonsOf2Variables_0101 (Child): InputArray snapshot 5",
				[
					"x2"
				],
				null
			],
			[
				4319760,
				"Class_Help.FunctionCall: Node(Class_ArrayAndOrDictionary)::_PAW_CO2V",
				[
					{
						"x1": {
							"y1": 1,
							"y2": [
								1,
								2,
								3
							]
						},
						"x2": [
							{
								"y1": 5
							},
							{
								"y1": 6
							}
						],
						"x3": 7
					},
					{
						"x1": {
							"y1": 1,
							"y2": [
								1,
								2,
								3
							]
						},
						"x2": [
							{
								"y1": 5
							},
							{
								"y1": 6
							}
						],
						"x3": 7
					},
					"Child"
				],
				null
			],
			[
				4319764,
				"_PAW_CO2V: elPA == Child -> skip this level",
				[
					"Child"
				],
				"flagPassageAlongWay=false"
			],
			[
				4319769,
				"PassageAlongWay: Not flagPassageAlongWay, staying at current level",
				[
					"Child"
				],
				null
			],
			[
				4334631,
				"Class_Help.FunctionCall: Node(Class_ArrayAndOrDictionary)::_PAW_CO2V",
				[
					{
						"x1": {
							"y1": 1,
							"y2": [
								1,
								2,
								3
							]
						},
						"x2": [
							{
								"y1": 5
							},
							{
								"y1": 6
							}
						],
						"x3": 7
					},
					{
						"x1": {
							"y1": 1,
							"y2": [
								1,
								2,
								3
							]
						},
						"x2": [
							{
								"y1": 5
							},
							{
								"y1": 6
							}
						],
						"x3": 7
					},
					"x2"
				],
				null
			],
			[
				4334641,
				"PassageAlongWay: Good flagPassageAlongWay, stepping into",
				[
					"x2"
				],
				null
			],
			[
				4334655,
				"Class_Help.FunctionCall: Node(Class_ArrayAndOrDictionary)::_PAW_CO2V",
				[
					{
						"x1": {
							"y1": 1,
							"y2": [
								1,
								2,
								4
							]
						},
						"x2": [
							{
								"y1": 5
							},
							{
								"y1": 9
							}
						],
						"x3": 8
					},
					{
						"x1": {
							"y1": 1,
							"y2": [
								1,
								2,
								4
							]
						},
						"x2": [
							{
								"y1": 5
							},
							{
								"y1": 9
							}
						],
						"x3": 8
					},
					"Child"
				],
				null
			],
			[
				4334657,
				"_PAW_CO2V: elPA == Child -> skip this level",
				[
					"Child"
				],
				"flagPassageAlongWay=false"
			],
			[
				4334661,
				"PassageAlongWay: Not flagPassageAlongWay, staying at current level",
				[
					"Child"
				],
				null
			],
			[
				4334667,
				"Class_Help.FunctionCall: Node(Class_ArrayAndOrDictionary)::_PAW_CO2V",
				[
					{
						"x1": {
							"y1": 1,
							"y2": [
								1,
								2,
								4
							]
						},
						"x2": [
							{
								"y1": 5
							},
							{
								"y1": 9
							}
						],
						"x3": 8
					},
					{
						"x1": {
							"y1": 1,
							"y2": [
								1,
								2,
								4
							]
						},
						"x2": [
							{
								"y1": 5
							},
							{
								"y1": 9
							}
						],
						"x3": 8
					},
					"x2"
				],
				null
			],
			[
				4334670,
				"PassageAlongWay: Good flagPassageAlongWay, stepping into",
				[
					"x2"
				],
				null
			],
			[
				4334673,
				"_C_ComparisonsOf2Variables_0101: Child branch entered",
				[
					[
						"Child",
						"x2"
					]
				],
				null
			],
			[
				4334676,
				"_C_ComparisonsOf2Variables_0101: same type, not equal, not Dictionary -> -KM -> Further",
				[],
				null
			],
			[
				4334683,
				"UniversalBypass: visiting key",
				[
					"x3",
					[
						"Child",
						"x3"
					]
				],
				null
			],
			[
				4340815,
				"Class_Help.FunctionCall: Node(Class_ArrayAndOrDictionary)::_C_ComparisonsOf2Variables_0101",
				[
					{
						"x1": {
							"y1": 1,
							"y2": [
								1,
								2,
								3
							]
						},
						"x2": [
							{
								"y1": 5
							},
							{
								"y1": 6
							}
						],
						"x3": 7
					},
					{
						"x1": {
							"y1": 1,
							"y2": [
								1,
								2,
								4
							]
						},
						"x2": [
							{
								"y1": 5
							},
							{
								"y1": 9
							}
						],
						"x3": 8
					},
					27,
					{
						"x1": {
							"Child": {
								"y1": {
									"Values": [
										1,
										1
									],
									"result": "+KM"
								},
								"y2": {
									"Values": [
										[
											1,
											2,
											3
										],
										[
											1,
											2,
											4
										]
									],
									"result": "-KM"
								}
							},
							"Values": [
								{
									"y1": 1,
									"y2": [
										1,
										2,
										3
									]
								},
								{
									"y1": 1,
									"y2": [
										1,
										2,
										4
									]
								}
							],
							"result": "~-KM"
						},
						"x2": {
							"Values": [
								[
									{
										"y1": 5
									},
									{
										"y1": 6
									}
								],
								[
									{
										"y1": 5
									},
									{
										"y1": 9
									}
								]
							],
							"result": "-KM"
						},
						"x3": {
							"Values": [
								7,
								8
							],
							"result": "-KM"
						}
					},
					[],
					"x3"
				],
				null
			],
			[
				4340821,
				"_C_ComparisonsOf2Variables_0101 (Child): InputArray snapshot 0",
				[
					{
						"x1": {
							"y1": 1,
							"y2": [
								1,
								2,
								3
							]
						},
						"x2": [
							{
								"y1": 5
							},
							{
								"y1": 6
							}
						],
						"x3": 7
					}
				],
				null
			],
			[
				4340823,
				"_C_ComparisonsOf2Variables_0101 (Child): InputArray snapshot 1",
				[
					{
						"x1": {
							"y1": 1,
							"y2": [
								1,
								2,
								4
							]
						},
						"x2": [
							{
								"y1": 5
							},
							{
								"y1": 9
							}
						],
						"x3": 8
					}
				],
				null
			],
			[
				4340825,
				"_C_ComparisonsOf2Variables_0101 (Child): InputArray snapshot 2",
				[
					27
				],
				null
			],
			[
				4340826,
				"_C_ComparisonsOf2Variables_0101 (Child): InputArray snapshot 3",
				[
					{
						"x1": {
							"Child": {
								"y1": {
									"Values": [
										1,
										1
									],
									"result": "+KM"
								},
								"y2": {
									"Values": [
										[
											1,
											2,
											3
										],
										[
											1,
											2,
											4
										]
									],
									"result": "-KM"
								}
							},
							"Values": [
								{
									"y1": 1,
									"y2": [
										1,
										2,
										3
									]
								},
								{
									"y1": 1,
									"y2": [
										1,
										2,
										4
									]
								}
							],
							"result": "~-KM"
						},
						"x2": {
							"Values": [
								[
									{
										"y1": 5
									},
									{
										"y1": 6
									}
								],
								[
									{
										"y1": 5
									},
									{
										"y1": 9
									}
								]
							],
							"result": "-KM"
						},
						"x3": {
							"Values": [
								7,
								8
							],
							"result": "-KM"
						}
					}
				],
				null
			],
			[
				4340828,
				"_C_ComparisonsOf2Variables_0101 (Child): InputArray snapshot 4",
				[
					[]
				],
				null
			],
			[
				4340830,
				"_C_ComparisonsOf2Variables_0101 (Child): InputArray snapshot 5",
				[
					"x3"
				],
				null
			],
			[
				4340847,
				"Class_Help.FunctionCall: Node(Class_ArrayAndOrDictionary)::_PAW_CO2V",
				[
					{
						"x1": {
							"y1": 1,
							"y2": [
								1,
								2,
								3
							]
						},
						"x2": [
							{
								"y1": 5
							},
							{
								"y1": 6
							}
						],
						"x3": 7
					},
					{
						"x1": {
							"y1": 1,
							"y2": [
								1,
								2,
								3
							]
						},
						"x2": [
							{
								"y1": 5
							},
							{
								"y1": 6
							}
						],
						"x3": 7
					},
					"Child"
				],
				null
			],
			[
				4340850,
				"_PAW_CO2V: elPA == Child -> skip this level",
				[
					"Child"
				],
				"flagPassageAlongWay=false"
			],
			[
				4340854,
				"PassageAlongWay: Not flagPassageAlongWay, staying at current level",
				[
					"Child"
				],
				null
			],
			[
				4347067,
				"Class_Help.FunctionCall: Node(Class_ArrayAndOrDictionary)::_PAW_CO2V",
				[
					{
						"x1": {
							"y1": 1,
							"y2": [
								1,
								2,
								3
							]
						},
						"x2": [
							{
								"y1": 5
							},
							{
								"y1": 6
							}
						],
						"x3": 7
					},
					{
						"x1": {
							"y1": 1,
							"y2": [
								1,
								2,
								3
							]
						},
						"x2": [
							{
								"y1": 5
							},
							{
								"y1": 6
							}
						],
						"x3": 7
					},
					"x3"
				],
				null
			],
			[
				4347076,
				"PassageAlongWay: Good flagPassageAlongWay, stepping into",
				[
					"x3"
				],
				null
			],
			[
				4347089,
				"Class_Help.FunctionCall: Node(Class_ArrayAndOrDictionary)::_PAW_CO2V",
				[
					{
						"x1": {
							"y1": 1,
							"y2": [
								1,
								2,
								4
							]
						},
						"x2": [
							{
								"y1": 5
							},
							{
								"y1": 9
							}
						],
						"x3": 8
					},
					{
						"x1": {
							"y1": 1,
							"y2": [
								1,
								2,
								4
							]
						},
						"x2": [
							{
								"y1": 5
							},
							{
								"y1": 9
							}
						],
						"x3": 8
					},
					"Child"
				],
				null
			],
			[
				4347092,
				"_PAW_CO2V: elPA == Child -> skip this level",
				[
					"Child"
				],
				"flagPassageAlongWay=false"
			],
			[
				4347095,
				"PassageAlongWay: Not flagPassageAlongWay, staying at current level",
				[
					"Child"
				],
				null
			],
			[
				4347101,
				"Class_Help.FunctionCall: Node(Class_ArrayAndOrDictionary)::_PAW_CO2V",
				[
					{
						"x1": {
							"y1": 1,
							"y2": [
								1,
								2,
								4
							]
						},
						"x2": [
							{
								"y1": 5
							},
							{
								"y1": 9
							}
						],
						"x3": 8
					},
					{
						"x1": {
							"y1": 1,
							"y2": [
								1,
								2,
								4
							]
						},
						"x2": [
							{
								"y1": 5
							},
							{
								"y1": 9
							}
						],
						"x3": 8
					},
					"x3"
				],
				null
			],
			[
				4347104,
				"PassageAlongWay: Good flagPassageAlongWay, stepping into",
				[
					"x3"
				],
				null
			],
			[
				4347107,
				"_C_ComparisonsOf2Variables_0101: Child branch entered",
				[
					[
						"Child",
						"x3"
					]
				],
				null
			],
			[
				4347110,
				"_C_ComparisonsOf2Variables_0101: same type, not equal, not Dictionary -> -KM -> Further",
				[],
				null
			],
			[
				4347135,
				"_CP_CO2V: recomputing aggregated result from children",
				[
					{
						"+": 1,
						"-": 1,
						"<": 0,
						">": 0,
						"~": 0,
						"~-": 0,
						"~<": 0,
						"~<-": 0,
						"~>": 0,
						"~>-": 0
					}
				],
				null
			],
			[
				4353025,
				"_CP_CO2V: result recomputed",
				[],
				"~-KM"
			],
			[
				4353048,
				"_CP_CO2V: recomputing aggregated result from children",
				[
					{
						"+": 0,
						"-": 2,
						"<": 0,
						">": 0,
						"~": 0,
						"~-": 1,
						"~<": 0,
						"~<-": 0,
						"~>": 0,
						"~>-": 0
					}
				],
				null
			],
			[
				4353052,
				"_CP_CO2V: result recomputed",
				[],
				"~KM"
			],
			[
				4353062,
				"Stream finished: Diagnostic:manual_case",
				[],
				null
			]
		],
		"2": [
			[
				3758884,
				"Stream created: Test:value_diff",
				[],
				null
			],
			[
				3766852,
				"fC_ComparisonsOf2Variables_0101: types match",
				[
					{
						"x": 1
					},
					{
						"x": 2
					}
				],
				null
			],
			[
				3766858,
				"fC_ComparisonsOf2Variables_0101: both Dictionary, not equal -> diff by key",
				[
					[
						"x"
					],
					[
						"x"
					]
				],
				null
			],
			[
				3766874,
				"UniversalBypass: visiting key",
				[
					"result",
					[
						"result"
					]
				],
				null
			],
			[
				3766895,
				"Class_Help.FunctionCall: Node(Class_ArrayAndOrDictionary)::_C_ComparisonsOf2Variables_0101",
				[
					{
						"x": 1
					},
					{
						"x": 2
					},
					27,
					{
						"Child": {
							"x": {
								"Values": [
									1,
									2
								],
								"result": "-KM"
							}
						},
						"Values": [
							{
								"x": 1
							},
							{
								"x": 2
							}
						],
						"result": "-KM"
					},
					[],
					"result"
				],
				null
			],
			[
				3766899,
				"_C_ComparisonsOf2Variables_0101 (Child): InputArray snapshot 0",
				[
					{
						"x": 1
					}
				],
				null
			],
			[
				3766902,
				"_C_ComparisonsOf2Variables_0101 (Child): InputArray snapshot 1",
				[
					{
						"x": 2
					}
				],
				null
			],
			[
				3766904,
				"_C_ComparisonsOf2Variables_0101 (Child): InputArray snapshot 2",
				[
					27
				],
				null
			],
			[
				3766905,
				"_C_ComparisonsOf2Variables_0101 (Child): InputArray snapshot 3",
				[
					{
						"Child": {
							"x": {
								"Values": [
									1,
									2
								],
								"result": "-KM"
							}
						},
						"Values": [
							{
								"x": 1
							},
							{
								"x": 2
							}
						],
						"result": "-KM"
					}
				],
				null
			],
			[
				3766907,
				"_C_ComparisonsOf2Variables_0101 (Child): InputArray snapshot 4",
				[
					[]
				],
				null
			],
			[
				3766909,
				"_C_ComparisonsOf2Variables_0101 (Child): InputArray snapshot 5",
				[
					"result"
				],
				null
			],
			[
				3767287,
				"_C_ComparisonsOf2Variables_0101: key == \"result\"/\"Values\" -> skip, Further",
				[
					"result"
				],
				null
			],
			[
				3767294,
				"UniversalBypass: visiting key",
				[
					"Values",
					[
						"Values"
					]
				],
				null
			],
			[
				3767302,
				"Class_Help.FunctionCall: Node(Class_ArrayAndOrDictionary)::_C_ComparisonsOf2Variables_0101",
				[
					{
						"x": 1
					},
					{
						"x": 2
					},
					27,
					{
						"Child": {
							"x": {
								"Values": [
									1,
									2
								],
								"result": "-KM"
							}
						},
						"Values": [
							{
								"x": 1
							},
							{
								"x": 2
							}
						],
						"result": "-KM"
					},
					[],
					"Values"
				],
				null
			],
			[
				3767304,
				"_C_ComparisonsOf2Variables_0101 (Child): InputArray snapshot 0",
				[
					{
						"x": 1
					}
				],
				null
			],
			[
				3767306,
				"_C_ComparisonsOf2Variables_0101 (Child): InputArray snapshot 1",
				[
					{
						"x": 2
					}
				],
				null
			],
			[
				3767307,
				"_C_ComparisonsOf2Variables_0101 (Child): InputArray snapshot 2",
				[
					27
				],
				null
			],
			[
				3767308,
				"_C_ComparisonsOf2Variables_0101 (Child): InputArray snapshot 3",
				[
					{
						"Child": {
							"x": {
								"Values": [
									1,
									2
								],
								"result": "-KM"
							}
						},
						"Values": [
							{
								"x": 1
							},
							{
								"x": 2
							}
						],
						"result": "-KM"
					}
				],
				null
			],
			[
				3767310,
				"_C_ComparisonsOf2Variables_0101 (Child): InputArray snapshot 4",
				[
					[]
				],
				null
			],
			[
				3767311,
				"_C_ComparisonsOf2Variables_0101 (Child): InputArray snapshot 5",
				[
					"Values"
				],
				null
			],
			[
				3767313,
				"_C_ComparisonsOf2Variables_0101: key == \"result\"/\"Values\" -> skip, Further",
				[
					"Values"
				],
				null
			],
			[
				3774093,
				"UniversalBypass: visiting key",
				[
					"Child",
					[
						"Child"
					]
				],
				null
			],
			[
				3774122,
				"Class_Help.FunctionCall: Node(Class_ArrayAndOrDictionary)::_C_ComparisonsOf2Variables_0101",
				[
					{
						"x": 1
					},
					{
						"x": 2
					},
					27,
					{
						"Child": {
							"x": {
								"Values": [
									1,
									2
								],
								"result": "-KM"
							}
						},
						"Values": [
							{
								"x": 1
							},
							{
								"x": 2
							}
						],
						"result": "-KM"
					},
					[],
					"Child"
				],
				null
			],
			[
				3774127,
				"_C_ComparisonsOf2Variables_0101 (Child): InputArray snapshot 0",
				[
					{
						"x": 1
					}
				],
				null
			],
			[
				3774130,
				"_C_ComparisonsOf2Variables_0101 (Child): InputArray snapshot 1",
				[
					{
						"x": 2
					}
				],
				null
			],
			[
				3774133,
				"_C_ComparisonsOf2Variables_0101 (Child): InputArray snapshot 2",
				[
					27
				],
				null
			],
			[
				3774135,
				"_C_ComparisonsOf2Variables_0101 (Child): InputArray snapshot 3",
				[
					{
						"Child": {
							"x": {
								"Values": [
									1,
									2
								],
								"result": "-KM"
							}
						},
						"Values": [
							{
								"x": 1
							},
							{
								"x": 2
							}
						],
						"result": "-KM"
					}
				],
				null
			],
			[
				3774137,
				"_C_ComparisonsOf2Variables_0101 (Child): InputArray snapshot 4",
				[
					[]
				],
				null
			],
			[
				3774140,
				"_C_ComparisonsOf2Variables_0101 (Child): InputArray snapshot 5",
				[
					"Child"
				],
				null
			],
			[
				3774142,
				"_C_ComparisonsOf2Variables_0101: key == \"Child\" -> just Deeper, no recompute",
				[],
				null
			],
			[
				3774149,
				"UniversalBypass: Deeper, recursing",
				[
					"Child",
					1
				],
				null
			],
			[
				3781291,
				"UniversalBypass: visiting key",
				[
					"x",
					[
						"Child",
						"x"
					]
				],
				null
			],
			[
				3781307,
				"Class_Help.FunctionCall: Node(Class_ArrayAndOrDictionary)::_C_ComparisonsOf2Variables_0101",
				[
					{
						"x": 1
					},
					{
						"x": 2
					},
					27,
					{
						"x": {
							"Values": [
								1,
								2
							],
							"result": "-KM"
						}
					},
					[],
					"x"
				],
				null
			],
			[
				3781310,
				"_C_ComparisonsOf2Variables_0101 (Child): InputArray snapshot 0",
				[
					{
						"x": 1
					}
				],
				null
			],
			[
				3781312,
				"_C_ComparisonsOf2Variables_0101 (Child): InputArray snapshot 1",
				[
					{
						"x": 2
					}
				],
				null
			],
			[
				3781314,
				"_C_ComparisonsOf2Variables_0101 (Child): InputArray snapshot 2",
				[
					27
				],
				null
			],
			[
				3781315,
				"_C_ComparisonsOf2Variables_0101 (Child): InputArray snapshot 3",
				[
					{
						"x": {
							"Values": [
								1,
								2
							],
							"result": "-KM"
						}
					}
				],
				null
			],
			[
				3781317,
				"_C_ComparisonsOf2Variables_0101 (Child): InputArray snapshot 4",
				[
					[]
				],
				null
			],
			[
				3781318,
				"_C_ComparisonsOf2Variables_0101 (Child): InputArray snapshot 5",
				[
					"x"
				],
				null
			],
			[
				3781334,
				"Class_Help.FunctionCall: Node(Class_ArrayAndOrDictionary)::_PAW_CO2V",
				[
					{
						"x": 1
					},
					{
						"x": 1
					},
					"Child"
				],
				null
			],
			[
				3781338,
				"_PAW_CO2V: elPA == Child -> skip this level",
				[
					"Child"
				],
				"flagPassageAlongWay=false"
			],
			[
				3790325,
				"PassageAlongWay: Not flagPassageAlongWay, staying at current level",
				[
					"Child"
				],
				null
			],
			[
				3790353,
				"Class_Help.FunctionCall: Node(Class_ArrayAndOrDictionary)::_PAW_CO2V",
				[
					{
						"x": 1
					},
					{
						"x": 1
					},
					"x"
				],
				null
			],
			[
				3790363,
				"PassageAlongWay: Good flagPassageAlongWay, stepping into",
				[
					"x"
				],
				null
			],
			[
				3790380,
				"Class_Help.FunctionCall: Node(Class_ArrayAndOrDictionary)::_PAW_CO2V",
				[
					{
						"x": 2
					},
					{
						"x": 2
					},
					"Child"
				],
				null
			],
			[
				3790384,
				"_PAW_CO2V: elPA == Child -> skip this level",
				[
					"Child"
				],
				"flagPassageAlongWay=false"
			],
			[
				3790388,
				"PassageAlongWay: Not flagPassageAlongWay, staying at current level",
				[
					"Child"
				],
				null
			],
			[
				3790396,
				"Class_Help.FunctionCall: Node(Class_ArrayAndOrDictionary)::_PAW_CO2V",
				[
					{
						"x": 2
					},
					{
						"x": 2
					},
					"x"
				],
				null
			],
			[
				3790400,
				"PassageAlongWay: Good flagPassageAlongWay, stepping into",
				[
					"x"
				],
				null
			],
			[
				3790404,
				"_C_ComparisonsOf2Variables_0101: Child branch entered",
				[
					[
						"Child",
						"x"
					]
				],
				null
			],
			[
				3790409,
				"_C_ComparisonsOf2Variables_0101: same type, not equal, not Dictionary -> -KM -> Further",
				[],
				null
			],
			[
				3797696,
				"_CP_CO2V: recomputing aggregated result from children",
				[
					{
						"+": 0,
						"-": 1,
						"<": 0,
						">": 0,
						"~": 0,
						"~-": 0,
						"~<": 0,
						"~<-": 0,
						"~>": 0,
						"~>-": 0
					}
				],
				null
			],
			[
				3797706,
				"_CP_CO2V: result recomputed",
				[],
				"-KM"
			],
			[
				3797717,
				"Stream finished: Test:value_diff",
				[],
				null
			]
		],
		"3": [
			[
				3804893,
				"Stream created: Test:only_in_a",
				[],
				null
			],
			[
				3814939,
				"fC_ComparisonsOf2Variables_0101: types match",
				[
					{
						"x": 1
					},
					{}
				],
				null
			],
			[
				3814944,
				"fC_ComparisonsOf2Variables_0101: both Dictionary, not equal -> diff by key",
				[
					[
						"x"
					],
					[]
				],
				null
			],
			[
				3814962,
				"UniversalBypass: visiting key",
				[
					"result",
					[
						"result"
					]
				],
				null
			],
			[
				3814976,
				"Class_Help.FunctionCall: Node(Class_ArrayAndOrDictionary)::_C_ComparisonsOf2Variables_0101",
				[
					{
						"x": 1
					},
					{},
					27,
					{
						"Child": {
							"x": {
								"Values": [
									1
								],
								"result": ">"
							}
						},
						"Values": [
							{
								"x": 1
							},
							{}
						],
						"result": ">"
					},
					[],
					"result"
				],
				null
			],
			[
				3814980,
				"_C_ComparisonsOf2Variables_0101 (Child): InputArray snapshot 0",
				[
					{
						"x": 1
					}
				],
				null
			],
			[
				3814982,
				"_C_ComparisonsOf2Variables_0101 (Child): InputArray snapshot 1",
				[
					{}
				],
				null
			],
			[
				3814983,
				"_C_ComparisonsOf2Variables_0101 (Child): InputArray snapshot 2",
				[
					27
				],
				null
			],
			[
				3814984,
				"_C_ComparisonsOf2Variables_0101 (Child): InputArray snapshot 3",
				[
					{
						"Child": {
							"x": {
								"Values": [
									1
								],
								"result": ">"
							}
						},
						"Values": [
							{
								"x": 1
							},
							{}
						],
						"result": ">"
					}
				],
				null
			],
			[
				3814986,
				"_C_ComparisonsOf2Variables_0101 (Child): InputArray snapshot 4",
				[
					[]
				],
				null
			],
			[
				3814987,
				"_C_ComparisonsOf2Variables_0101 (Child): InputArray snapshot 5",
				[
					"result"
				],
				null
			],
			[
				3822657,
				"_C_ComparisonsOf2Variables_0101: key == \"result\"/\"Values\" -> skip, Further",
				[
					"result"
				],
				null
			],
			[
				3822670,
				"UniversalBypass: visiting key",
				[
					"Values",
					[
						"Values"
					]
				],
				null
			],
			[
				3822684,
				"Class_Help.FunctionCall: Node(Class_ArrayAndOrDictionary)::_C_ComparisonsOf2Variables_0101",
				[
					{
						"x": 1
					},
					{},
					27,
					{
						"Child": {
							"x": {
								"Values": [
									1
								],
								"result": ">"
							}
						},
						"Values": [
							{
								"x": 1
							},
							{}
						],
						"result": ">"
					},
					[],
					"Values"
				],
				null
			],
			[
				3822687,
				"_C_ComparisonsOf2Variables_0101 (Child): InputArray snapshot 0",
				[
					{
						"x": 1
					}
				],
				null
			],
			[
				3822689,
				"_C_ComparisonsOf2Variables_0101 (Child): InputArray snapshot 1",
				[
					{}
				],
				null
			],
			[
				3822690,
				"_C_ComparisonsOf2Variables_0101 (Child): InputArray snapshot 2",
				[
					27
				],
				null
			],
			[
				3822692,
				"_C_ComparisonsOf2Variables_0101 (Child): InputArray snapshot 3",
				[
					{
						"Child": {
							"x": {
								"Values": [
									1
								],
								"result": ">"
							}
						},
						"Values": [
							{
								"x": 1
							},
							{}
						],
						"result": ">"
					}
				],
				null
			],
			[
				3822693,
				"_C_ComparisonsOf2Variables_0101 (Child): InputArray snapshot 4",
				[
					[]
				],
				null
			],
			[
				3822694,
				"_C_ComparisonsOf2Variables_0101 (Child): InputArray snapshot 5",
				[
					"Values"
				],
				null
			],
			[
				3822696,
				"_C_ComparisonsOf2Variables_0101: key == \"result\"/\"Values\" -> skip, Further",
				[
					"Values"
				],
				null
			],
			[
				3831826,
				"UniversalBypass: visiting key",
				[
					"Child",
					[
						"Child"
					]
				],
				null
			],
			[
				3831840,
				"Class_Help.FunctionCall: Node(Class_ArrayAndOrDictionary)::_C_ComparisonsOf2Variables_0101",
				[
					{
						"x": 1
					},
					{},
					27,
					{
						"Child": {
							"x": {
								"Values": [
									1
								],
								"result": ">"
							}
						},
						"Values": [
							{
								"x": 1
							},
							{}
						],
						"result": ">"
					},
					[],
					"Child"
				],
				null
			],
			[
				3831843,
				"_C_ComparisonsOf2Variables_0101 (Child): InputArray snapshot 0",
				[
					{
						"x": 1
					}
				],
				null
			],
			[
				3831845,
				"_C_ComparisonsOf2Variables_0101 (Child): InputArray snapshot 1",
				[
					{}
				],
				null
			],
			[
				3831847,
				"_C_ComparisonsOf2Variables_0101 (Child): InputArray snapshot 2",
				[
					27
				],
				null
			],
			[
				3831848,
				"_C_ComparisonsOf2Variables_0101 (Child): InputArray snapshot 3",
				[
					{
						"Child": {
							"x": {
								"Values": [
									1
								],
								"result": ">"
							}
						},
						"Values": [
							{
								"x": 1
							},
							{}
						],
						"result": ">"
					}
				],
				null
			],
			[
				3831850,
				"_C_ComparisonsOf2Variables_0101 (Child): InputArray snapshot 4",
				[
					[]
				],
				null
			],
			[
				3831851,
				"_C_ComparisonsOf2Variables_0101 (Child): InputArray snapshot 5",
				[
					"Child"
				],
				null
			],
			[
				3831852,
				"_C_ComparisonsOf2Variables_0101: key == \"Child\" -> just Deeper, no recompute",
				[],
				null
			],
			[
				3831857,
				"UniversalBypass: Deeper, recursing",
				[
					"Child",
					1
				],
				null
			],
			[
				3839539,
				"UniversalBypass: visiting key",
				[
					"x",
					[
						"Child",
						"x"
					]
				],
				null
			],
			[
				3839554,
				"Class_Help.FunctionCall: Node(Class_ArrayAndOrDictionary)::_C_ComparisonsOf2Variables_0101",
				[
					{
						"x": 1
					},
					{},
					27,
					{
						"x": {
							"Values": [
								1
							],
							"result": ">"
						}
					},
					[],
					"x"
				],
				null
			],
			[
				3839558,
				"_C_ComparisonsOf2Variables_0101 (Child): InputArray snapshot 0",
				[
					{
						"x": 1
					}
				],
				null
			],
			[
				3839560,
				"_C_ComparisonsOf2Variables_0101 (Child): InputArray snapshot 1",
				[
					{}
				],
				null
			],
			[
				3839561,
				"_C_ComparisonsOf2Variables_0101 (Child): InputArray snapshot 2",
				[
					27
				],
				null
			],
			[
				3839563,
				"_C_ComparisonsOf2Variables_0101 (Child): InputArray snapshot 3",
				[
					{
						"x": {
							"Values": [
								1
							],
							"result": ">"
						}
					}
				],
				null
			],
			[
				3839564,
				"_C_ComparisonsOf2Variables_0101 (Child): InputArray snapshot 4",
				[
					[]
				],
				null
			],
			[
				3839565,
				"_C_ComparisonsOf2Variables_0101 (Child): InputArray snapshot 5",
				[
					"x"
				],
				null
			],
			[
				3839568,
				"_C_ComparisonsOf2Variables_0101: already resolved (>/< с первого прохода) -> skip, Further",
				[
					"x"
				],
				null
			],
			[
				3839585,
				"_CP_CO2V: recomputing aggregated result from children",
				[
					{
						"+": 0,
						"-": 0,
						"<": 0,
						">": 1,
						"~": 0,
						"~-": 0,
						"~<": 0,
						"~<-": 0,
						"~>": 0,
						"~>-": 0
					}
				],
				null
			],
			[
				3846470,
				"_CP_CO2V: result recomputed",
				[],
				">"
			],
			[
				3846479,
				"Stream finished: Test:only_in_a",
				[],
				null
			]
		],
		"4": [
			[
				3854112,
				"Stream created: Test:only_in_b",
				[],
				null
			],
			[
				3861188,
				"fC_ComparisonsOf2Variables_0101: types match",
				[
					{},
					{
						"x": 1
					}
				],
				null
			],
			[
				3861192,
				"fC_ComparisonsOf2Variables_0101: both Dictionary, not equal -> diff by key",
				[
					[],
					[
						"x"
					]
				],
				null
			],
			[
				3861225,
				"UniversalBypass: visiting key",
				[
					"result",
					[
						"result"
					]
				],
				null
			],
			[
				3861241,
				"Class_Help.FunctionCall: Node(Class_ArrayAndOrDictionary)::_C_ComparisonsOf2Variables_0101",
				[
					{},
					{
						"x": 1
					},
					27,
					{
						"Child": {
							"x": {
								"Values": [
									1
								],
								"result": "<"
							}
						},
						"Values": [
							{},
							{
								"x": 1
							}
						],
						"result": "<"
					},
					[],
					"result"
				],
				null
			],
			[
				3861245,
				"_C_ComparisonsOf2Variables_0101 (Child): InputArray snapshot 0",
				[
					{}
				],
				null
			],
			[
				3861246,
				"_C_ComparisonsOf2Variables_0101 (Child): InputArray snapshot 1",
				[
					{
						"x": 1
					}
				],
				null
			],
			[
				3861248,
				"_C_ComparisonsOf2Variables_0101 (Child): InputArray snapshot 2",
				[
					27
				],
				null
			],
			[
				3861249,
				"_C_ComparisonsOf2Variables_0101 (Child): InputArray snapshot 3",
				[
					{
						"Child": {
							"x": {
								"Values": [
									1
								],
								"result": "<"
							}
						},
						"Values": [
							{},
							{
								"x": 1
							}
						],
						"result": "<"
					}
				],
				null
			],
			[
				3861250,
				"_C_ComparisonsOf2Variables_0101 (Child): InputArray snapshot 4",
				[
					[]
				],
				null
			],
			[
				3861252,
				"_C_ComparisonsOf2Variables_0101 (Child): InputArray snapshot 5",
				[
					"result"
				],
				null
			],
			[
				3869796,
				"_C_ComparisonsOf2Variables_0101: key == \"result\"/\"Values\" -> skip, Further",
				[
					"result"
				],
				null
			],
			[
				3869808,
				"UniversalBypass: visiting key",
				[
					"Values",
					[
						"Values"
					]
				],
				null
			],
			[
				3869821,
				"Class_Help.FunctionCall: Node(Class_ArrayAndOrDictionary)::_C_ComparisonsOf2Variables_0101",
				[
					{},
					{
						"x": 1
					},
					27,
					{
						"Child": {
							"x": {
								"Values": [
									1
								],
								"result": "<"
							}
						},
						"Values": [
							{},
							{
								"x": 1
							}
						],
						"result": "<"
					},
					[],
					"Values"
				],
				null
			],
			[
				3869825,
				"_C_ComparisonsOf2Variables_0101 (Child): InputArray snapshot 0",
				[
					{}
				],
				null
			],
			[
				3869827,
				"_C_ComparisonsOf2Variables_0101 (Child): InputArray snapshot 1",
				[
					{
						"x": 1
					}
				],
				null
			],
			[
				3869828,
				"_C_ComparisonsOf2Variables_0101 (Child): InputArray snapshot 2",
				[
					27
				],
				null
			],
			[
				3869829,
				"_C_ComparisonsOf2Variables_0101 (Child): InputArray snapshot 3",
				[
					{
						"Child": {
							"x": {
								"Values": [
									1
								],
								"result": "<"
							}
						},
						"Values": [
							{},
							{
								"x": 1
							}
						],
						"result": "<"
					}
				],
				null
			],
			[
				3869831,
				"_C_ComparisonsOf2Variables_0101 (Child): InputArray snapshot 4",
				[
					[]
				],
				null
			],
			[
				3869832,
				"_C_ComparisonsOf2Variables_0101 (Child): InputArray snapshot 5",
				[
					"Values"
				],
				null
			],
			[
				3869834,
				"_C_ComparisonsOf2Variables_0101: key == \"result\"/\"Values\" -> skip, Further",
				[
					"Values"
				],
				null
			],
			[
				3877732,
				"UniversalBypass: visiting key",
				[
					"Child",
					[
						"Child"
					]
				],
				null
			],
			[
				3877759,
				"Class_Help.FunctionCall: Node(Class_ArrayAndOrDictionary)::_C_ComparisonsOf2Variables_0101",
				[
					{},
					{
						"x": 1
					},
					27,
					{
						"Child": {
							"x": {
								"Values": [
									1
								],
								"result": "<"
							}
						},
						"Values": [
							{},
							{
								"x": 1
							}
						],
						"result": "<"
					},
					[],
					"Child"
				],
				null
			],
			[
				3877762,
				"_C_ComparisonsOf2Variables_0101 (Child): InputArray snapshot 0",
				[
					{}
				],
				null
			],
			[
				3877764,
				"_C_ComparisonsOf2Variables_0101 (Child): InputArray snapshot 1",
				[
					{
						"x": 1
					}
				],
				null
			],
			[
				3877766,
				"_C_ComparisonsOf2Variables_0101 (Child): InputArray snapshot 2",
				[
					27
				],
				null
			],
			[
				3877767,
				"_C_ComparisonsOf2Variables_0101 (Child): InputArray snapshot 3",
				[
					{
						"Child": {
							"x": {
								"Values": [
									1
								],
								"result": "<"
							}
						},
						"Values": [
							{},
							{
								"x": 1
							}
						],
						"result": "<"
					}
				],
				null
			],
			[
				3877769,
				"_C_ComparisonsOf2Variables_0101 (Child): InputArray snapshot 4",
				[
					[]
				],
				null
			],
			[
				3877770,
				"_C_ComparisonsOf2Variables_0101 (Child): InputArray snapshot 5",
				[
					"Child"
				],
				null
			],
			[
				3877772,
				"_C_ComparisonsOf2Variables_0101: key == \"Child\" -> just Deeper, no recompute",
				[],
				null
			],
			[
				3877777,
				"UniversalBypass: Deeper, recursing",
				[
					"Child",
					1
				],
				null
			],
			[
				3878604,
				"UniversalBypass: visiting key",
				[
					"x",
					[
						"Child",
						"x"
					]
				],
				null
			],
			[
				3878612,
				"Class_Help.FunctionCall: Node(Class_ArrayAndOrDictionary)::_C_ComparisonsOf2Variables_0101",
				[
					{},
					{
						"x": 1
					},
					27,
					{
						"x": {
							"Values": [
								1
							],
							"result": "<"
						}
					},
					[],
					"x"
				],
				null
			],
			[
				3878614,
				"_C_ComparisonsOf2Variables_0101 (Child): InputArray snapshot 0",
				[
					{}
				],
				null
			],
			[
				3878616,
				"_C_ComparisonsOf2Variables_0101 (Child): InputArray snapshot 1",
				[
					{
						"x": 1
					}
				],
				null
			],
			[
				3878617,
				"_C_ComparisonsOf2Variables_0101 (Child): InputArray snapshot 2",
				[
					27
				],
				null
			],
			[
				3878619,
				"_C_ComparisonsOf2Variables_0101 (Child): InputArray snapshot 3",
				[
					{
						"x": {
							"Values": [
								1
							],
							"result": "<"
						}
					}
				],
				null
			],
			[
				3878621,
				"_C_ComparisonsOf2Variables_0101 (Child): InputArray snapshot 4",
				[
					[]
				],
				null
			],
			[
				3878623,
				"_C_ComparisonsOf2Variables_0101 (Child): InputArray snapshot 5",
				[
					"x"
				],
				null
			],
			[
				3878626,
				"_C_ComparisonsOf2Variables_0101: already resolved (>/< с первого прохода) -> skip, Further",
				[
					"x"
				],
				null
			],
			[
				3878644,
				"_CP_CO2V: recomputing aggregated result from children",
				[
					{
						"+": 0,
						"-": 0,
						"<": 1,
						">": 0,
						"~": 0,
						"~-": 0,
						"~<": 0,
						"~<-": 0,
						"~>": 0,
						"~>-": 0
					}
				],
				null
			],
			[
				3879474,
				"_CP_CO2V: result recomputed",
				[],
				"<"
			],
			[
				3879483,
				"Stream finished: Test:only_in_b",
				[],
				null
			]
		],
		"5": [
			[
				3880633,
				"Stream created: Test:nested_diff",
				[],
				null
			],
			[
				3891395,
				"fC_ComparisonsOf2Variables_0101: types match",
				[
					{
						"x": {
							"y": 1
						}
					},
					{
						"x": {
							"y": 2
						}
					}
				],
				null
			],
			[
				3891402,
				"fC_ComparisonsOf2Variables_0101: both Dictionary, not equal -> diff by key",
				[
					[
						"x"
					],
					[
						"x"
					]
				],
				null
			],
			[
				3891419,
				"UniversalBypass: visiting key",
				[
					"result",
					[
						"result"
					]
				],
				null
			],
			[
				3891433,
				"Class_Help.FunctionCall: Node(Class_ArrayAndOrDictionary)::_C_ComparisonsOf2Variables_0101",
				[
					{
						"x": {
							"y": 1
						}
					},
					{
						"x": {
							"y": 2
						}
					},
					27,
					{
						"Child": {
							"x": {
								"Child": {
									"y": {
										"Values": [
											1,
											2
										],
										"result": "-KM"
									}
								},
								"Values": [
									{
										"y": 1
									},
									{
										"y": 2
									}
								],
								"result": "-KM"
							}
						},
						"Values": [
							{
								"x": {
									"y": 1
								}
							},
							{
								"x": {
									"y": 2
								}
							}
						],
						"result": "-KM"
					},
					[],
					"result"
				],
				null
			],
			[
				3891438,
				"_C_ComparisonsOf2Variables_0101 (Child): InputArray snapshot 0",
				[
					{
						"x": {
							"y": 1
						}
					}
				],
				null
			],
			[
				3891441,
				"_C_ComparisonsOf2Variables_0101 (Child): InputArray snapshot 1",
				[
					{
						"x": {
							"y": 2
						}
					}
				],
				null
			],
			[
				3891443,
				"_C_ComparisonsOf2Variables_0101 (Child): InputArray snapshot 2",
				[
					27
				],
				null
			],
			[
				3891446,
				"_C_ComparisonsOf2Variables_0101 (Child): InputArray snapshot 3",
				[
					{
						"Child": {
							"x": {
								"Child": {
									"y": {
										"Values": [
											1,
											2
										],
										"result": "-KM"
									}
								},
								"Values": [
									{
										"y": 1
									},
									{
										"y": 2
									}
								],
								"result": "-KM"
							}
						},
						"Values": [
							{
								"x": {
									"y": 1
								}
							},
							{
								"x": {
									"y": 2
								}
							}
						],
						"result": "-KM"
					}
				],
				null
			],
			[
				3891448,
				"_C_ComparisonsOf2Variables_0101 (Child): InputArray snapshot 4",
				[
					[]
				],
				null
			],
			[
				3891450,
				"_C_ComparisonsOf2Variables_0101 (Child): InputArray snapshot 5",
				[
					"result"
				],
				null
			],
			[
				3892527,
				"_C_ComparisonsOf2Variables_0101: key == \"result\"/\"Values\" -> skip, Further",
				[
					"result"
				],
				null
			],
			[
				3892536,
				"UniversalBypass: visiting key",
				[
					"Values",
					[
						"Values"
					]
				],
				null
			],
			[
				3892546,
				"Class_Help.FunctionCall: Node(Class_ArrayAndOrDictionary)::_C_ComparisonsOf2Variables_0101",
				[
					{
						"x": {
							"y": 1
						}
					},
					{
						"x": {
							"y": 2
						}
					},
					27,
					{
						"Child": {
							"x": {
								"Child": {
									"y": {
										"Values": [
											1,
											2
										],
										"result": "-KM"
									}
								},
								"Values": [
									{
										"y": 1
									},
									{
										"y": 2
									}
								],
								"result": "-KM"
							}
						},
						"Values": [
							{
								"x": {
									"y": 1
								}
							},
							{
								"x": {
									"y": 2
								}
							}
						],
						"result": "-KM"
					},
					[],
					"Values"
				],
				null
			],
			[
				3892549,
				"_C_ComparisonsOf2Variables_0101 (Child): InputArray snapshot 0",
				[
					{
						"x": {
							"y": 1
						}
					}
				],
				null
			],
			[
				3892551,
				"_C_ComparisonsOf2Variables_0101 (Child): InputArray snapshot 1",
				[
					{
						"x": {
							"y": 2
						}
					}
				],
				null
			],
			[
				3892553,
				"_C_ComparisonsOf2Variables_0101 (Child): InputArray snapshot 2",
				[
					27
				],
				null
			],
			[
				3892555,
				"_C_ComparisonsOf2Variables_0101 (Child): InputArray snapshot 3",
				[
					{
						"Child": {
							"x": {
								"Child": {
									"y": {
										"Values": [
											1,
											2
										],
										"result": "-KM"
									}
								},
								"Values": [
									{
										"y": 1
									},
									{
										"y": 2
									}
								],
								"result": "-KM"
							}
						},
						"Values": [
							{
								"x": {
									"y": 1
								}
							},
							{
								"x": {
									"y": 2
								}
							}
						],
						"result": "-KM"
					}
				],
				null
			],
			[
				3892556,
				"_C_ComparisonsOf2Variables_0101 (Child): InputArray snapshot 4",
				[
					[]
				],
				null
			],
			[
				3892558,
				"_C_ComparisonsOf2Variables_0101 (Child): InputArray snapshot 5",
				[
					"Values"
				],
				null
			],
			[
				3892561,
				"_C_ComparisonsOf2Variables_0101: key == \"result\"/\"Values\" -> skip, Further",
				[
					"Values"
				],
				null
			],
			[
				3893690,
				"UniversalBypass: visiting key",
				[
					"Child",
					[
						"Child"
					]
				],
				null
			],
			[
				3893702,
				"Class_Help.FunctionCall: Node(Class_ArrayAndOrDictionary)::_C_ComparisonsOf2Variables_0101",
				[
					{
						"x": {
							"y": 1
						}
					},
					{
						"x": {
							"y": 2
						}
					},
					27,
					{
						"Child": {
							"x": {
								"Child": {
									"y": {
										"Values": [
											1,
											2
										],
										"result": "-KM"
									}
								},
								"Values": [
									{
										"y": 1
									},
									{
										"y": 2
									}
								],
								"result": "-KM"
							}
						},
						"Values": [
							{
								"x": {
									"y": 1
								}
							},
							{
								"x": {
									"y": 2
								}
							}
						],
						"result": "-KM"
					},
					[],
					"Child"
				],
				null
			],
			[
				3893705,
				"_C_ComparisonsOf2Variables_0101 (Child): InputArray snapshot 0",
				[
					{
						"x": {
							"y": 1
						}
					}
				],
				null
			],
			[
				3893707,
				"_C_ComparisonsOf2Variables_0101 (Child): InputArray snapshot 1",
				[
					{
						"x": {
							"y": 2
						}
					}
				],
				null
			],
			[
				3893709,
				"_C_ComparisonsOf2Variables_0101 (Child): InputArray snapshot 2",
				[
					27
				],
				null
			],
			[
				3893710,
				"_C_ComparisonsOf2Variables_0101 (Child): InputArray snapshot 3",
				[
					{
						"Child": {
							"x": {
								"Child": {
									"y": {
										"Values": [
											1,
											2
										],
										"result": "-KM"
									}
								},
								"Values": [
									{
										"y": 1
									},
									{
										"y": 2
									}
								],
								"result": "-KM"
							}
						},
						"Values": [
							{
								"x": {
									"y": 1
								}
							},
							{
								"x": {
									"y": 2
								}
							}
						],
						"result": "-KM"
					}
				],
				null
			],
			[
				3893712,
				"_C_ComparisonsOf2Variables_0101 (Child): InputArray snapshot 4",
				[
					[]
				],
				null
			],
			[
				3893714,
				"_C_ComparisonsOf2Variables_0101 (Child): InputArray snapshot 5",
				[
					"Child"
				],
				null
			],
			[
				3893716,
				"_C_ComparisonsOf2Variables_0101: key == \"Child\" -> just Deeper, no recompute",
				[],
				null
			],
			[
				3893720,
				"UniversalBypass: Deeper, recursing",
				[
					"Child",
					1
				],
				null
			],
			[
				3894682,
				"UniversalBypass: visiting key",
				[
					"x",
					[
						"Child",
						"x"
					]
				],
				null
			],
			[
				3894690,
				"Class_Help.FunctionCall: Node(Class_ArrayAndOrDictionary)::_C_ComparisonsOf2Variables_0101",
				[
					{
						"x": {
							"y": 1
						}
					},
					{
						"x": {
							"y": 2
						}
					},
					27,
					{
						"x": {
							"Child": {
								"y": {
									"Values": [
										1,
										2
									],
									"result": "-KM"
								}
							},
							"Values": [
								{
									"y": 1
								},
								{
									"y": 2
								}
							],
							"result": "-KM"
						}
					},
					[],
					"x"
				],
				null
			],
			[
				3894692,
				"_C_ComparisonsOf2Variables_0101 (Child): InputArray snapshot 0",
				[
					{
						"x": {
							"y": 1
						}
					}
				],
				null
			],
			[
				3894694,
				"_C_ComparisonsOf2Variables_0101 (Child): InputArray snapshot 1",
				[
					{
						"x": {
							"y": 2
						}
					}
				],
				null
			],
			[
				3894695,
				"_C_ComparisonsOf2Variables_0101 (Child): InputArray snapshot 2",
				[
					27
				],
				null
			],
			[
				3894696,
				"_C_ComparisonsOf2Variables_0101 (Child): InputArray snapshot 3",
				[
					{
						"x": {
							"Child": {
								"y": {
									"Values": [
										1,
										2
									],
									"result": "-KM"
								}
							},
							"Values": [
								{
									"y": 1
								},
								{
									"y": 2
								}
							],
							"result": "-KM"
						}
					}
				],
				null
			],
			[
				3894698,
				"_C_ComparisonsOf2Variables_0101 (Child): InputArray snapshot 4",
				[
					[]
				],
				null
			],
			[
				3894699,
				"_C_ComparisonsOf2Variables_0101 (Child): InputArray snapshot 5",
				[
					"x"
				],
				null
			],
			[
				3894712,
				"Class_Help.FunctionCall: Node(Class_ArrayAndOrDictionary)::_PAW_CO2V",
				[
					{
						"x": {
							"y": 1
						}
					},
					{
						"x": {
							"y": 1
						}
					},
					"Child"
				],
				null
			],
			[
				3894714,
				"_PAW_CO2V: elPA == Child -> skip this level",
				[
					"Child"
				],
				"flagPassageAlongWay=false"
			],
			[
				3895650,
				"PassageAlongWay: Not flagPassageAlongWay, staying at current level",
				[
					"Child"
				],
				null
			],
			[
				3895659,
				"Class_Help.FunctionCall: Node(Class_ArrayAndOrDictionary)::_PAW_CO2V",
				[
					{
						"x": {
							"y": 1
						}
					},
					{
						"x": {
							"y": 1
						}
					},
					"x"
				],
				null
			],
			[
				3895664,
				"PassageAlongWay: Good flagPassageAlongWay, stepping into",
				[
					"x"
				],
				null
			],
			[
				3895673,
				"Class_Help.FunctionCall: Node(Class_ArrayAndOrDictionary)::_PAW_CO2V",
				[
					{
						"x": {
							"y": 2
						}
					},
					{
						"x": {
							"y": 2
						}
					},
					"Child"
				],
				null
			],
			[
				3895675,
				"_PAW_CO2V: elPA == Child -> skip this level",
				[
					"Child"
				],
				"flagPassageAlongWay=false"
			],
			[
				3895678,
				"PassageAlongWay: Not flagPassageAlongWay, staying at current level",
				[
					"Child"
				],
				null
			],
			[
				3895684,
				"Class_Help.FunctionCall: Node(Class_ArrayAndOrDictionary)::_PAW_CO2V",
				[
					{
						"x": {
							"y": 2
						}
					},
					{
						"x": {
							"y": 2
						}
					},
					"x"
				],
				null
			],
			[
				3895687,
				"PassageAlongWay: Good flagPassageAlongWay, stepping into",
				[
					"x"
				],
				null
			],
			[
				3895689,
				"_C_ComparisonsOf2Variables_0101: Child branch entered",
				[
					[
						"Child",
						"x"
					]
				],
				null
			],
			[
				3895692,
				"_C_ComparisonsOf2Variables_0101: both Dictionary, not equal -> Deeper",
				[],
				null
			],
			[
				3896625,
				"UniversalBypass: Deeper, recursing",
				[
					"x",
					2
				],
				null
			],
			[
				3896630,
				"UniversalBypass: visiting key",
				[
					"result",
					[
						"Child",
						"x",
						"result"
					]
				],
				null
			],
			[
				3896637,
				"Class_Help.FunctionCall: Node(Class_ArrayAndOrDictionary)::_C_ComparisonsOf2Variables_0101",
				[
					{
						"x": {
							"y": 1
						}
					},
					{
						"x": {
							"y": 2
						}
					},
					27,
					{
						"Child": {
							"y": {
								"Values": [
									1,
									2
								],
								"result": "-KM"
							}
						},
						"Values": [
							{
								"y": 1
							},
							{
								"y": 2
							}
						],
						"result": "-KM"
					},
					[],
					"result"
				],
				null
			],
			[
				3896639,
				"_C_ComparisonsOf2Variables_0101 (Child): InputArray snapshot 0",
				[
					{
						"x": {
							"y": 1
						}
					}
				],
				null
			],
			[
				3896641,
				"_C_ComparisonsOf2Variables_0101 (Child): InputArray snapshot 1",
				[
					{
						"x": {
							"y": 2
						}
					}
				],
				null
			],
			[
				3896643,
				"_C_ComparisonsOf2Variables_0101 (Child): InputArray snapshot 2",
				[
					27
				],
				null
			],
			[
				3896644,
				"_C_ComparisonsOf2Variables_0101 (Child): InputArray snapshot 3",
				[
					{
						"Child": {
							"y": {
								"Values": [
									1,
									2
								],
								"result": "-KM"
							}
						},
						"Values": [
							{
								"y": 1
							},
							{
								"y": 2
							}
						],
						"result": "-KM"
					}
				],
				null
			],
			[
				3896645,
				"_C_ComparisonsOf2Variables_0101 (Child): InputArray snapshot 4",
				[
					[]
				],
				null
			],
			[
				3896647,
				"_C_ComparisonsOf2Variables_0101 (Child): InputArray snapshot 5",
				[
					"result"
				],
				null
			],
			[
				3896649,
				"_C_ComparisonsOf2Variables_0101: key == \"result\"/\"Values\" -> skip, Further",
				[
					"result"
				],
				null
			],
			[
				3897641,
				"UniversalBypass: visiting key",
				[
					"Values",
					[
						"Child",
						"x",
						"Values"
					]
				],
				null
			],
			[
				3897648,
				"Class_Help.FunctionCall: Node(Class_ArrayAndOrDictionary)::_C_ComparisonsOf2Variables_0101",
				[
					{
						"x": {
							"y": 1
						}
					},
					{
						"x": {
							"y": 2
						}
					},
					27,
					{
						"Child": {
							"y": {
								"Values": [
									1,
									2
								],
								"result": "-KM"
							}
						},
						"Values": [
							{
								"y": 1
							},
							{
								"y": 2
							}
						],
						"result": "-KM"
					},
					[],
					"Values"
				],
				null
			],
			[
				3897650,
				"_C_ComparisonsOf2Variables_0101 (Child): InputArray snapshot 0",
				[
					{
						"x": {
							"y": 1
						}
					}
				],
				null
			],
			[
				3897652,
				"_C_ComparisonsOf2Variables_0101 (Child): InputArray snapshot 1",
				[
					{
						"x": {
							"y": 2
						}
					}
				],
				null
			],
			[
				3897653,
				"_C_ComparisonsOf2Variables_0101 (Child): InputArray snapshot 2",
				[
					27
				],
				null
			],
			[
				3897654,
				"_C_ComparisonsOf2Variables_0101 (Child): InputArray snapshot 3",
				[
					{
						"Child": {
							"y": {
								"Values": [
									1,
									2
								],
								"result": "-KM"
							}
						},
						"Values": [
							{
								"y": 1
							},
							{
								"y": 2
							}
						],
						"result": "-KM"
					}
				],
				null
			],
			[
				3897656,
				"_C_ComparisonsOf2Variables_0101 (Child): InputArray snapshot 4",
				[
					[]
				],
				null
			],
			[
				3897657,
				"_C_ComparisonsOf2Variables_0101 (Child): InputArray snapshot 5",
				[
					"Values"
				],
				null
			],
			[
				3897659,
				"_C_ComparisonsOf2Variables_0101: key == \"result\"/\"Values\" -> skip, Further",
				[
					"Values"
				],
				null
			],
			[
				3897662,
				"UniversalBypass: visiting key",
				[
					"Child",
					[
						"Child",
						"x",
						"Child"
					]
				],
				null
			],
			[
				3898778,
				"Class_Help.FunctionCall: Node(Class_ArrayAndOrDictionary)::_C_ComparisonsOf2Variables_0101",
				[
					{
						"x": {
							"y": 1
						}
					},
					{
						"x": {
							"y": 2
						}
					},
					27,
					{
						"Child": {
							"y": {
								"Values": [
									1,
									2
								],
								"result": "-KM"
							}
						},
						"Values": [
							{
								"y": 1
							},
							{
								"y": 2
							}
						],
						"result": "-KM"
					},
					[],
					"Child"
				],
				null
			],
			[
				3898781,
				"_C_ComparisonsOf2Variables_0101 (Child): InputArray snapshot 0",
				[
					{
						"x": {
							"y": 1
						}
					}
				],
				null
			],
			[
				3898783,
				"_C_ComparisonsOf2Variables_0101 (Child): InputArray snapshot 1",
				[
					{
						"x": {
							"y": 2
						}
					}
				],
				null
			],
			[
				3898785,
				"_C_ComparisonsOf2Variables_0101 (Child): InputArray snapshot 2",
				[
					27
				],
				null
			],
			[
				3898786,
				"_C_ComparisonsOf2Variables_0101 (Child): InputArray snapshot 3",
				[
					{
						"Child": {
							"y": {
								"Values": [
									1,
									2
								],
								"result": "-KM"
							}
						},
						"Values": [
							{
								"y": 1
							},
							{
								"y": 2
							}
						],
						"result": "-KM"
					}
				],
				null
			],
			[
				3898788,
				"_C_ComparisonsOf2Variables_0101 (Child): InputArray snapshot 4",
				[
					[]
				],
				null
			],
			[
				3898789,
				"_C_ComparisonsOf2Variables_0101 (Child): InputArray snapshot 5",
				[
					"Child"
				],
				null
			],
			[
				3898790,
				"_C_ComparisonsOf2Variables_0101: key == \"Child\" -> just Deeper, no recompute",
				[],
				null
			],
			[
				3898794,
				"UniversalBypass: Deeper, recursing",
				[
					"Child",
					3
				],
				null
			],
			[
				3898799,
				"UniversalBypass: visiting key",
				[
					"y",
					[
						"Child",
						"x",
						"Child",
						"y"
					]
				],
				null
			],
			[
				3899912,
				"Class_Help.FunctionCall: Node(Class_ArrayAndOrDictionary)::_C_ComparisonsOf2Variables_0101",
				[
					{
						"x": {
							"y": 1
						}
					},
					{
						"x": {
							"y": 2
						}
					},
					27,
					{
						"y": {
							"Values": [
								1,
								2
							],
							"result": "-KM"
						}
					},
					[],
					"y"
				],
				null
			],
			[
				3899915,
				"_C_ComparisonsOf2Variables_0101 (Child): InputArray snapshot 0",
				[
					{
						"x": {
							"y": 1
						}
					}
				],
				null
			],
			[
				3899916,
				"_C_ComparisonsOf2Variables_0101 (Child): InputArray snapshot 1",
				[
					{
						"x": {
							"y": 2
						}
					}
				],
				null
			],
			[
				3899918,
				"_C_ComparisonsOf2Variables_0101 (Child): InputArray snapshot 2",
				[
					27
				],
				null
			],
			[
				3899919,
				"_C_ComparisonsOf2Variables_0101 (Child): InputArray snapshot 3",
				[
					{
						"y": {
							"Values": [
								1,
								2
							],
							"result": "-KM"
						}
					}
				],
				null
			],
			[
				3899920,
				"_C_ComparisonsOf2Variables_0101 (Child): InputArray snapshot 4",
				[
					[]
				],
				null
			],
			[
				3899922,
				"_C_ComparisonsOf2Variables_0101 (Child): InputArray snapshot 5",
				[
					"y"
				],
				null
			],
			[
				3899932,
				"Class_Help.FunctionCall: Node(Class_ArrayAndOrDictionary)::_PAW_CO2V",
				[
					{
						"x": {
							"y": 1
						}
					},
					{
						"x": {
							"y": 1
						}
					},
					"Child"
				],
				null
			],
			[
				3899935,
				"_PAW_CO2V: elPA == Child -> skip this level",
				[
					"Child"
				],
				"flagPassageAlongWay=false"
			],
			[
				3899938,
				"PassageAlongWay: Not flagPassageAlongWay, staying at current level",
				[
					"Child"
				],
				null
			],
			[
				3901100,
				"Class_Help.FunctionCall: Node(Class_ArrayAndOrDictionary)::_PAW_CO2V",
				[
					{
						"x": {
							"y": 1
						}
					},
					{
						"x": {
							"y": 1
						}
					},
					"x"
				],
				null
			],
			[
				3901105,
				"PassageAlongWay: Good flagPassageAlongWay, stepping into",
				[
					"x"
				],
				null
			],
			[
				3901111,
				"Class_Help.FunctionCall: Node(Class_ArrayAndOrDictionary)::_PAW_CO2V",
				[
					{
						"y": 1
					},
					{
						"x": {
							"y": 1
						}
					},
					"Child"
				],
				null
			],
			[
				3901113,
				"_PAW_CO2V: elPA == Child -> skip this level",
				[
					"Child"
				],
				"flagPassageAlongWay=false"
			],
			[
				3901117,
				"PassageAlongWay: Not flagPassageAlongWay, staying at current level",
				[
					"Child"
				],
				null
			],
			[
				3901122,
				"Class_Help.FunctionCall: Node(Class_ArrayAndOrDictionary)::_PAW_CO2V",
				[
					{
						"y": 1
					},
					{
						"x": {
							"y": 1
						}
					},
					"y"
				],
				null
			],
			[
				3901125,
				"PassageAlongWay: Good flagPassageAlongWay, stepping into",
				[
					"y"
				],
				null
			],
			[
				3901134,
				"Class_Help.FunctionCall: Node(Class_ArrayAndOrDictionary)::_PAW_CO2V",
				[
					{
						"x": {
							"y": 2
						}
					},
					{
						"x": {
							"y": 2
						}
					},
					"Child"
				],
				null
			],
			[
				3901135,
				"_PAW_CO2V: elPA == Child -> skip this level",
				[
					"Child"
				],
				"flagPassageAlongWay=false"
			],
			[
				3901138,
				"PassageAlongWay: Not flagPassageAlongWay, staying at current level",
				[
					"Child"
				],
				null
			],
			[
				3902419,
				"Class_Help.FunctionCall: Node(Class_ArrayAndOrDictionary)::_PAW_CO2V",
				[
					{
						"x": {
							"y": 2
						}
					},
					{
						"x": {
							"y": 2
						}
					},
					"x"
				],
				null
			],
			[
				3902453,
				"PassageAlongWay: Good flagPassageAlongWay, stepping into",
				[
					"x"
				],
				null
			],
			[
				3902460,
				"Class_Help.FunctionCall: Node(Class_ArrayAndOrDictionary)::_PAW_CO2V",
				[
					{
						"y": 2
					},
					{
						"x": {
							"y": 2
						}
					},
					"Child"
				],
				null
			],
			[
				3902462,
				"_PAW_CO2V: elPA == Child -> skip this level",
				[
					"Child"
				],
				"flagPassageAlongWay=false"
			],
			[
				3902465,
				"PassageAlongWay: Not flagPassageAlongWay, staying at current level",
				[
					"Child"
				],
				null
			],
			[
				3902471,
				"Class_Help.FunctionCall: Node(Class_ArrayAndOrDictionary)::_PAW_CO2V",
				[
					{
						"y": 2
					},
					{
						"x": {
							"y": 2
						}
					},
					"y"
				],
				null
			],
			[
				3902474,
				"PassageAlongWay: Good flagPassageAlongWay, stepping into",
				[
					"y"
				],
				null
			],
			[
				3902476,
				"_C_ComparisonsOf2Variables_0101: Child branch entered",
				[
					[
						"Child",
						"x",
						"Child",
						"y"
					]
				],
				null
			],
			[
				3902479,
				"_C_ComparisonsOf2Variables_0101: same type, not equal, not Dictionary -> -KM -> Further",
				[],
				null
			],
			[
				3902500,
				"_CP_CO2V: recomputing aggregated result from children",
				[
					{
						"+": 0,
						"-": 1,
						"<": 0,
						">": 0,
						"~": 0,
						"~-": 0,
						"~<": 0,
						"~<-": 0,
						"~>": 0,
						"~>-": 0
					}
				],
				null
			],
			[
				3904102,
				"_CP_CO2V: result recomputed",
				[],
				"-KM"
			],
			[
				3904114,
				"_CP_CO2V: recomputing aggregated result from children",
				[
					{
						"+": 0,
						"-": 1,
						"<": 0,
						">": 0,
						"~": 0,
						"~-": 0,
						"~<": 0,
						"~<-": 0,
						"~>": 0,
						"~>-": 0
					}
				],
				null
			],
			[
				3904117,
				"_CP_CO2V: result recomputed",
				[],
				"-KM"
			],
			[
				3904125,
				"Stream finished: Test:nested_diff",
				[],
				null
			]
		],
		"6": [
			[
				3905765,
				"Stream created: Test:array_equal",
				[],
				null
			],
			[
				3914544,
				"fC_ComparisonsOf2Variables_0101: types match",
				[
					{
						"arr": [
							1,
							2
						]
					},
					{
						"arr": [
							1,
							2
						]
					}
				],
				null
			],
			[
				3914548,
				"fC_ComparisonsOf2Variables_0101: fully equal -> +KM",
				[],
				"result=+KM"
			],
			[
				3914553,
				"Stream finished: Test:array_equal",
				[],
				null
			]
		],
		"7": [
			[
				3926809,
				"Stream created: Test:array_diff",
				[],
				null
			],
			[
				3935483,
				"fC_ComparisonsOf2Variables_0101: types match",
				[
					{
						"arr": [
							1,
							2
						]
					},
					{
						"arr": [
							1,
							3
						]
					}
				],
				null
			],
			[
				3935488,
				"fC_ComparisonsOf2Variables_0101: both Dictionary, not equal -> diff by key",
				[
					[
						"arr"
					],
					[
						"arr"
					]
				],
				null
			],
			[
				3935502,
				"UniversalBypass: visiting key",
				[
					"result",
					[
						"result"
					]
				],
				null
			],
			[
				3935515,
				"Class_Help.FunctionCall: Node(Class_ArrayAndOrDictionary)::_C_ComparisonsOf2Variables_0101",
				[
					{
						"arr": [
							1,
							2
						]
					},
					{
						"arr": [
							1,
							3
						]
					},
					27,
					{
						"Child": {
							"arr": {
								"Values": [
									[
										1,
										2
									],
									[
										1,
										3
									]
								],
								"result": "-KM"
							}
						},
						"Values": [
							{
								"arr": [
									1,
									2
								]
							},
							{
								"arr": [
									1,
									3
								]
							}
						],
						"result": "-KM"
					},
					[],
					"result"
				],
				null
			],
			[
				3935518,
				"_C_ComparisonsOf2Variables_0101 (Child): InputArray snapshot 0",
				[
					{
						"arr": [
							1,
							2
						]
					}
				],
				null
			],
			[
				3935520,
				"_C_ComparisonsOf2Variables_0101 (Child): InputArray snapshot 1",
				[
					{
						"arr": [
							1,
							3
						]
					}
				],
				null
			],
			[
				3935521,
				"_C_ComparisonsOf2Variables_0101 (Child): InputArray snapshot 2",
				[
					27
				],
				null
			],
			[
				3935522,
				"_C_ComparisonsOf2Variables_0101 (Child): InputArray snapshot 3",
				[
					{
						"Child": {
							"arr": {
								"Values": [
									[
										1,
										2
									],
									[
										1,
										3
									]
								],
								"result": "-KM"
							}
						},
						"Values": [
							{
								"arr": [
									1,
									2
								]
							},
							{
								"arr": [
									1,
									3
								]
							}
						],
						"result": "-KM"
					}
				],
				null
			],
			[
				3935524,
				"_C_ComparisonsOf2Variables_0101 (Child): InputArray snapshot 4",
				[
					[]
				],
				null
			],
			[
				3935526,
				"_C_ComparisonsOf2Variables_0101 (Child): InputArray snapshot 5",
				[
					"result"
				],
				null
			],
			[
				3937663,
				"_C_ComparisonsOf2Variables_0101: key == \"result\"/\"Values\" -> skip, Further",
				[
					"result"
				],
				null
			],
			[
				3937677,
				"UniversalBypass: visiting key",
				[
					"Values",
					[
						"Values"
					]
				],
				null
			],
			[
				3937692,
				"Class_Help.FunctionCall: Node(Class_ArrayAndOrDictionary)::_C_ComparisonsOf2Variables_0101",
				[
					{
						"arr": [
							1,
							2
						]
					},
					{
						"arr": [
							1,
							3
						]
					},
					27,
					{
						"Child": {
							"arr": {
								"Values": [
									[
										1,
										2
									],
									[
										1,
										3
									]
								],
								"result": "-KM"
							}
						},
						"Values": [
							{
								"arr": [
									1,
									2
								]
							},
							{
								"arr": [
									1,
									3
								]
							}
						],
						"result": "-KM"
					},
					[],
					"Values"
				],
				null
			],
			[
				3937695,
				"_C_ComparisonsOf2Variables_0101 (Child): InputArray snapshot 0",
				[
					{
						"arr": [
							1,
							2
						]
					}
				],
				null
			],
			[
				3937696,
				"_C_ComparisonsOf2Variables_0101 (Child): InputArray snapshot 1",
				[
					{
						"arr": [
							1,
							3
						]
					}
				],
				null
			],
			[
				3937698,
				"_C_ComparisonsOf2Variables_0101 (Child): InputArray snapshot 2",
				[
					27
				],
				null
			],
			[
				3937699,
				"_C_ComparisonsOf2Variables_0101 (Child): InputArray snapshot 3",
				[
					{
						"Child": {
							"arr": {
								"Values": [
									[
										1,
										2
									],
									[
										1,
										3
									]
								],
								"result": "-KM"
							}
						},
						"Values": [
							{
								"arr": [
									1,
									2
								]
							},
							{
								"arr": [
									1,
									3
								]
							}
						],
						"result": "-KM"
					}
				],
				null
			],
			[
				3937700,
				"_C_ComparisonsOf2Variables_0101 (Child): InputArray snapshot 4",
				[
					[]
				],
				null
			],
			[
				3937701,
				"_C_ComparisonsOf2Variables_0101 (Child): InputArray snapshot 5",
				[
					"Values"
				],
				null
			],
			[
				3937703,
				"_C_ComparisonsOf2Variables_0101: key == \"result\"/\"Values\" -> skip, Further",
				[
					"Values"
				],
				null
			],
			[
				3939654,
				"UniversalBypass: visiting key",
				[
					"Child",
					[
						"Child"
					]
				],
				null
			],
			[
				3939666,
				"Class_Help.FunctionCall: Node(Class_ArrayAndOrDictionary)::_C_ComparisonsOf2Variables_0101",
				[
					{
						"arr": [
							1,
							2
						]
					},
					{
						"arr": [
							1,
							3
						]
					},
					27,
					{
						"Child": {
							"arr": {
								"Values": [
									[
										1,
										2
									],
									[
										1,
										3
									]
								],
								"result": "-KM"
							}
						},
						"Values": [
							{
								"arr": [
									1,
									2
								]
							},
							{
								"arr": [
									1,
									3
								]
							}
						],
						"result": "-KM"
					},
					[],
					"Child"
				],
				null
			],
			[
				3939669,
				"_C_ComparisonsOf2Variables_0101 (Child): InputArray snapshot 0",
				[
					{
						"arr": [
							1,
							2
						]
					}
				],
				null
			],
			[
				3939671,
				"_C_ComparisonsOf2Variables_0101 (Child): InputArray snapshot 1",
				[
					{
						"arr": [
							1,
							3
						]
					}
				],
				null
			],
			[
				3939673,
				"_C_ComparisonsOf2Variables_0101 (Child): InputArray snapshot 2",
				[
					27
				],
				null
			],
			[
				3939674,
				"_C_ComparisonsOf2Variables_0101 (Child): InputArray snapshot 3",
				[
					{
						"Child": {
							"arr": {
								"Values": [
									[
										1,
										2
									],
									[
										1,
										3
									]
								],
								"result": "-KM"
							}
						},
						"Values": [
							{
								"arr": [
									1,
									2
								]
							},
							{
								"arr": [
									1,
									3
								]
							}
						],
						"result": "-KM"
					}
				],
				null
			],
			[
				3939676,
				"_C_ComparisonsOf2Variables_0101 (Child): InputArray snapshot 4",
				[
					[]
				],
				null
			],
			[
				3939677,
				"_C_ComparisonsOf2Variables_0101 (Child): InputArray snapshot 5",
				[
					"Child"
				],
				null
			],
			[
				3939678,
				"_C_ComparisonsOf2Variables_0101: key == \"Child\" -> just Deeper, no recompute",
				[],
				null
			],
			[
				3939683,
				"UniversalBypass: Deeper, recursing",
				[
					"Child",
					1
				],
				null
			],
			[
				3941343,
				"UniversalBypass: visiting key",
				[
					"arr",
					[
						"Child",
						"arr"
					]
				],
				null
			],
			[
				3941354,
				"Class_Help.FunctionCall: Node(Class_ArrayAndOrDictionary)::_C_ComparisonsOf2Variables_0101",
				[
					{
						"arr": [
							1,
							2
						]
					},
					{
						"arr": [
							1,
							3
						]
					},
					27,
					{
						"arr": {
							"Values": [
								[
									1,
									2
								],
								[
									1,
									3
								]
							],
							"result": "-KM"
						}
					},
					[],
					"arr"
				],
				null
			],
			[
				3941356,
				"_C_ComparisonsOf2Variables_0101 (Child): InputArray snapshot 0",
				[
					{
						"arr": [
							1,
							2
						]
					}
				],
				null
			],
			[
				3941358,
				"_C_ComparisonsOf2Variables_0101 (Child): InputArray snapshot 1",
				[
					{
						"arr": [
							1,
							3
						]
					}
				],
				null
			],
			[
				3941359,
				"_C_ComparisonsOf2Variables_0101 (Child): InputArray snapshot 2",
				[
					27
				],
				null
			],
			[
				3941360,
				"_C_ComparisonsOf2Variables_0101 (Child): InputArray snapshot 3",
				[
					{
						"arr": {
							"Values": [
								[
									1,
									2
								],
								[
									1,
									3
								]
							],
							"result": "-KM"
						}
					}
				],
				null
			],
			[
				3941362,
				"_C_ComparisonsOf2Variables_0101 (Child): InputArray snapshot 4",
				[
					[]
				],
				null
			],
			[
				3941363,
				"_C_ComparisonsOf2Variables_0101 (Child): InputArray snapshot 5",
				[
					"arr"
				],
				null
			],
			[
				3941376,
				"Class_Help.FunctionCall: Node(Class_ArrayAndOrDictionary)::_PAW_CO2V",
				[
					{
						"arr": [
							1,
							2
						]
					},
					{
						"arr": [
							1,
							2
						]
					},
					"Child"
				],
				null
			],
			[
				3941379,
				"_PAW_CO2V: elPA == Child -> skip this level",
				[
					"Child"
				],
				"flagPassageAlongWay=false"
			],
			[
				3942833,
				"PassageAlongWay: Not flagPassageAlongWay, staying at current level",
				[
					"Child"
				],
				null
			],
			[
				3942844,
				"Class_Help.FunctionCall: Node(Class_ArrayAndOrDictionary)::_PAW_CO2V",
				[
					{
						"arr": [
							1,
							2
						]
					},
					{
						"arr": [
							1,
							2
						]
					},
					"arr"
				],
				null
			],
			[
				3942850,
				"PassageAlongWay: Good flagPassageAlongWay, stepping into",
				[
					"arr"
				],
				null
			],
			[
				3942859,
				"Class_Help.FunctionCall: Node(Class_ArrayAndOrDictionary)::_PAW_CO2V",
				[
					{
						"arr": [
							1,
							3
						]
					},
					{
						"arr": [
							1,
							3
						]
					},
					"Child"
				],
				null
			],
			[
				3942861,
				"_PAW_CO2V: elPA == Child -> skip this level",
				[
					"Child"
				],
				"flagPassageAlongWay=false"
			],
			[
				3942864,
				"PassageAlongWay: Not flagPassageAlongWay, staying at current level",
				[
					"Child"
				],
				null
			],
			[
				3942870,
				"Class_Help.FunctionCall: Node(Class_ArrayAndOrDictionary)::_PAW_CO2V",
				[
					{
						"arr": [
							1,
							3
						]
					},
					{
						"arr": [
							1,
							3
						]
					},
					"arr"
				],
				null
			],
			[
				3942873,
				"PassageAlongWay: Good flagPassageAlongWay, stepping into",
				[
					"arr"
				],
				null
			],
			[
				3942875,
				"_C_ComparisonsOf2Variables_0101: Child branch entered",
				[
					[
						"Child",
						"arr"
					]
				],
				null
			],
			[
				3942879,
				"_C_ComparisonsOf2Variables_0101: same type, not equal, not Dictionary -> -KM -> Further",
				[],
				null
			],
			[
				3944481,
				"_CP_CO2V: recomputing aggregated result from children",
				[
					{
						"+": 0,
						"-": 1,
						"<": 0,
						">": 0,
						"~": 0,
						"~-": 0,
						"~<": 0,
						"~<-": 0,
						"~>": 0,
						"~>-": 0
					}
				],
				null
			],
			[
				3944487,
				"_CP_CO2V: result recomputed",
				[],
				"-KM"
			],
			[
				3944496,
				"Stream finished: Test:array_diff",
				[],
				null
			]
		],
		"8": [
			[
				3946634,
				"Stream created: Test:complex_mix",
				[],
				null
			],
			[
				3955931,
				"fC_ComparisonsOf2Variables_0101: types match",
				[
					{
						"a": 1,
						"b": 2
					},
					{
						"a": 1,
						"c": 3
					}
				],
				null
			],
			[
				3955941,
				"fC_ComparisonsOf2Variables_0101: both Dictionary, not equal -> diff by key",
				[
					[
						"a",
						"b"
					],
					[
						"a",
						"c"
					]
				],
				null
			],
			[
				3955962,
				"UniversalBypass: visiting key",
				[
					"result",
					[
						"result"
					]
				],
				null
			],
			[
				3955977,
				"Class_Help.FunctionCall: Node(Class_ArrayAndOrDictionary)::_C_ComparisonsOf2Variables_0101",
				[
					{
						"a": 1,
						"b": 2
					},
					{
						"a": 1,
						"c": 3
					},
					27,
					{
						"Child": {
							"a": {
								"Values": [
									1,
									1
								],
								"result": "+KM"
							},
							"b": {
								"Values": [
									2
								],
								"result": ">"
							},
							"c": {
								"Values": [
									3
								],
								"result": "<"
							}
						},
						"Values": [
							{
								"a": 1,
								"b": 2
							},
							{
								"a": 1,
								"c": 3
							}
						],
						"result": "~-KM"
					},
					[],
					"result"
				],
				null
			],
			[
				3955981,
				"_C_ComparisonsOf2Variables_0101 (Child): InputArray snapshot 0",
				[
					{
						"a": 1,
						"b": 2
					}
				],
				null
			],
			[
				3955982,
				"_C_ComparisonsOf2Variables_0101 (Child): InputArray snapshot 1",
				[
					{
						"a": 1,
						"c": 3
					}
				],
				null
			],
			[
				3955983,
				"_C_ComparisonsOf2Variables_0101 (Child): InputArray snapshot 2",
				[
					27
				],
				null
			],
			[
				3955985,
				"_C_ComparisonsOf2Variables_0101 (Child): InputArray snapshot 3",
				[
					{
						"Child": {
							"a": {
								"Values": [
									1,
									1
								],
								"result": "+KM"
							},
							"b": {
								"Values": [
									2
								],
								"result": ">"
							},
							"c": {
								"Values": [
									3
								],
								"result": "<"
							}
						},
						"Values": [
							{
								"a": 1,
								"b": 2
							},
							{
								"a": 1,
								"c": 3
							}
						],
						"result": "~-KM"
					}
				],
				null
			],
			[
				3955986,
				"_C_ComparisonsOf2Variables_0101 (Child): InputArray snapshot 4",
				[
					[]
				],
				null
			],
			[
				3955988,
				"_C_ComparisonsOf2Variables_0101 (Child): InputArray snapshot 5",
				[
					"result"
				],
				null
			],
			[
				3957549,
				"_C_ComparisonsOf2Variables_0101: key == \"result\"/\"Values\" -> skip, Further",
				[
					"result"
				],
				null
			],
			[
				3957559,
				"UniversalBypass: visiting key",
				[
					"Values",
					[
						"Values"
					]
				],
				null
			],
			[
				3957570,
				"Class_Help.FunctionCall: Node(Class_ArrayAndOrDictionary)::_C_ComparisonsOf2Variables_0101",
				[
					{
						"a": 1,
						"b": 2
					},
					{
						"a": 1,
						"c": 3
					},
					27,
					{
						"Child": {
							"a": {
								"Values": [
									1,
									1
								],
								"result": "+KM"
							},
							"b": {
								"Values": [
									2
								],
								"result": ">"
							},
							"c": {
								"Values": [
									3
								],
								"result": "<"
							}
						},
						"Values": [
							{
								"a": 1,
								"b": 2
							},
							{
								"a": 1,
								"c": 3
							}
						],
						"result": "~-KM"
					},
					[],
					"Values"
				],
				null
			],
			[
				3957573,
				"_C_ComparisonsOf2Variables_0101 (Child): InputArray snapshot 0",
				[
					{
						"a": 1,
						"b": 2
					}
				],
				null
			],
			[
				3957574,
				"_C_ComparisonsOf2Variables_0101 (Child): InputArray snapshot 1",
				[
					{
						"a": 1,
						"c": 3
					}
				],
				null
			],
			[
				3957576,
				"_C_ComparisonsOf2Variables_0101 (Child): InputArray snapshot 2",
				[
					27
				],
				null
			],
			[
				3957577,
				"_C_ComparisonsOf2Variables_0101 (Child): InputArray snapshot 3",
				[
					{
						"Child": {
							"a": {
								"Values": [
									1,
									1
								],
								"result": "+KM"
							},
							"b": {
								"Values": [
									2
								],
								"result": ">"
							},
							"c": {
								"Values": [
									3
								],
								"result": "<"
							}
						},
						"Values": [
							{
								"a": 1,
								"b": 2
							},
							{
								"a": 1,
								"c": 3
							}
						],
						"result": "~-KM"
					}
				],
				null
			],
			[
				3957578,
				"_C_ComparisonsOf2Variables_0101 (Child): InputArray snapshot 4",
				[
					[]
				],
				null
			],
			[
				3957580,
				"_C_ComparisonsOf2Variables_0101 (Child): InputArray snapshot 5",
				[
					"Values"
				],
				null
			],
			[
				3957582,
				"_C_ComparisonsOf2Variables_0101: key == \"result\"/\"Values\" -> skip, Further",
				[
					"Values"
				],
				null
			],
			[
				3959121,
				"UniversalBypass: visiting key",
				[
					"Child",
					[
						"Child"
					]
				],
				null
			],
			[
				3959132,
				"Class_Help.FunctionCall: Node(Class_ArrayAndOrDictionary)::_C_ComparisonsOf2Variables_0101",
				[
					{
						"a": 1,
						"b": 2
					},
					{
						"a": 1,
						"c": 3
					},
					27,
					{
						"Child": {
							"a": {
								"Values": [
									1,
									1
								],
								"result": "+KM"
							},
							"b": {
								"Values": [
									2
								],
								"result": ">"
							},
							"c": {
								"Values": [
									3
								],
								"result": "<"
							}
						},
						"Values": [
							{
								"a": 1,
								"b": 2
							},
							{
								"a": 1,
								"c": 3
							}
						],
						"result": "~-KM"
					},
					[],
					"Child"
				],
				null
			],
			[
				3959134,
				"_C_ComparisonsOf2Variables_0101 (Child): InputArray snapshot 0",
				[
					{
						"a": 1,
						"b": 2
					}
				],
				null
			],
			[
				3959136,
				"_C_ComparisonsOf2Variables_0101 (Child): InputArray snapshot 1",
				[
					{
						"a": 1,
						"c": 3
					}
				],
				null
			],
			[
				3959137,
				"_C_ComparisonsOf2Variables_0101 (Child): InputArray snapshot 2",
				[
					27
				],
				null
			],
			[
				3959139,
				"_C_ComparisonsOf2Variables_0101 (Child): InputArray snapshot 3",
				[
					{
						"Child": {
							"a": {
								"Values": [
									1,
									1
								],
								"result": "+KM"
							},
							"b": {
								"Values": [
									2
								],
								"result": ">"
							},
							"c": {
								"Values": [
									3
								],
								"result": "<"
							}
						},
						"Values": [
							{
								"a": 1,
								"b": 2
							},
							{
								"a": 1,
								"c": 3
							}
						],
						"result": "~-KM"
					}
				],
				null
			],
			[
				3959140,
				"_C_ComparisonsOf2Variables_0101 (Child): InputArray snapshot 4",
				[
					[]
				],
				null
			],
			[
				3959142,
				"_C_ComparisonsOf2Variables_0101 (Child): InputArray snapshot 5",
				[
					"Child"
				],
				null
			],
			[
				3959143,
				"_C_ComparisonsOf2Variables_0101: key == \"Child\" -> just Deeper, no recompute",
				[],
				null
			],
			[
				3959148,
				"UniversalBypass: Deeper, recursing",
				[
					"Child",
					1
				],
				null
			],
			[
				3960764,
				"UniversalBypass: visiting key",
				[
					"a",
					[
						"Child",
						"a"
					]
				],
				null
			],
			[
				3960775,
				"Class_Help.FunctionCall: Node(Class_ArrayAndOrDictionary)::_C_ComparisonsOf2Variables_0101",
				[
					{
						"a": 1,
						"b": 2
					},
					{
						"a": 1,
						"c": 3
					},
					27,
					{
						"a": {
							"Values": [
								1,
								1
							],
							"result": "+KM"
						},
						"b": {
							"Values": [
								2
							],
							"result": ">"
						},
						"c": {
							"Values": [
								3
							],
							"result": "<"
						}
					},
					[],
					"a"
				],
				null
			],
			[
				3960777,
				"_C_ComparisonsOf2Variables_0101 (Child): InputArray snapshot 0",
				[
					{
						"a": 1,
						"b": 2
					}
				],
				null
			],
			[
				3960779,
				"_C_ComparisonsOf2Variables_0101 (Child): InputArray snapshot 1",
				[
					{
						"a": 1,
						"c": 3
					}
				],
				null
			],
			[
				3960780,
				"_C_ComparisonsOf2Variables_0101 (Child): InputArray snapshot 2",
				[
					27
				],
				null
			],
			[
				3960781,
				"_C_ComparisonsOf2Variables_0101 (Child): InputArray snapshot 3",
				[
					{
						"a": {
							"Values": [
								1,
								1
							],
							"result": "+KM"
						},
						"b": {
							"Values": [
								2
							],
							"result": ">"
						},
						"c": {
							"Values": [
								3
							],
							"result": "<"
						}
					}
				],
				null
			],
			[
				3960783,
				"_C_ComparisonsOf2Variables_0101 (Child): InputArray snapshot 4",
				[
					[]
				],
				null
			],
			[
				3960784,
				"_C_ComparisonsOf2Variables_0101 (Child): InputArray snapshot 5",
				[
					"a"
				],
				null
			],
			[
				3960797,
				"Class_Help.FunctionCall: Node(Class_ArrayAndOrDictionary)::_PAW_CO2V",
				[
					{
						"a": 1,
						"b": 2
					},
					{
						"a": 1,
						"b": 2
					},
					"Child"
				],
				null
			],
			[
				3960800,
				"_PAW_CO2V: elPA == Child -> skip this level",
				[
					"Child"
				],
				"flagPassageAlongWay=false"
			],
			[
				3962490,
				"PassageAlongWay: Not flagPassageAlongWay, staying at current level",
				[
					"Child"
				],
				null
			],
			[
				3962504,
				"Class_Help.FunctionCall: Node(Class_ArrayAndOrDictionary)::_PAW_CO2V",
				[
					{
						"a": 1,
						"b": 2
					},
					{
						"a": 1,
						"b": 2
					},
					"a"
				],
				null
			],
			[
				3962510,
				"PassageAlongWay: Good flagPassageAlongWay, stepping into",
				[
					"a"
				],
				null
			],
			[
				3962521,
				"Class_Help.FunctionCall: Node(Class_ArrayAndOrDictionary)::_PAW_CO2V",
				[
					{
						"a": 1,
						"c": 3
					},
					{
						"a": 1,
						"c": 3
					},
					"Child"
				],
				null
			],
			[
				3962523,
				"_PAW_CO2V: elPA == Child -> skip this level",
				[
					"Child"
				],
				"flagPassageAlongWay=false"
			],
			[
				3962526,
				"PassageAlongWay: Not flagPassageAlongWay, staying at current level",
				[
					"Child"
				],
				null
			],
			[
				3962532,
				"Class_Help.FunctionCall: Node(Class_ArrayAndOrDictionary)::_PAW_CO2V",
				[
					{
						"a": 1,
						"c": 3
					},
					{
						"a": 1,
						"c": 3
					},
					"a"
				],
				null
			],
			[
				3962536,
				"PassageAlongWay: Good flagPassageAlongWay, stepping into",
				[
					"a"
				],
				null
			],
			[
				3962538,
				"_C_ComparisonsOf2Variables_0101: Child branch entered",
				[
					[
						"Child",
						"a"
					]
				],
				null
			],
			[
				3962541,
				"_C_ComparisonsOf2Variables_0101: equal -> +KM -> Further",
				[],
				null
			],
			[
				3964261,
				"UniversalBypass: visiting key",
				[
					"b",
					[
						"Child",
						"b"
					]
				],
				null
			],
			[
				3964271,
				"Class_Help.FunctionCall: Node(Class_ArrayAndOrDictionary)::_C_ComparisonsOf2Variables_0101",
				[
					{
						"a": 1,
						"b": 2
					},
					{
						"a": 1,
						"c": 3
					},
					27,
					{
						"a": {
							"Values": [
								1,
								1
							],
							"result": "+KM"
						},
						"b": {
							"Values": [
								2
							],
							"result": ">"
						},
						"c": {
							"Values": [
								3
							],
							"result": "<"
						}
					},
					[],
					"b"
				],
				null
			],
			[
				3964274,
				"_C_ComparisonsOf2Variables_0101 (Child): InputArray snapshot 0",
				[
					{
						"a": 1,
						"b": 2
					}
				],
				null
			],
			[
				3964275,
				"_C_ComparisonsOf2Variables_0101 (Child): InputArray snapshot 1",
				[
					{
						"a": 1,
						"c": 3
					}
				],
				null
			],
			[
				3964277,
				"_C_ComparisonsOf2Variables_0101 (Child): InputArray snapshot 2",
				[
					27
				],
				null
			],
			[
				3964278,
				"_C_ComparisonsOf2Variables_0101 (Child): InputArray snapshot 3",
				[
					{
						"a": {
							"Values": [
								1,
								1
							],
							"result": "+KM"
						},
						"b": {
							"Values": [
								2
							],
							"result": ">"
						},
						"c": {
							"Values": [
								3
							],
							"result": "<"
						}
					}
				],
				null
			],
			[
				3964280,
				"_C_ComparisonsOf2Variables_0101 (Child): InputArray snapshot 4",
				[
					[]
				],
				null
			],
			[
				3964281,
				"_C_ComparisonsOf2Variables_0101 (Child): InputArray snapshot 5",
				[
					"b"
				],
				null
			],
			[
				3964283,
				"_C_ComparisonsOf2Variables_0101: already resolved (>/< с первого прохода) -> skip, Further",
				[
					"b"
				],
				null
			],
			[
				3964286,
				"UniversalBypass: visiting key",
				[
					"c",
					[
						"Child",
						"c"
					]
				],
				null
			],
			[
				3966059,
				"Class_Help.FunctionCall: Node(Class_ArrayAndOrDictionary)::_C_ComparisonsOf2Variables_0101",
				[
					{
						"a": 1,
						"b": 2
					},
					{
						"a": 1,
						"c": 3
					},
					27,
					{
						"a": {
							"Values": [
								1,
								1
							],
							"result": "+KM"
						},
						"b": {
							"Values": [
								2
							],
							"result": ">"
						},
						"c": {
							"Values": [
								3
							],
							"result": "<"
						}
					},
					[],
					"c"
				],
				null
			],
			[
				3966063,
				"_C_ComparisonsOf2Variables_0101 (Child): InputArray snapshot 0",
				[
					{
						"a": 1,
						"b": 2
					}
				],
				null
			],
			[
				3966064,
				"_C_ComparisonsOf2Variables_0101 (Child): InputArray snapshot 1",
				[
					{
						"a": 1,
						"c": 3
					}
				],
				null
			],
			[
				3966066,
				"_C_ComparisonsOf2Variables_0101 (Child): InputArray snapshot 2",
				[
					27
				],
				null
			],
			[
				3966067,
				"_C_ComparisonsOf2Variables_0101 (Child): InputArray snapshot 3",
				[
					{
						"a": {
							"Values": [
								1,
								1
							],
							"result": "+KM"
						},
						"b": {
							"Values": [
								2
							],
							"result": ">"
						},
						"c": {
							"Values": [
								3
							],
							"result": "<"
						}
					}
				],
				null
			],
			[
				3966069,
				"_C_ComparisonsOf2Variables_0101 (Child): InputArray snapshot 4",
				[
					[]
				],
				null
			],
			[
				3966070,
				"_C_ComparisonsOf2Variables_0101 (Child): InputArray snapshot 5",
				[
					"c"
				],
				null
			],
			[
				3966073,
				"_C_ComparisonsOf2Variables_0101: already resolved (>/< с первого прохода) -> skip, Further",
				[
					"c"
				],
				null
			],
			[
				3966095,
				"_CP_CO2V: recomputing aggregated result from children",
				[
					{
						"+": 1,
						"-": 0,
						"<": 1,
						">": 1,
						"~": 0,
						"~-": 0,
						"~<": 0,
						"~<-": 0,
						"~>": 0,
						"~>-": 0
					}
				],
				null
			],
			[
				3966100,
				"_CP_CO2V: result recomputed",
				[],
				"~-KM"
			],
			[
				3968029,
				"Stream finished: Test:complex_mix",
				[],
				null
			]
		],
		"9": [
			[
				3978445,
				"Stream created: Test:no_common_keys",
				[],
				null
			],
			[
				3989011,
				"fC_ComparisonsOf2Variables_0101: types match",
				[
					{
						"y": 1
					},
					{
						"z": 2
					}
				],
				null
			],
			[
				3989017,
				"fC_ComparisonsOf2Variables_0101: both Dictionary, not equal -> diff by key",
				[
					[
						"y"
					],
					[
						"z"
					]
				],
				null
			],
			[
				3989034,
				"UniversalBypass: visiting key",
				[
					"result",
					[
						"result"
					]
				],
				null
			],
			[
				3989048,
				"Class_Help.FunctionCall: Node(Class_ArrayAndOrDictionary)::_C_ComparisonsOf2Variables_0101",
				[
					{
						"y": 1
					},
					{
						"z": 2
					},
					27,
					{
						"Child": {
							"y": {
								"Values": [
									1
								],
								"result": ">"
							},
							"z": {
								"Values": [
									2
								],
								"result": "<"
							}
						},
						"Values": [
							{
								"y": 1
							},
							{
								"z": 2
							}
						],
						"result": "-"
					},
					[],
					"result"
				],
				null
			],
			[
				3989059,
				"_C_ComparisonsOf2Variables_0101 (Child): InputArray snapshot 0",
				[
					{
						"y": 1
					}
				],
				null
			],
			[
				3989060,
				"_C_ComparisonsOf2Variables_0101 (Child): InputArray snapshot 1",
				[
					{
						"z": 2
					}
				],
				null
			],
			[
				3989062,
				"_C_ComparisonsOf2Variables_0101 (Child): InputArray snapshot 2",
				[
					27
				],
				null
			],
			[
				3989063,
				"_C_ComparisonsOf2Variables_0101 (Child): InputArray snapshot 3",
				[
					{
						"Child": {
							"y": {
								"Values": [
									1
								],
								"result": ">"
							},
							"z": {
								"Values": [
									2
								],
								"result": "<"
							}
						},
						"Values": [
							{
								"y": 1
							},
							{
								"z": 2
							}
						],
						"result": "-"
					}
				],
				null
			],
			[
				3989064,
				"_C_ComparisonsOf2Variables_0101 (Child): InputArray snapshot 4",
				[
					[]
				],
				null
			],
			[
				3989066,
				"_C_ComparisonsOf2Variables_0101 (Child): InputArray snapshot 5",
				[
					"result"
				],
				null
			],
			[
				3990957,
				"_C_ComparisonsOf2Variables_0101: key == \"result\"/\"Values\" -> skip, Further",
				[
					"result"
				],
				null
			],
			[
				3990967,
				"UniversalBypass: visiting key",
				[
					"Values",
					[
						"Values"
					]
				],
				null
			],
			[
				3990977,
				"Class_Help.FunctionCall: Node(Class_ArrayAndOrDictionary)::_C_ComparisonsOf2Variables_0101",
				[
					{
						"y": 1
					},
					{
						"z": 2
					},
					27,
					{
						"Child": {
							"y": {
								"Values": [
									1
								],
								"result": ">"
							},
							"z": {
								"Values": [
									2
								],
								"result": "<"
							}
						},
						"Values": [
							{
								"y": 1
							},
							{
								"z": 2
							}
						],
						"result": "-"
					},
					[],
					"Values"
				],
				null
			],
			[
				3990980,
				"_C_ComparisonsOf2Variables_0101 (Child): InputArray snapshot 0",
				[
					{
						"y": 1
					}
				],
				null
			],
			[
				3990982,
				"_C_ComparisonsOf2Variables_0101 (Child): InputArray snapshot 1",
				[
					{
						"z": 2
					}
				],
				null
			],
			[
				3990983,
				"_C_ComparisonsOf2Variables_0101 (Child): InputArray snapshot 2",
				[
					27
				],
				null
			],
			[
				3990985,
				"_C_ComparisonsOf2Variables_0101 (Child): InputArray snapshot 3",
				[
					{
						"Child": {
							"y": {
								"Values": [
									1
								],
								"result": ">"
							},
							"z": {
								"Values": [
									2
								],
								"result": "<"
							}
						},
						"Values": [
							{
								"y": 1
							},
							{
								"z": 2
							}
						],
						"result": "-"
					}
				],
				null
			],
			[
				3990986,
				"_C_ComparisonsOf2Variables_0101 (Child): InputArray snapshot 4",
				[
					[]
				],
				null
			],
			[
				3990987,
				"_C_ComparisonsOf2Variables_0101 (Child): InputArray snapshot 5",
				[
					"Values"
				],
				null
			],
			[
				3990989,
				"_C_ComparisonsOf2Variables_0101: key == \"result\"/\"Values\" -> skip, Further",
				[
					"Values"
				],
				null
			],
			[
				3992833,
				"UniversalBypass: visiting key",
				[
					"Child",
					[
						"Child"
					]
				],
				null
			],
			[
				3992843,
				"Class_Help.FunctionCall: Node(Class_ArrayAndOrDictionary)::_C_ComparisonsOf2Variables_0101",
				[
					{
						"y": 1
					},
					{
						"z": 2
					},
					27,
					{
						"Child": {
							"y": {
								"Values": [
									1
								],
								"result": ">"
							},
							"z": {
								"Values": [
									2
								],
								"result": "<"
							}
						},
						"Values": [
							{
								"y": 1
							},
							{
								"z": 2
							}
						],
						"result": "-"
					},
					[],
					"Child"
				],
				null
			],
			[
				3992846,
				"_C_ComparisonsOf2Variables_0101 (Child): InputArray snapshot 0",
				[
					{
						"y": 1
					}
				],
				null
			],
			[
				3992848,
				"_C_ComparisonsOf2Variables_0101 (Child): InputArray snapshot 1",
				[
					{
						"z": 2
					}
				],
				null
			],
			[
				3992849,
				"_C_ComparisonsOf2Variables_0101 (Child): InputArray snapshot 2",
				[
					27
				],
				null
			],
			[
				3992851,
				"_C_ComparisonsOf2Variables_0101 (Child): InputArray snapshot 3",
				[
					{
						"Child": {
							"y": {
								"Values": [
									1
								],
								"result": ">"
							},
							"z": {
								"Values": [
									2
								],
								"result": "<"
							}
						},
						"Values": [
							{
								"y": 1
							},
							{
								"z": 2
							}
						],
						"result": "-"
					}
				],
				null
			],
			[
				3992852,
				"_C_ComparisonsOf2Variables_0101 (Child): InputArray snapshot 4",
				[
					[]
				],
				null
			],
			[
				3992853,
				"_C_ComparisonsOf2Variables_0101 (Child): InputArray snapshot 5",
				[
					"Child"
				],
				null
			],
			[
				3992855,
				"_C_ComparisonsOf2Variables_0101: key == \"Child\" -> just Deeper, no recompute",
				[],
				null
			],
			[
				3992859,
				"UniversalBypass: Deeper, recursing",
				[
					"Child",
					1
				],
				null
			],
			[
				3994804,
				"UniversalBypass: visiting key",
				[
					"y",
					[
						"Child",
						"y"
					]
				],
				null
			],
			[
				3994816,
				"Class_Help.FunctionCall: Node(Class_ArrayAndOrDictionary)::_C_ComparisonsOf2Variables_0101",
				[
					{
						"y": 1
					},
					{
						"z": 2
					},
					27,
					{
						"y": {
							"Values": [
								1
							],
							"result": ">"
						},
						"z": {
							"Values": [
								2
							],
							"result": "<"
						}
					},
					[],
					"y"
				],
				null
			],
			[
				3994818,
				"_C_ComparisonsOf2Variables_0101 (Child): InputArray snapshot 0",
				[
					{
						"y": 1
					}
				],
				null
			],
			[
				3994820,
				"_C_ComparisonsOf2Variables_0101 (Child): InputArray snapshot 1",
				[
					{
						"z": 2
					}
				],
				null
			],
			[
				3994821,
				"_C_ComparisonsOf2Variables_0101 (Child): InputArray snapshot 2",
				[
					27
				],
				null
			],
			[
				3994823,
				"_C_ComparisonsOf2Variables_0101 (Child): InputArray snapshot 3",
				[
					{
						"y": {
							"Values": [
								1
							],
							"result": ">"
						},
						"z": {
							"Values": [
								2
							],
							"result": "<"
						}
					}
				],
				null
			],
			[
				3994824,
				"_C_ComparisonsOf2Variables_0101 (Child): InputArray snapshot 4",
				[
					[]
				],
				null
			],
			[
				3994825,
				"_C_ComparisonsOf2Variables_0101 (Child): InputArray snapshot 5",
				[
					"y"
				],
				null
			],
			[
				3994828,
				"_C_ComparisonsOf2Variables_0101: already resolved (>/< с первого прохода) -> skip, Further",
				[
					"y"
				],
				null
			],
			[
				3994832,
				"UniversalBypass: visiting key",
				[
					"z",
					[
						"Child",
						"z"
					]
				],
				null
			],
			[
				3996781,
				"Class_Help.FunctionCall: Node(Class_ArrayAndOrDictionary)::_C_ComparisonsOf2Variables_0101",
				[
					{
						"y": 1
					},
					{
						"z": 2
					},
					27,
					{
						"y": {
							"Values": [
								1
							],
							"result": ">"
						},
						"z": {
							"Values": [
								2
							],
							"result": "<"
						}
					},
					[],
					"z"
				],
				null
			],
			[
				3996786,
				"_C_ComparisonsOf2Variables_0101 (Child): InputArray snapshot 0",
				[
					{
						"y": 1
					}
				],
				null
			],
			[
				3996787,
				"_C_ComparisonsOf2Variables_0101 (Child): InputArray snapshot 1",
				[
					{
						"z": 2
					}
				],
				null
			],
			[
				3996789,
				"_C_ComparisonsOf2Variables_0101 (Child): InputArray snapshot 2",
				[
					27
				],
				null
			],
			[
				3996790,
				"_C_ComparisonsOf2Variables_0101 (Child): InputArray snapshot 3",
				[
					{
						"y": {
							"Values": [
								1
							],
							"result": ">"
						},
						"z": {
							"Values": [
								2
							],
							"result": "<"
						}
					}
				],
				null
			],
			[
				3996791,
				"_C_ComparisonsOf2Variables_0101 (Child): InputArray snapshot 4",
				[
					[]
				],
				null
			],
			[
				3996793,
				"_C_ComparisonsOf2Variables_0101 (Child): InputArray snapshot 5",
				[
					"z"
				],
				null
			],
			[
				3996796,
				"_C_ComparisonsOf2Variables_0101: already resolved (>/< с первого прохода) -> skip, Further",
				[
					"z"
				],
				null
			],
			[
				3996814,
				"_CP_CO2V: recomputing aggregated result from children",
				[
					{
						"+": 0,
						"-": 0,
						"<": 1,
						">": 1,
						"~": 0,
						"~-": 0,
						"~<": 0,
						"~<-": 0,
						"~>": 0,
						"~>-": 0
					}
				],
				null
			],
			[
				3996818,
				"_CP_CO2V: result recomputed",
				[],
				"-"
			],
			[
				3999041,
				"Stream finished: Test:no_common_keys",
				[],
				null
			]
		]
	}
}