{
	"Streams": {
		"0": [
			[
				3091320.0,
				"Stream created: System",
				[],
				null
			],
			[
				1203454,
				"Stream was not finished properly — appended on next startup",
				[],
				null
			]
		],
		"1": [
			[
				3092068.0,
				"Stream created: Test:equal",
				[],
				null
			],
			[
				3097994.0,
				"fC_ComparisonsOf2Variables_0101: types match",
				[
					{
						"x": 1.0
					},
					{
						"x": 1.0
					}
				],
				null
			],
			[
				3097998.0,
				"fC_ComparisonsOf2Variables_0101: fully equal -> +KM",
				[],
				"result=+KM"
			],
			[
				3098003.0,
				"Stream finished: Test:equal",
				[],
				null
			]
		],
		"10": [
			[
				3354145.0,
				"Stream created: Test:partial_match_only_a",
				[],
				null
			],
			[
				3363556.0,
				"fC_ComparisonsOf2Variables_0101: types match",
				[
					{
						"x": 1.0,
						"y": 2.0
					},
					{
						"x": 1.0
					}
				],
				null
			],
			[
				3363561.0,
				"fC_ComparisonsOf2Variables_0101: both Dictionary, not equal -> diff by key",
				[
					[
						"x",
						"y"
					],
					[
						"x"
					]
				],
				null
			],
			[
				3363577.0,
				"UniversalBypass: visiting key",
				[
					"result",
					[
						"result"
					]
				],
				null
			],
			[
				3363589.0,
				"Class_Help.FunctionCall: Node(Class_ArrayAndOrDictionary)::_C_ComparisonsOf2Variables_0101",
				[
					{
						"x": 1.0,
						"y": 2.0
					},
					{
						"x": 1.0
					},
					27.0,
					{
						"Child": {
							"x": {
								"Values": [
									1.0,
									1.0
								],
								"result": "+KM"
							},
							"y": {
								"Values": [
									2.0
								],
								"result": ">"
							}
						},
						"Values": [
							{
								"x": 1.0,
								"y": 2.0
							},
							{
								"x": 1.0
							}
						],
						"result": "~>KM"
					},
					[],
					"result"
				],
				null
			],
			[
				3363593.0,
				"_C_ComparisonsOf2Variables_0101 (Child): InputArray snapshot 0",
				[
					{
						"x": 1.0,
						"y": 2.0
					}
				],
				null
			],
			[
				3363594.0,
				"_C_ComparisonsOf2Variables_0101 (Child): InputArray snapshot 1",
				[
					{
						"x": 1.0
					}
				],
				null
			],
			[
				3363596.0,
				"_C_ComparisonsOf2Variables_0101 (Child): InputArray snapshot 2",
				[
					27.0
				],
				null
			],
			[
				3363597.0,
				"_C_ComparisonsOf2Variables_0101 (Child): InputArray snapshot 3",
				[
					{
						"Child": {
							"x": {
								"Values": [
									1.0,
									1.0
								],
								"result": "+KM"
							},
							"y": {
								"Values": [
									2.0
								],
								"result": ">"
							}
						},
						"Values": [
							{
								"x": 1.0,
								"y": 2.0
							},
							{
								"x": 1.0
							}
						],
						"result": "~>KM"
					}
				],
				null
			],
			[
				3363598.0,
				"_C_ComparisonsOf2Variables_0101 (Child): InputArray snapshot 4",
				[
					[]
				],
				null
			],
			[
				3363600.0,
				"_C_ComparisonsOf2Variables_0101 (Child): InputArray snapshot 5",
				[
					"result"
				],
				null
			],
			[
				3365583.0,
				"_C_ComparisonsOf2Variables_0101: key == \"result\"/\"Values\" -> skip, Further",
				[
					"result"
				],
				null
			],
			[
				3365590.0,
				"UniversalBypass: visiting key",
				[
					"Values",
					[
						"Values"
					]
				],
				null
			],
			[
				3365598.0,
				"Class_Help.FunctionCall: Node(Class_ArrayAndOrDictionary)::_C_ComparisonsOf2Variables_0101",
				[
					{
						"x": 1.0,
						"y": 2.0
					},
					{
						"x": 1.0
					},
					27.0,
					{
						"Child": {
							"x": {
								"Values": [
									1.0,
									1.0
								],
								"result": "+KM"
							},
							"y": {
								"Values": [
									2.0
								],
								"result": ">"
							}
						},
						"Values": [
							{
								"x": 1.0,
								"y": 2.0
							},
							{
								"x": 1.0
							}
						],
						"result": "~>KM"
					},
					[],
					"Values"
				],
				null
			],
			[
				3365601.0,
				"_C_ComparisonsOf2Variables_0101 (Child): InputArray snapshot 0",
				[
					{
						"x": 1.0,
						"y": 2.0
					}
				],
				null
			],
			[
				3365602.0,
				"_C_ComparisonsOf2Variables_0101 (Child): InputArray snapshot 1",
				[
					{
						"x": 1.0
					}
				],
				null
			],
			[
				3365604.0,
				"_C_ComparisonsOf2Variables_0101 (Child): InputArray snapshot 2",
				[
					27.0
				],
				null
			],
			[
				3365605.0,
				"_C_ComparisonsOf2Variables_0101 (Child): InputArray snapshot 3",
				[
					{
						"Child": {
							"x": {
								"Values": [
									1.0,
									1.0
								],
								"result": "+KM"
							},
							"y": {
								"Values": [
									2.0
								],
								"result": ">"
							}
						},
						"Values": [
							{
								"x": 1.0,
								"y": 2.0
							},
							{
								"x": 1.0
							}
						],
						"result": "~>KM"
					}
				],
				null
			],
			[
				3365606.0,
				"_C_ComparisonsOf2Variables_0101 (Child): InputArray snapshot 4",
				[
					[]
				],
				null
			],
			[
				3365608.0,
				"_C_ComparisonsOf2Variables_0101 (Child): InputArray snapshot 5",
				[
					"Values"
				],
				null
			],
			[
				3365610.0,
				"_C_ComparisonsOf2Variables_0101: key == \"result\"/\"Values\" -> skip, Further",
				[
					"Values"
				],
				null
			],
			[
				3367744.0,
				"UniversalBypass: visiting key",
				[
					"Child",
					[
						"Child"
					]
				],
				null
			],
			[
				3367756.0,
				"Class_Help.FunctionCall: Node(Class_ArrayAndOrDictionary)::_C_ComparisonsOf2Variables_0101",
				[
					{
						"x": 1.0,
						"y": 2.0
					},
					{
						"x": 1.0
					},
					27.0,
					{
						"Child": {
							"x": {
								"Values": [
									1.0,
									1.0
								],
								"result": "+KM"
							},
							"y": {
								"Values": [
									2.0
								],
								"result": ">"
							}
						},
						"Values": [
							{
								"x": 1.0,
								"y": 2.0
							},
							{
								"x": 1.0
							}
						],
						"result": "~>KM"
					},
					[],
					"Child"
				],
				null
			],
			[
				3367759.0,
				"_C_ComparisonsOf2Variables_0101 (Child): InputArray snapshot 0",
				[
					{
						"x": 1.0,
						"y": 2.0
					}
				],
				null
			],
			[
				3367761.0,
				"_C_ComparisonsOf2Variables_0101 (Child): InputArray snapshot 1",
				[
					{
						"x": 1.0
					}
				],
				null
			],
			[
				3367762.0,
				"_C_ComparisonsOf2Variables_0101 (Child): InputArray snapshot 2",
				[
					27.0
				],
				null
			],
			[
				3367764.0,
				"_C_ComparisonsOf2Variables_0101 (Child): InputArray snapshot 3",
				[
					{
						"Child": {
							"x": {
								"Values": [
									1.0,
									1.0
								],
								"result": "+KM"
							},
							"y": {
								"Values": [
									2.0
								],
								"result": ">"
							}
						},
						"Values": [
							{
								"x": 1.0,
								"y": 2.0
							},
							{
								"x": 1.0
							}
						],
						"result": "~>KM"
					}
				],
				null
			],
			[
				3367765.0,
				"_C_ComparisonsOf2Variables_0101 (Child): InputArray snapshot 4",
				[
					[]
				],
				null
			],
			[
				3367766.0,
				"_C_ComparisonsOf2Variables_0101 (Child): InputArray snapshot 5",
				[
					"Child"
				],
				null
			],
			[
				3367768.0,
				"_C_ComparisonsOf2Variables_0101: key == \"Child\" -> just Deeper, no recompute",
				[],
				null
			],
			[
				3367773.0,
				"UniversalBypass: Deeper, recursing",
				[
					"Child",
					1.0
				],
				null
			],
			[
				3369937.0,
				"UniversalBypass: visiting key",
				[
					"x",
					[
						"Child",
						"x"
					]
				],
				null
			],
			[
				3369949.0,
				"Class_Help.FunctionCall: Node(Class_ArrayAndOrDictionary)::_C_ComparisonsOf2Variables_0101",
				[
					{
						"x": 1.0,
						"y": 2.0
					},
					{
						"x": 1.0
					},
					27.0,
					{
						"x": {
							"Values": [
								1.0,
								1.0
							],
							"result": "+KM"
						},
						"y": {
							"Values": [
								2.0
							],
							"result": ">"
						}
					},
					[],
					"x"
				],
				null
			],
			[
				3369951.0,
				"_C_ComparisonsOf2Variables_0101 (Child): InputArray snapshot 0",
				[
					{
						"x": 1.0,
						"y": 2.0
					}
				],
				null
			],
			[
				3369953.0,
				"_C_ComparisonsOf2Variables_0101 (Child): InputArray snapshot 1",
				[
					{
						"x": 1.0
					}
				],
				null
			],
			[
				3369954.0,
				"_C_ComparisonsOf2Variables_0101 (Child): InputArray snapshot 2",
				[
					27.0
				],
				null
			],
			[
				3369956.0,
				"_C_ComparisonsOf2Variables_0101 (Child): InputArray snapshot 3",
				[
					{
						"x": {
							"Values": [
								1.0,
								1.0
							],
							"result": "+KM"
						},
						"y": {
							"Values": [
								2.0
							],
							"result": ">"
						}
					}
				],
				null
			],
			[
				3369957.0,
				"_C_ComparisonsOf2Variables_0101 (Child): InputArray snapshot 4",
				[
					[]
				],
				null
			],
			[
				3369958.0,
				"_C_ComparisonsOf2Variables_0101 (Child): InputArray snapshot 5",
				[
					"x"
				],
				null
			],
			[
				3369970.0,
				"Class_Help.FunctionCall: Node(Class_ArrayAndOrDictionary)::_PAW_CO2V",
				[
					{
						"x": 1.0,
						"y": 2.0
					},
					{
						"x": 1.0,
						"y": 2.0
					},
					"Child"
				],
				null
			],
			[
				3369973.0,
				"_PAW_CO2V: elPA == Child -> skip this level",
				[
					"Child"
				],
				"flagPassageAlongWay=false"
			],
			[
				3372182.0,
				"PassageAlongWay: Not flagPassageAlongWay, staying at current level",
				[
					"Child"
				],
				null
			],
			[
				3372193.0,
				"Class_Help.FunctionCall: Node(Class_ArrayAndOrDictionary)::_PAW_CO2V",
				[
					{
						"x": 1.0,
						"y": 2.0
					},
					{
						"x": 1.0,
						"y": 2.0
					},
					"x"
				],
				null
			],
			[
				3372199.0,
				"PassageAlongWay: Good flagPassageAlongWay, stepping into",
				[
					"x"
				],
				null
			],
			[
				3372208.0,
				"Class_Help.FunctionCall: Node(Class_ArrayAndOrDictionary)::_PAW_CO2V",
				[
					{
						"x": 1.0
					},
					{
						"x": 1.0
					},
					"Child"
				],
				null
			],
			[
				3372211.0,
				"_PAW_CO2V: elPA == Child -> skip this level",
				[
					"Child"
				],
				"flagPassageAlongWay=false"
			],
			[
				3372214.0,
				"PassageAlongWay: Not flagPassageAlongWay, staying at current level",
				[
					"Child"
				],
				null
			],
			[
				3372220.0,
				"Class_Help.FunctionCall: Node(Class_ArrayAndOrDictionary)::_PAW_CO2V",
				[
					{
						"x": 1.0
					},
					{
						"x": 1.0
					},
					"x"
				],
				null
			],
			[
				3372223.0,
				"PassageAlongWay: Good flagPassageAlongWay, stepping into",
				[
					"x"
				],
				null
			],
			[
				3372226.0,
				"_C_ComparisonsOf2Variables_0101: Child branch entered",
				[
					[
						"Child",
						"x"
					]
				],
				null
			],
			[
				3372228.0,
				"_C_ComparisonsOf2Variables_0101: equal -> +KM -> Further",
				[],
				null
			],
			[
				3374332.0,
				"UniversalBypass: visiting key",
				[
					"y",
					[
						"Child",
						"y"
					]
				],
				null
			],
			[
				3374341.0,
				"Class_Help.FunctionCall: Node(Class_ArrayAndOrDictionary)::_C_ComparisonsOf2Variables_0101",
				[
					{
						"x": 1.0,
						"y": 2.0
					},
					{
						"x": 1.0
					},
					27.0,
					{
						"x": {
							"Values": [
								1.0,
								1.0
							],
							"result": "+KM"
						},
						"y": {
							"Values": [
								2.0
							],
							"result": ">"
						}
					},
					[],
					"y"
				],
				null
			],
			[
				3374343.0,
				"_C_ComparisonsOf2Variables_0101 (Child): InputArray snapshot 0",
				[
					{
						"x": 1.0,
						"y": 2.0
					}
				],
				null
			],
			[
				3374344.0,
				"_C_ComparisonsOf2Variables_0101 (Child): InputArray snapshot 1",
				[
					{
						"x": 1.0
					}
				],
				null
			],
			[
				3374346.0,
				"_C_ComparisonsOf2Variables_0101 (Child): InputArray snapshot 2",
				[
					27.0
				],
				null
			],
			[
				3374347.0,
				"_C_ComparisonsOf2Variables_0101 (Child): InputArray snapshot 3",
				[
					{
						"x": {
							"Values": [
								1.0,
								1.0
							],
							"result": "+KM"
						},
						"y": {
							"Values": [
								2.0
							],
							"result": ">"
						}
					}
				],
				null
			],
			[
				3374348.0,
				"_C_ComparisonsOf2Variables_0101 (Child): InputArray snapshot 4",
				[
					[]
				],
				null
			],
			[
				3374350.0,
				"_C_ComparisonsOf2Variables_0101 (Child): InputArray snapshot 5",
				[
					"y"
				],
				null
			],
			[
				3374352.0,
				"_C_ComparisonsOf2Variables_0101: already resolved (>/< с первого прохода) -> skip, Further",
				[
					"y"
				],
				null
			],
			[
				3374369.0,
				"_CP_CO2V: recomputing aggregated result from children",
				[
					{
						"+": 1.0,
						"-": 0.0,
						"<": 0.0,
						">": 1.0,
						"~": 0.0,
						"~-": 0.0,
						"~<": 0.0,
						"~<-": 0.0,
						"~>": 0.0,
						"~>-": 0.0
					}
				],
				null
			],
			[
				3376585.0,
				"_CP_CO2V: result recomputed",
				[],
				"~>KM"
			],
			[
				3376592.0,
				"Stream finished: Test:partial_match_only_a",
				[],
				null
			]
		],
		"11": [
			[
				3379098.0,
				"Stream created: Test:partial_match_only_b",
				[],
				null
			],
			[
				3388539.0,
				"fC_ComparisonsOf2Variables_0101: types match",
				[
					{
						"x": 1.0
					},
					{
						"x": 1.0,
						"y": 2.0
					}
				],
				null
			],
			[
				3388545.0,
				"fC_ComparisonsOf2Variables_0101: both Dictionary, not equal -> diff by key",
				[
					[
						"x"
					],
					[
						"x",
						"y"
					]
				],
				null
			],
			[
				3388565.0,
				"UniversalBypass: visiting key",
				[
					"result",
					[
						"result"
					]
				],
				null
			],
			[
				3388578.0,
				"Class_Help.FunctionCall: Node(Class_ArrayAndOrDictionary)::_C_ComparisonsOf2Variables_0101",
				[
					{
						"x": 1.0
					},
					{
						"x": 1.0,
						"y": 2.0
					},
					27.0,
					{
						"Child": {
							"x": {
								"Values": [
									1.0,
									1.0
								],
								"result": "+KM"
							},
							"y": {
								"Values": [
									2.0
								],
								"result": "<"
							}
						},
						"Values": [
							{
								"x": 1.0
							},
							{
								"x": 1.0,
								"y": 2.0
							}
						],
						"result": "~<KM"
					},
					[],
					"result"
				],
				null
			],
			[
				3388582.0,
				"_C_ComparisonsOf2Variables_0101 (Child): InputArray snapshot 0",
				[
					{
						"x": 1.0
					}
				],
				null
			],
			[
				3388584.0,
				"_C_ComparisonsOf2Variables_0101 (Child): InputArray snapshot 1",
				[
					{
						"x": 1.0,
						"y": 2.0
					}
				],
				null
			],
			[
				3388585.0,
				"_C_ComparisonsOf2Variables_0101 (Child): InputArray snapshot 2",
				[
					27.0
				],
				null
			],
			[
				3388587.0,
				"_C_ComparisonsOf2Variables_0101 (Child): InputArray snapshot 3",
				[
					{
						"Child": {
							"x": {
								"Values": [
									1.0,
									1.0
								],
								"result": "+KM"
							},
							"y": {
								"Values": [
									2.0
								],
								"result": "<"
							}
						},
						"Values": [
							{
								"x": 1.0
							},
							{
								"x": 1.0,
								"y": 2.0
							}
						],
						"result": "~<KM"
					}
				],
				null
			],
			[
				3388589.0,
				"_C_ComparisonsOf2Variables_0101 (Child): InputArray snapshot 4",
				[
					[]
				],
				null
			],
			[
				3388590.0,
				"_C_ComparisonsOf2Variables_0101 (Child): InputArray snapshot 5",
				[
					"result"
				],
				null
			],
			[
				3390887.0,
				"_C_ComparisonsOf2Variables_0101: key == \"result\"/\"Values\" -> skip, Further",
				[
					"result"
				],
				null
			],
			[
				3390896.0,
				"UniversalBypass: visiting key",
				[
					"Values",
					[
						"Values"
					]
				],
				null
			],
			[
				3390906.0,
				"Class_Help.FunctionCall: Node(Class_ArrayAndOrDictionary)::_C_ComparisonsOf2Variables_0101",
				[
					{
						"x": 1.0
					},
					{
						"x": 1.0,
						"y": 2.0
					},
					27.0,
					{
						"Child": {
							"x": {
								"Values": [
									1.0,
									1.0
								],
								"result": "+KM"
							},
							"y": {
								"Values": [
									2.0
								],
								"result": "<"
							}
						},
						"Values": [
							{
								"x": 1.0
							},
							{
								"x": 1.0,
								"y": 2.0
							}
						],
						"result": "~<KM"
					},
					[],
					"Values"
				],
				null
			],
			[
				3390909.0,
				"_C_ComparisonsOf2Variables_0101 (Child): InputArray snapshot 0",
				[
					{
						"x": 1.0
					}
				],
				null
			],
			[
				3390910.0,
				"_C_ComparisonsOf2Variables_0101 (Child): InputArray snapshot 1",
				[
					{
						"x": 1.0,
						"y": 2.0
					}
				],
				null
			],
			[
				3390911.0,
				"_C_ComparisonsOf2Variables_0101 (Child): InputArray snapshot 2",
				[
					27.0
				],
				null
			],
			[
				3390913.0,
				"_C_ComparisonsOf2Variables_0101 (Child): InputArray snapshot 3",
				[
					{
						"Child": {
							"x": {
								"Values": [
									1.0,
									1.0
								],
								"result": "+KM"
							},
							"y": {
								"Values": [
									2.0
								],
								"result": "<"
							}
						},
						"Values": [
							{
								"x": 1.0
							},
							{
								"x": 1.0,
								"y": 2.0
							}
						],
						"result": "~<KM"
					}
				],
				null
			],
			[
				3390915.0,
				"_C_ComparisonsOf2Variables_0101 (Child): InputArray snapshot 4",
				[
					[]
				],
				null
			],
			[
				3390916.0,
				"_C_ComparisonsOf2Variables_0101 (Child): InputArray snapshot 5",
				[
					"Values"
				],
				null
			],
			[
				3390918.0,
				"_C_ComparisonsOf2Variables_0101: key == \"result\"/\"Values\" -> skip, Further",
				[
					"Values"
				],
				null
			],
			[
				3393209.0,
				"UniversalBypass: visiting key",
				[
					"Child",
					[
						"Child"
					]
				],
				null
			],
			[
				3393220.0,
				"Class_Help.FunctionCall: Node(Class_ArrayAndOrDictionary)::_C_ComparisonsOf2Variables_0101",
				[
					{
						"x": 1.0
					},
					{
						"x": 1.0,
						"y": 2.0
					},
					27.0,
					{
						"Child": {
							"x": {
								"Values": [
									1.0,
									1.0
								],
								"result": "+KM"
							},
							"y": {
								"Values": [
									2.0
								],
								"result": "<"
							}
						},
						"Values": [
							{
								"x": 1.0
							},
							{
								"x": 1.0,
								"y": 2.0
							}
						],
						"result": "~<KM"
					},
					[],
					"Child"
				],
				null
			],
			[
				3393222.0,
				"_C_ComparisonsOf2Variables_0101 (Child): InputArray snapshot 0",
				[
					{
						"x": 1.0
					}
				],
				null
			],
			[
				3393224.0,
				"_C_ComparisonsOf2Variables_0101 (Child): InputArray snapshot 1",
				[
					{
						"x": 1.0,
						"y": 2.0
					}
				],
				null
			],
			[
				3393226.0,
				"_C_ComparisonsOf2Variables_0101 (Child): InputArray snapshot 2",
				[
					27.0
				],
				null
			],
			[
				3393227.0,
				"_C_ComparisonsOf2Variables_0101 (Child): InputArray snapshot 3",
				[
					{
						"Child": {
							"x": {
								"Values": [
									1.0,
									1.0
								],
								"result": "+KM"
							},
							"y": {
								"Values": [
									2.0
								],
								"result": "<"
							}
						},
						"Values": [
							{
								"x": 1.0
							},
							{
								"x": 1.0,
								"y": 2.0
							}
						],
						"result": "~<KM"
					}
				],
				null
			],
			[
				3393229.0,
				"_C_ComparisonsOf2Variables_0101 (Child): InputArray snapshot 4",
				[
					[]
				],
				null
			],
			[
				3393230.0,
				"_C_ComparisonsOf2Variables_0101 (Child): InputArray snapshot 5",
				[
					"Child"
				],
				null
			],
			[
				3393231.0,
				"_C_ComparisonsOf2Variables_0101: key == \"Child\" -> just Deeper, no recompute",
				[],
				null
			],
			[
				3393236.0,
				"UniversalBypass: Deeper, recursing",
				[
					"Child",
					1.0
				],
				null
			],
			[
				3395631.0,
				"UniversalBypass: visiting key",
				[
					"x",
					[
						"Child",
						"x"
					]
				],
				null
			],
			[
				3395640.0,
				"Class_Help.FunctionCall: Node(Class_ArrayAndOrDictionary)::_C_ComparisonsOf2Variables_0101",
				[
					{
						"x": 1.0
					},
					{
						"x": 1.0,
						"y": 2.0
					},
					27.0,
					{
						"x": {
							"Values": [
								1.0,
								1.0
							],
							"result": "+KM"
						},
						"y": {
							"Values": [
								2.0
							],
							"result": "<"
						}
					},
					[],
					"x"
				],
				null
			],
			[
				3395642.0,
				"_C_ComparisonsOf2Variables_0101 (Child): InputArray snapshot 0",
				[
					{
						"x": 1.0
					}
				],
				null
			],
			[
				3395644.0,
				"_C_ComparisonsOf2Variables_0101 (Child): InputArray snapshot 1",
				[
					{
						"x": 1.0,
						"y": 2.0
					}
				],
				null
			],
			[
				3395646.0,
				"_C_ComparisonsOf2Variables_0101 (Child): InputArray snapshot 2",
				[
					27.0
				],
				null
			],
			[
				3395647.0,
				"_C_ComparisonsOf2Variables_0101 (Child): InputArray snapshot 3",
				[
					{
						"x": {
							"Values": [
								1.0,
								1.0
							],
							"result": "+KM"
						},
						"y": {
							"Values": [
								2.0
							],
							"result": "<"
						}
					}
				],
				null
			],
			[
				3395648.0,
				"_C_ComparisonsOf2Variables_0101 (Child): InputArray snapshot 4",
				[
					[]
				],
				null
			],
			[
				3395650.0,
				"_C_ComparisonsOf2Variables_0101 (Child): InputArray snapshot 5",
				[
					"x"
				],
				null
			],
			[
				3395662.0,
				"Class_Help.FunctionCall: Node(Class_ArrayAndOrDictionary)::_PAW_CO2V",
				[
					{
						"x": 1.0
					},
					{
						"x": 1.0
					},
					"Child"
				],
				null
			],
			[
				3395665.0,
				"_PAW_CO2V: elPA == Child -> skip this level",
				[
					"Child"
				],
				"flagPassageAlongWay=false"
			],
			[
				3398048.0,
				"PassageAlongWay: Not flagPassageAlongWay, staying at current level",
				[
					"Child"
				],
				null
			],
			[
				3398059.0,
				"Class_Help.FunctionCall: Node(Class_ArrayAndOrDictionary)::_PAW_CO2V",
				[
					{
						"x": 1.0
					},
					{
						"x": 1.0
					},
					"x"
				],
				null
			],
			[
				3398064.0,
				"PassageAlongWay: Good flagPassageAlongWay, stepping into",
				[
					"x"
				],
				null
			],
			[
				3398074.0,
				"Class_Help.FunctionCall: Node(Class_ArrayAndOrDictionary)::_PAW_CO2V",
				[
					{
						"x": 1.0,
						"y": 2.0
					},
					{
						"x": 1.0,
						"y": 2.0
					},
					"Child"
				],
				null
			],
			[
				3398076.0,
				"_PAW_CO2V: elPA == Child -> skip this level",
				[
					"Child"
				],
				"flagPassageAlongWay=false"
			],
			[
				3398079.0,
				"PassageAlongWay: Not flagPassageAlongWay, staying at current level",
				[
					"Child"
				],
				null
			],
			[
				3398085.0,
				"Class_Help.FunctionCall: Node(Class_ArrayAndOrDictionary)::_PAW_CO2V",
				[
					{
						"x": 1.0,
						"y": 2.0
					},
					{
						"x": 1.0,
						"y": 2.0
					},
					"x"
				],
				null
			],
			[
				3398088.0,
				"PassageAlongWay: Good flagPassageAlongWay, stepping into",
				[
					"x"
				],
				null
			],
			[
				3398090.0,
				"_C_ComparisonsOf2Variables_0101: Child branch entered",
				[
					[
						"Child",
						"x"
					]
				],
				null
			],
			[
				3398093.0,
				"_C_ComparisonsOf2Variables_0101: equal -> +KM -> Further",
				[],
				null
			],
			[
				3400853.0,
				"UniversalBypass: visiting key",
				[
					"y",
					[
						"Child",
						"y"
					]
				],
				null
			],
			[
				3400873.0,
				"Class_Help.FunctionCall: Node(Class_ArrayAndOrDictionary)::_C_ComparisonsOf2Variables_0101",
				[
					{
						"x": 1.0
					},
					{
						"x": 1.0,
						"y": 2.0
					},
					27.0,
					{
						"x": {
							"Values": [
								1.0,
								1.0
							],
							"result": "+KM"
						},
						"y": {
							"Values": [
								2.0
							],
							"result": "<"
						}
					},
					[],
					"y"
				],
				null
			],
			[
				3400877.0,
				"_C_ComparisonsOf2Variables_0101 (Child): InputArray snapshot 0",
				[
					{
						"x": 1.0
					}
				],
				null
			],
			[
				3400881.0,
				"_C_ComparisonsOf2Variables_0101 (Child): InputArray snapshot 1",
				[
					{
						"x": 1.0,
						"y": 2.0
					}
				],
				null
			],
			[
				3400883.0,
				"_C_ComparisonsOf2Variables_0101 (Child): InputArray snapshot 2",
				[
					27.0
				],
				null
			],
			[
				3400885.0,
				"_C_ComparisonsOf2Variables_0101 (Child): InputArray snapshot 3",
				[
					{
						"x": {
							"Values": [
								1.0,
								1.0
							],
							"result": "+KM"
						},
						"y": {
							"Values": [
								2.0
							],
							"result": "<"
						}
					}
				],
				null
			],
			[
				3400887.0,
				"_C_ComparisonsOf2Variables_0101 (Child): InputArray snapshot 4",
				[
					[]
				],
				null
			],
			[
				3400889.0,
				"_C_ComparisonsOf2Variables_0101 (Child): InputArray snapshot 5",
				[
					"y"
				],
				null
			],
			[
				3400892.0,
				"_C_ComparisonsOf2Variables_0101: already resolved (>/< с первого прохода) -> skip, Further",
				[
					"y"
				],
				null
			],
			[
				3400918.0,
				"_CP_CO2V: recomputing aggregated result from children",
				[
					{
						"+": 1.0,
						"-": 0.0,
						"<": 1.0,
						">": 0.0,
						"~": 0.0,
						"~-": 0.0,
						"~<": 0.0,
						"~<-": 0.0,
						"~>": 0.0,
						"~>-": 0.0
					}
				],
				null
			],
			[
				3403750.0,
				"_CP_CO2V: result recomputed",
				[],
				"~<KM"
			],
			[
				3403760.0,
				"Stream finished: Test:partial_match_only_b",
				[],
				null
			]
		],
		"12": [
			[
				3406708.0,
				"Stream created: Test:deep_nested_diff",
				[],
				null
			],
			[
				3420689.0,
				"fC_ComparisonsOf2Variables_0101: types match",
				[
					{
						"x": {
							"y": {
								"z": 1.0
							}
						}
					},
					{
						"x": {
							"y": {
								"z": 2.0
							}
						}
					}
				],
				null
			],
			[
				3420697.0,
				"fC_ComparisonsOf2Variables_0101: both Dictionary, not equal -> diff by key",
				[
					[
						"x"
					],
					[
						"x"
					]
				],
				null
			],
			[
				3420712.0,
				"UniversalBypass: visiting key",
				[
					"result",
					[
						"result"
					]
				],
				null
			],
			[
				3420726.0,
				"Class_Help.FunctionCall: Node(Class_ArrayAndOrDictionary)::_C_ComparisonsOf2Variables_0101",
				[
					{
						"x": {
							"y": {
								"z": 1.0
							}
						}
					},
					{
						"x": {
							"y": {
								"z": 2.0
							}
						}
					},
					27.0,
					{
						"Child": {
							"x": {
								"Child": {
									"y": {
										"Child": {
											"z": {
												"Values": [
													1.0,
													2.0
												],
												"result": "-KM"
											}
										},
										"Values": [
											{
												"z": 1.0
											},
											{
												"z": 2.0
											}
										],
										"result": "-KM"
									}
								},
								"Values": [
									{
										"y": {
											"z": 1.0
										}
									},
									{
										"y": {
											"z": 2.0
										}
									}
								],
								"result": "-KM"
							}
						},
						"Values": [
							{
								"x": {
									"y": {
										"z": 1.0
									}
								}
							},
							{
								"x": {
									"y": {
										"z": 2.0
									}
								}
							}
						],
						"result": "-KM"
					},
					[],
					"result"
				],
				null
			],
			[
				3420729.0,
				"_C_ComparisonsOf2Variables_0101 (Child): InputArray snapshot 0",
				[
					{
						"x": {
							"y": {
								"z": 1.0
							}
						}
					}
				],
				null
			],
			[
				3420731.0,
				"_C_ComparisonsOf2Variables_0101 (Child): InputArray snapshot 1",
				[
					{
						"x": {
							"y": {
								"z": 2.0
							}
						}
					}
				],
				null
			],
			[
				3420732.0,
				"_C_ComparisonsOf2Variables_0101 (Child): InputArray snapshot 2",
				[
					27.0
				],
				null
			],
			[
				3420734.0,
				"_C_ComparisonsOf2Variables_0101 (Child): InputArray snapshot 3",
				[
					{
						"Child": {
							"x": {
								"Child": {
									"y": {
										"Child": {
											"z": {
												"Values": [
													1.0,
													2.0
												],
												"result": "-KM"
											}
										},
										"Values": [
											{
												"z": 1.0
											},
											{
												"z": 2.0
											}
										],
										"result": "-KM"
									}
								},
								"Values": [
									{
										"y": {
											"z": 1.0
										}
									},
									{
										"y": {
											"z": 2.0
										}
									}
								],
								"result": "-KM"
							}
						},
						"Values": [
							{
								"x": {
									"y": {
										"z": 1.0
									}
								}
							},
							{
								"x": {
									"y": {
										"z": 2.0
									}
								}
							}
						],
						"result": "-KM"
					}
				],
				null
			],
			[
				3420735.0,
				"_C_ComparisonsOf2Variables_0101 (Child): InputArray snapshot 4",
				[
					[]
				],
				null
			],
			[
				3420737.0,
				"_C_ComparisonsOf2Variables_0101 (Child): InputArray snapshot 5",
				[
					"result"
				],
				null
			],
			[
				3423264.0,
				"_C_ComparisonsOf2Variables_0101: key == \"result\"/\"Values\" -> skip, Further",
				[
					"result"
				],
				null
			],
			[
				3423272.0,
				"UniversalBypass: visiting key",
				[
					"Values",
					[
						"Values"
					]
				],
				null
			],
			[
				3423282.0,
				"Class_Help.FunctionCall: Node(Class_ArrayAndOrDictionary)::_C_ComparisonsOf2Variables_0101",
				[
					{
						"x": {
							"y": {
								"z": 1.0
							}
						}
					},
					{
						"x": {
							"y": {
								"z": 2.0
							}
						}
					},
					27.0,
					{
						"Child": {
							"x": {
								"Child": {
									"y": {
										"Child": {
											"z": {
												"Values": [
													1.0,
													2.0
												],
												"result": "-KM"
											}
										},
										"Values": [
											{
												"z": 1.0
											},
											{
												"z": 2.0
											}
										],
										"result": "-KM"
									}
								},
								"Values": [
									{
										"y": {
											"z": 1.0
										}
									},
									{
										"y": {
											"z": 2.0
										}
									}
								],
								"result": "-KM"
							}
						},
						"Values": [
							{
								"x": {
									"y": {
										"z": 1.0
									}
								}
							},
							{
								"x": {
									"y": {
										"z": 2.0
									}
								}
							}
						],
						"result": "-KM"
					},
					[],
					"Values"
				],
				null
			],
			[
				3423284.0,
				"_C_ComparisonsOf2Variables_0101 (Child): InputArray snapshot 0",
				[
					{
						"x": {
							"y": {
								"z": 1.0
							}
						}
					}
				],
				null
			],
			[
				3423285.0,
				"_C_ComparisonsOf2Variables_0101 (Child): InputArray snapshot 1",
				[
					{
						"x": {
							"y": {
								"z": 2.0
							}
						}
					}
				],
				null
			],
			[
				3423287.0,
				"_C_ComparisonsOf2Variables_0101 (Child): InputArray snapshot 2",
				[
					27.0
				],
				null
			],
			[
				3423288.0,
				"_C_ComparisonsOf2Variables_0101 (Child): InputArray snapshot 3",
				[
					{
						"Child": {
							"x": {
								"Child": {
									"y": {
										"Child": {
											"z": {
												"Values": [
													1.0,
													2.0
												],
												"result": "-KM"
											}
										},
										"Values": [
											{
												"z": 1.0
											},
											{
												"z": 2.0
											}
										],
										"result": "-KM"
									}
								},
								"Values": [
									{
										"y": {
											"z": 1.0
										}
									},
									{
										"y": {
											"z": 2.0
										}
									}
								],
								"result": "-KM"
							}
						},
						"Values": [
							{
								"x": {
									"y": {
										"z": 1.0
									}
								}
							},
							{
								"x": {
									"y": {
										"z": 2.0
									}
								}
							}
						],
						"result": "-KM"
					}
				],
				null
			],
			[
				3423289.0,
				"_C_ComparisonsOf2Variables_0101 (Child): InputArray snapshot 4",
				[
					[]
				],
				null
			],
			[
				3423291.0,
				"_C_ComparisonsOf2Variables_0101 (Child): InputArray snapshot 5",
				[
					"Values"
				],
				null
			],
			[
				3423293.0,
				"_C_ComparisonsOf2Variables_0101: key == \"result\"/\"Values\" -> skip, Further",
				[
					"Values"
				],
				null
			],
			[
				3425750.0,
				"UniversalBypass: visiting key",
				[
					"Child",
					[
						"Child"
					]
				],
				null
			],
			[
				3425758.0,
				"Class_Help.FunctionCall: Node(Class_ArrayAndOrDictionary)::_C_ComparisonsOf2Variables_0101",
				[
					{
						"x": {
							"y": {
								"z": 1.0
							}
						}
					},
					{
						"x": {
							"y": {
								"z": 2.0
							}
						}
					},
					27.0,
					{
						"Child": {
							"x": {
								"Child": {
									"y": {
										"Child": {
											"z": {
												"Values": [
													1.0,
													2.0
												],
												"result": "-KM"
											}
										},
										"Values": [
											{
												"z": 1.0
											},
											{
												"z": 2.0
											}
										],
										"result": "-KM"
									}
								},
								"Values": [
									{
										"y": {
											"z": 1.0
										}
									},
									{
										"y": {
											"z": 2.0
										}
									}
								],
								"result": "-KM"
							}
						},
						"Values": [
							{
								"x": {
									"y": {
										"z": 1.0
									}
								}
							},
							{
								"x": {
									"y": {
										"z": 2.0
									}
								}
							}
						],
						"result": "-KM"
					},
					[],
					"Child"
				],
				null
			],
			[
				3425760.0,
				"_C_ComparisonsOf2Variables_0101 (Child): InputArray snapshot 0",
				[
					{
						"x": {
							"y": {
								"z": 1.0
							}
						}
					}
				],
				null
			],
			[
				3425762.0,
				"_C_ComparisonsOf2Variables_0101 (Child): InputArray snapshot 1",
				[
					{
						"x": {
							"y": {
								"z": 2.0
							}
						}
					}
				],
				null
			],
			[
				3425763.0,
				"_C_ComparisonsOf2Variables_0101 (Child): InputArray snapshot 2",
				[
					27.0
				],
				null
			],
			[
				3425764.0,
				"_C_ComparisonsOf2Variables_0101 (Child): InputArray snapshot 3",
				[
					{
						"Child": {
							"x": {
								"Child": {
									"y": {
										"Child": {
											"z": {
												"Values": [
													1.0,
													2.0
												],
												"result": "-KM"
											}
										},
										"Values": [
											{
												"z": 1.0
											},
											{
												"z": 2.0
											}
										],
										"result": "-KM"
									}
								},
								"Values": [
									{
										"y": {
											"z": 1.0
										}
									},
									{
										"y": {
											"z": 2.0
										}
									}
								],
								"result": "-KM"
							}
						},
						"Values": [
							{
								"x": {
									"y": {
										"z": 1.0
									}
								}
							},
							{
								"x": {
									"y": {
										"z": 2.0
									}
								}
							}
						],
						"result": "-KM"
					}
				],
				null
			],
			[
				3425766.0,
				"_C_ComparisonsOf2Variables_0101 (Child): InputArray snapshot 4",
				[
					[]
				],
				null
			],
			[
				3425767.0,
				"_C_ComparisonsOf2Variables_0101 (Child): InputArray snapshot 5",
				[
					"Child"
				],
				null
			],
			[
				3425768.0,
				"_C_ComparisonsOf2Variables_0101: key == \"Child\" -> just Deeper, no recompute",
				[],
				null
			],
			[
				3425772.0,
				"UniversalBypass: Deeper, recursing",
				[
					"Child",
					1.0
				],
				null
			],
			[
				3428295.0,
				"UniversalBypass: visiting key",
				[
					"x",
					[
						"Child",
						"x"
					]
				],
				null
			],
			[
				3428303.0,
				"Class_Help.FunctionCall: Node(Class_ArrayAndOrDictionary)::_C_ComparisonsOf2Variables_0101",
				[
					{
						"x": {
							"y": {
								"z": 1.0
							}
						}
					},
					{
						"x": {
							"y": {
								"z": 2.0
							}
						}
					},
					27.0,
					{
						"x": {
							"Child": {
								"y": {
									"Child": {
										"z": {
											"Values": [
												1.0,
												2.0
											],
											"result": "-KM"
										}
									},
									"Values": [
										{
											"z": 1.0
										},
										{
											"z": 2.0
										}
									],
									"result": "-KM"
								}
							},
							"Values": [
								{
									"y": {
										"z": 1.0
									}
								},
								{
									"y": {
										"z": 2.0
									}
								}
							],
							"result": "-KM"
						}
					},
					[],
					"x"
				],
				null
			],
			[
				3428305.0,
				"_C_ComparisonsOf2Variables_0101 (Child): InputArray snapshot 0",
				[
					{
						"x": {
							"y": {
								"z": 1.0
							}
						}
					}
				],
				null
			],
			[
				3428307.0,
				"_C_ComparisonsOf2Variables_0101 (Child): InputArray snapshot 1",
				[
					{
						"x": {
							"y": {
								"z": 2.0
							}
						}
					}
				],
				null
			],
			[
				3428308.0,
				"_C_ComparisonsOf2Variables_0101 (Child): InputArray snapshot 2",
				[
					27.0
				],
				null
			],
			[
				3428310.0,
				"_C_ComparisonsOf2Variables_0101 (Child): InputArray snapshot 3",
				[
					{
						"x": {
							"Child": {
								"y": {
									"Child": {
										"z": {
											"Values": [
												1.0,
												2.0
											],
											"result": "-KM"
										}
									},
									"Values": [
										{
											"z": 1.0
										},
										{
											"z": 2.0
										}
									],
									"result": "-KM"
								}
							},
							"Values": [
								{
									"y": {
										"z": 1.0
									}
								},
								{
									"y": {
										"z": 2.0
									}
								}
							],
							"result": "-KM"
						}
					}
				],
				null
			],
			[
				3428311.0,
				"_C_ComparisonsOf2Variables_0101 (Child): InputArray snapshot 4",
				[
					[]
				],
				null
			],
			[
				3428313.0,
				"_C_ComparisonsOf2Variables_0101 (Child): InputArray snapshot 5",
				[
					"x"
				],
				null
			],
			[
				3428324.0,
				"Class_Help.FunctionCall: Node(Class_ArrayAndOrDictionary)::_PAW_CO2V",
				[
					{
						"x": {
							"y": {
								"z": 1.0
							}
						}
					},
					{
						"x": {
							"y": {
								"z": 1.0
							}
						}
					},
					"Child"
				],
				null
			],
			[
				3428327.0,
				"_PAW_CO2V: elPA == Child -> skip this level",
				[
					"Child"
				],
				"flagPassageAlongWay=false"
			],
			[
				3430876.0,
				"PassageAlongWay: Not flagPassageAlongWay, staying at current level",
				[
					"Child"
				],
				null
			],
			[
				3430886.0,
				"Class_Help.FunctionCall: Node(Class_ArrayAndOrDictionary)::_PAW_CO2V",
				[
					{
						"x": {
							"y": {
								"z": 1.0
							}
						}
					},
					{
						"x": {
							"y": {
								"z": 1.0
							}
						}
					},
					"x"
				],
				null
			],
			[
				3430891.0,
				"PassageAlongWay: Good flagPassageAlongWay, stepping into",
				[
					"x"
				],
				null
			],
			[
				3430900.0,
				"Class_Help.FunctionCall: Node(Class_ArrayAndOrDictionary)::_PAW_CO2V",
				[
					{
						"x": {
							"y": {
								"z": 2.0
							}
						}
					},
					{
						"x": {
							"y": {
								"z": 2.0
							}
						}
					},
					"Child"
				],
				null
			],
			[
				3430902.0,
				"_PAW_CO2V: elPA == Child -> skip this level",
				[
					"Child"
				],
				"flagPassageAlongWay=false"
			],
			[
				3430905.0,
				"PassageAlongWay: Not flagPassageAlongWay, staying at current level",
				[
					"Child"
				],
				null
			],
			[
				3430911.0,
				"Class_Help.FunctionCall: Node(Class_ArrayAndOrDictionary)::_PAW_CO2V",
				[
					{
						"x": {
							"y": {
								"z": 2.0
							}
						}
					},
					{
						"x": {
							"y": {
								"z": 2.0
							}
						}
					},
					"x"
				],
				null
			],
			[
				3430914.0,
				"PassageAlongWay: Good flagPassageAlongWay, stepping into",
				[
					"x"
				],
				null
			],
			[
				3430917.0,
				"_C_ComparisonsOf2Variables_0101: Child branch entered",
				[
					[
						"Child",
						"x"
					]
				],
				null
			],
			[
				3430919.0,
				"_C_ComparisonsOf2Variables_0101: both Dictionary, not equal -> Deeper",
				[],
				null
			],
			[
				3433698.0,
				"UniversalBypass: Deeper, recursing",
				[
					"x",
					2.0
				],
				null
			],
			[
				3433711.0,
				"UniversalBypass: visiting key",
				[
					"result",
					[
						"Child",
						"x",
						"result"
					]
				],
				null
			],
			[
				3433726.0,
				"Class_Help.FunctionCall: Node(Class_ArrayAndOrDictionary)::_C_ComparisonsOf2Variables_0101",
				[
					{
						"x": {
							"y": {
								"z": 1.0
							}
						}
					},
					{
						"x": {
							"y": {
								"z": 2.0
							}
						}
					},
					27.0,
					{
						"Child": {
							"y": {
								"Child": {
									"z": {
										"Values": [
											1.0,
											2.0
										],
										"result": "-KM"
									}
								},
								"Values": [
									{
										"z": 1.0
									},
									{
										"z": 2.0
									}
								],
								"result": "-KM"
							}
						},
						"Values": [
							{
								"y": {
									"z": 1.0
								}
							},
							{
								"y": {
									"z": 2.0
								}
							}
						],
						"result": "-KM"
					},
					[],
					"result"
				],
				null
			],
			[
				3433730.0,
				"_C_ComparisonsOf2Variables_0101 (Child): InputArray snapshot 0",
				[
					{
						"x": {
							"y": {
								"z": 1.0
							}
						}
					}
				],
				null
			],
			[
				3433733.0,
				"_C_ComparisonsOf2Variables_0101 (Child): InputArray snapshot 1",
				[
					{
						"x": {
							"y": {
								"z": 2.0
							}
						}
					}
				],
				null
			],
			[
				3433735.0,
				"_C_ComparisonsOf2Variables_0101 (Child): InputArray snapshot 2",
				[
					27.0
				],
				null
			],
			[
				3433737.0,
				"_C_ComparisonsOf2Variables_0101 (Child): InputArray snapshot 3",
				[
					{
						"Child": {
							"y": {
								"Child": {
									"z": {
										"Values": [
											1.0,
											2.0
										],
										"result": "-KM"
									}
								},
								"Values": [
									{
										"z": 1.0
									},
									{
										"z": 2.0
									}
								],
								"result": "-KM"
							}
						},
						"Values": [
							{
								"y": {
									"z": 1.0
								}
							},
							{
								"y": {
									"z": 2.0
								}
							}
						],
						"result": "-KM"
					}
				],
				null
			],
			[
				3433739.0,
				"_C_ComparisonsOf2Variables_0101 (Child): InputArray snapshot 4",
				[
					[]
				],
				null
			],
			[
				3433740.0,
				"_C_ComparisonsOf2Variables_0101 (Child): InputArray snapshot 5",
				[
					"result"
				],
				null
			],
			[
				3433743.0,
				"_C_ComparisonsOf2Variables_0101: key == \"result\"/\"Values\" -> skip, Further",
				[
					"result"
				],
				null
			],
			[
				3436576.0,
				"UniversalBypass: visiting key",
				[
					"Values",
					[
						"Child",
						"x",
						"Values"
					]
				],
				null
			],
			[
				3436587.0,
				"Class_Help.FunctionCall: Node(Class_ArrayAndOrDictionary)::_C_ComparisonsOf2Variables_0101",
				[
					{
						"x": {
							"y": {
								"z": 1.0
							}
						}
					},
					{
						"x": {
							"y": {
								"z": 2.0
							}
						}
					},
					27.0,
					{
						"Child": {
							"y": {
								"Child": {
									"z": {
										"Values": [
											1.0,
											2.0
										],
										"result": "-KM"
									}
								},
								"Values": [
									{
										"z": 1.0
									},
									{
										"z": 2.0
									}
								],
								"result": "-KM"
							}
						},
						"Values": [
							{
								"y": {
									"z": 1.0
								}
							},
							{
								"y": {
									"z": 2.0
								}
							}
						],
						"result": "-KM"
					},
					[],
					"Values"
				],
				null
			],
			[
				3436590.0,
				"_C_ComparisonsOf2Variables_0101 (Child): InputArray snapshot 0",
				[
					{
						"x": {
							"y": {
								"z": 1.0
							}
						}
					}
				],
				null
			],
			[
				3436592.0,
				"_C_ComparisonsOf2Variables_0101 (Child): InputArray snapshot 1",
				[
					{
						"x": {
							"y": {
								"z": 2.0
							}
						}
					}
				],
				null
			],
			[
				3436593.0,
				"_C_ComparisonsOf2Variables_0101 (Child): InputArray snapshot 2",
				[
					27.0
				],
				null
			],
			[
				3436594.0,
				"_C_ComparisonsOf2Variables_0101 (Child): InputArray snapshot 3",
				[
					{
						"Child": {
							"y": {
								"Child": {
									"z": {
										"Values": [
											1.0,
											2.0
										],
										"result": "-KM"
									}
								},
								"Values": [
									{
										"z": 1.0
									},
									{
										"z": 2.0
									}
								],
								"result": "-KM"
							}
						},
						"Values": [
							{
								"y": {
									"z": 1.0
								}
							},
							{
								"y": {
									"z": 2.0
								}
							}
						],
						"result": "-KM"
					}
				],
				null
			],
			[
				3436596.0,
				"_C_ComparisonsOf2Variables_0101 (Child): InputArray snapshot 4",
				[
					[]
				],
				null
			],
			[
				3436597.0,
				"_C_ComparisonsOf2Variables_0101 (Child): InputArray snapshot 5",
				[
					"Values"
				],
				null
			],
			[
				3436599.0,
				"_C_ComparisonsOf2Variables_0101: key == \"result\"/\"Values\" -> skip, Further",
				[
					"Values"
				],
				null
			],
			[
				3436602.0,
				"UniversalBypass: visiting key",
				[
					"Child",
					[
						"Child",
						"x",
						"Child"
					]
				],
				null
			],
			[
				3439335.0,
				"Class_Help.FunctionCall: Node(Class_ArrayAndOrDictionary)::_C_ComparisonsOf2Variables_0101",
				[
					{
						"x": {
							"y": {
								"z": 1.0
							}
						}
					},
					{
						"x": {
							"y": {
								"z": 2.0
							}
						}
					},
					27.0,
					{
						"Child": {
							"y": {
								"Child": {
									"z": {
										"Values": [
											1.0,
											2.0
										],
										"result": "-KM"
									}
								},
								"Values": [
									{
										"z": 1.0
									},
									{
										"z": 2.0
									}
								],
								"result": "-KM"
							}
						},
						"Values": [
							{
								"y": {
									"z": 1.0
								}
							},
							{
								"y": {
									"z": 2.0
								}
							}
						],
						"result": "-KM"
					},
					[],
					"Child"
				],
				null
			],
			[
				3439338.0,
				"_C_ComparisonsOf2Variables_0101 (Child): InputArray snapshot 0",
				[
					{
						"x": {
							"y": {
								"z": 1.0
							}
						}
					}
				],
				null
			],
			[
				3439339.0,
				"_C_ComparisonsOf2Variables_0101 (Child): InputArray snapshot 1",
				[
					{
						"x": {
							"y": {
								"z": 2.0
							}
						}
					}
				],
				null
			],
			[
				3439341.0,
				"_C_ComparisonsOf2Variables_0101 (Child): InputArray snapshot 2",
				[
					27.0
				],
				null
			],
			[
				3439342.0,
				"_C_ComparisonsOf2Variables_0101 (Child): InputArray snapshot 3",
				[
					{
						"Child": {
							"y": {
								"Child": {
									"z": {
										"Values": [
											1.0,
											2.0
										],
										"result": "-KM"
									}
								},
								"Values": [
									{
										"z": 1.0
									},
									{
										"z": 2.0
									}
								],
								"result": "-KM"
							}
						},
						"Values": [
							{
								"y": {
									"z": 1.0
								}
							},
							{
								"y": {
									"z": 2.0
								}
							}
						],
						"result": "-KM"
					}
				],
				null
			],
			[
				3439344.0,
				"_C_ComparisonsOf2Variables_0101 (Child): InputArray snapshot 4",
				[
					[]
				],
				null
			],
			[
				3439345.0,
				"_C_ComparisonsOf2Variables_0101 (Child): InputArray snapshot 5",
				[
					"Child"
				],
				null
			],
			[
				3439346.0,
				"_C_ComparisonsOf2Variables_0101: key == \"Child\" -> just Deeper, no recompute",
				[],
				null
			],
			[
				3439351.0,
				"UniversalBypass: Deeper, recursing",
				[
					"Child",
					3.0
				],
				null
			],
			[
				3439356.0,
				"UniversalBypass: visiting key",
				[
					"y",
					[
						"Child",
						"x",
						"Child",
						"y"
					]
				],
				null
			],
			[
				3442125.0,
				"Class_Help.FunctionCall: Node(Class_ArrayAndOrDictionary)::_C_ComparisonsOf2Variables_0101",
				[
					{
						"x": {
							"y": {
								"z": 1.0
							}
						}
					},
					{
						"x": {
							"y": {
								"z": 2.0
							}
						}
					},
					27.0,
					{
						"y": {
							"Child": {
								"z": {
									"Values": [
										1.0,
										2.0
									],
									"result": "-KM"
								}
							},
							"Values": [
								{
									"z": 1.0
								},
								{
									"z": 2.0
								}
							],
							"result": "-KM"
						}
					},
					[],
					"y"
				],
				null
			],
			[
				3442128.0,
				"_C_ComparisonsOf2Variables_0101 (Child): InputArray snapshot 0",
				[
					{
						"x": {
							"y": {
								"z": 1.0
							}
						}
					}
				],
				null
			],
			[
				3442129.0,
				"_C_ComparisonsOf2Variables_0101 (Child): InputArray snapshot 1",
				[
					{
						"x": {
							"y": {
								"z": 2.0
							}
						}
					}
				],
				null
			],
			[
				3442131.0,
				"_C_ComparisonsOf2Variables_0101 (Child): InputArray snapshot 2",
				[
					27.0
				],
				null
			],
			[
				3442132.0,
				"_C_ComparisonsOf2Variables_0101 (Child): InputArray snapshot 3",
				[
					{
						"y": {
							"Child": {
								"z": {
									"Values": [
										1.0,
										2.0
									],
									"result": "-KM"
								}
							},
							"Values": [
								{
									"z": 1.0
								},
								{
									"z": 2.0
								}
							],
							"result": "-KM"
						}
					}
				],
				null
			],
			[
				3442133.0,
				"_C_ComparisonsOf2Variables_0101 (Child): InputArray snapshot 4",
				[
					[]
				],
				null
			],
			[
				3442135.0,
				"_C_ComparisonsOf2Variables_0101 (Child): InputArray snapshot 5",
				[
					"y"
				],
				null
			],
			[
				3442147.0,
				"Class_Help.FunctionCall: Node(Class_ArrayAndOrDictionary)::_PAW_CO2V",
				[
					{
						"x": {
							"y": {
								"z": 1.0
							}
						}
					},
					{
						"x": {
							"y": {
								"z": 1.0
							}
						}
					},
					"Child"
				],
				null
			],
			[
				3442150.0,
				"_PAW_CO2V: elPA == Child -> skip this level",
				[
					"Child"
				],
				"flagPassageAlongWay=false"
			],
			[
				3442155.0,
				"PassageAlongWay: Not flagPassageAlongWay, staying at current level",
				[
					"Child"
				],
				null
			],
			[
				3444939.0,
				"Class_Help.FunctionCall: Node(Class_ArrayAndOrDictionary)::_PAW_CO2V",
				[
					{
						"x": {
							"y": {
								"z": 1.0
							}
						}
					},
					{
						"x": {
							"y": {
								"z": 1.0
							}
						}
					},
					"x"
				],
				null
			],
			[
				3444946.0,
				"PassageAlongWay: Good flagPassageAlongWay, stepping into",
				[
					"x"
				],
				null
			],
			[
				3444952.0,
				"Class_Help.FunctionCall: Node(Class_ArrayAndOrDictionary)::_PAW_CO2V",
				[
					{
						"y": {
							"z": 1.0
						}
					},
					{
						"x": {
							"y": {
								"z": 1.0
							}
						}
					},
					"Child"
				],
				null
			],
			[
				3444954.0,
				"_PAW_CO2V: elPA == Child -> skip this level",
				[
					"Child"
				],
				"flagPassageAlongWay=false"
			],
			[
				3444958.0,
				"PassageAlongWay: Not flagPassageAlongWay, staying at current level",
				[
					"Child"
				],
				null
			],
			[
				3444964.0,
				"Class_Help.FunctionCall: Node(Class_ArrayAndOrDictionary)::_PAW_CO2V",
				[
					{
						"y": {
							"z": 1.0
						}
					},
					{
						"x": {
							"y": {
								"z": 1.0
							}
						}
					},
					"y"
				],
				null
			],
			[
				3444967.0,
				"PassageAlongWay: Good flagPassageAlongWay, stepping into",
				[
					"y"
				],
				null
			],
			[
				3444977.0,
				"Class_Help.FunctionCall: Node(Class_ArrayAndOrDictionary)::_PAW_CO2V",
				[
					{
						"x": {
							"y": {
								"z": 2.0
							}
						}
					},
					{
						"x": {
							"y": {
								"z": 2.0
							}
						}
					},
					"Child"
				],
				null
			],
			[
				3444978.0,
				"_PAW_CO2V: elPA == Child -> skip this level",
				[
					"Child"
				],
				"flagPassageAlongWay=false"
			],
			[
				3444981.0,
				"PassageAlongWay: Not flagPassageAlongWay, staying at current level",
				[
					"Child"
				],
				null
			],
			[
				3447975.0,
				"Class_Help.FunctionCall: Node(Class_ArrayAndOrDictionary)::_PAW_CO2V",
				[
					{
						"x": {
							"y": {
								"z": 2.0
							}
						}
					},
					{
						"x": {
							"y": {
								"z": 2.0
							}
						}
					},
					"x"
				],
				null
			],
			[
				3447979.0,
				"PassageAlongWay: Good flagPassageAlongWay, stepping into",
				[
					"x"
				],
				null
			],
			[
				3447986.0,
				"Class_Help.FunctionCall: Node(Class_ArrayAndOrDictionary)::_PAW_CO2V",
				[
					{
						"y": {
							"z": 2.0
						}
					},
					{
						"x": {
							"y": {
								"z": 2.0
							}
						}
					},
					"Child"
				],
				null
			],
			[
				3447988.0,
				"_PAW_CO2V: elPA == Child -> skip this level",
				[
					"Child"
				],
				"flagPassageAlongWay=false"
			],
			[
				3447992.0,
				"PassageAlongWay: Not flagPassageAlongWay, staying at current level",
				[
					"Child"
				],
				null
			],
			[
				3447998.0,
				"Class_Help.FunctionCall: Node(Class_ArrayAndOrDictionary)::_PAW_CO2V",
				[
					{
						"y": {
							"z": 2.0
						}
					},
					{
						"x": {
							"y": {
								"z": 2.0
							}
						}
					},
					"y"
				],
				null
			],
			[
				3448001.0,
				"PassageAlongWay: Good flagPassageAlongWay, stepping into",
				[
					"y"
				],
				null
			],
			[
				3448003.0,
				"_C_ComparisonsOf2Variables_0101: Child branch entered",
				[
					[
						"Child",
						"x",
						"Child",
						"y"
					]
				],
				null
			],
			[
				3448005.0,
				"_C_ComparisonsOf2Variables_0101: both Dictionary, not equal -> Deeper",
				[],
				null
			],
			[
				3448012.0,
				"UniversalBypass: Deeper, recursing",
				[
					"y",
					4.0
				],
				null
			],
			[
				3451029.0,
				"UniversalBypass: visiting key",
				[
					"result",
					[
						"Child",
						"x",
						"Child",
						"y",
						"result"
					]
				],
				null
			],
			[
				3451046.0,
				"Class_Help.FunctionCall: Node(Class_ArrayAndOrDictionary)::_C_ComparisonsOf2Variables_0101",
				[
					{
						"x": {
							"y": {
								"z": 1.0
							}
						}
					},
					{
						"x": {
							"y": {
								"z": 2.0
							}
						}
					},
					27.0,
					{
						"Child": {
							"z": {
								"Values": [
									1.0,
									2.0
								],
								"result": "-KM"
							}
						},
						"Values": [
							{
								"z": 1.0
							},
							{
								"z": 2.0
							}
						],
						"result": "-KM"
					},
					[],
					"result"
				],
				null
			],
			[
				3451050.0,
				"_C_ComparisonsOf2Variables_0101 (Child): InputArray snapshot 0",
				[
					{
						"x": {
							"y": {
								"z": 1.0
							}
						}
					}
				],
				null
			],
			[
				3451052.0,
				"_C_ComparisonsOf2Variables_0101 (Child): InputArray snapshot 1",
				[
					{
						"x": {
							"y": {
								"z": 2.0
							}
						}
					}
				],
				null
			],
			[
				3451054.0,
				"_C_ComparisonsOf2Variables_0101 (Child): InputArray snapshot 2",
				[
					27.0
				],
				null
			],
			[
				3451056.0,
				"_C_ComparisonsOf2Variables_0101 (Child): InputArray snapshot 3",
				[
					{
						"Child": {
							"z": {
								"Values": [
									1.0,
									2.0
								],
								"result": "-KM"
							}
						},
						"Values": [
							{
								"z": 1.0
							},
							{
								"z": 2.0
							}
						],
						"result": "-KM"
					}
				],
				null
			],
			[
				3451058.0,
				"_C_ComparisonsOf2Variables_0101 (Child): InputArray snapshot 4",
				[
					[]
				],
				null
			],
			[
				3451060.0,
				"_C_ComparisonsOf2Variables_0101 (Child): InputArray snapshot 5",
				[
					"result"
				],
				null
			],
			[
				3451062.0,
				"_C_ComparisonsOf2Variables_0101: key == \"result\"/\"Values\" -> skip, Further",
				[
					"result"
				],
				null
			],
			[
				3451068.0,
				"UniversalBypass: visiting key",
				[
					"Values",
					[
						"Child",
						"x",
						"Child",
						"y",
						"Values"
					]
				],
				null
			],
			[
				3454607.0,
				"Class_Help.FunctionCall: Node(Class_ArrayAndOrDictionary)::_C_ComparisonsOf2Variables_0101",
				[
					{
						"x": {
							"y": {
								"z": 1.0
							}
						}
					},
					{
						"x": {
							"y": {
								"z": 2.0
							}
						}
					},
					27.0,
					{
						"Child": {
							"z": {
								"Values": [
									1.0,
									2.0
								],
								"result": "-KM"
							}
						},
						"Values": [
							{
								"z": 1.0
							},
							{
								"z": 2.0
							}
						],
						"result": "-KM"
					},
					[],
					"Values"
				],
				null
			],
			[
				3454612.0,
				"_C_ComparisonsOf2Variables_0101 (Child): InputArray snapshot 0",
				[
					{
						"x": {
							"y": {
								"z": 1.0
							}
						}
					}
				],
				null
			],
			[
				3454613.0,
				"_C_ComparisonsOf2Variables_0101 (Child): InputArray snapshot 1",
				[
					{
						"x": {
							"y": {
								"z": 2.0
							}
						}
					}
				],
				null
			],
			[
				3454615.0,
				"_C_ComparisonsOf2Variables_0101 (Child): InputArray snapshot 2",
				[
					27.0
				],
				null
			],
			[
				3454617.0,
				"_C_ComparisonsOf2Variables_0101 (Child): InputArray snapshot 3",
				[
					{
						"Child": {
							"z": {
								"Values": [
									1.0,
									2.0
								],
								"result": "-KM"
							}
						},
						"Values": [
							{
								"z": 1.0
							},
							{
								"z": 2.0
							}
						],
						"result": "-KM"
					}
				],
				null
			],
			[
				3454618.0,
				"_C_ComparisonsOf2Variables_0101 (Child): InputArray snapshot 4",
				[
					[]
				],
				null
			],
			[
				3454620.0,
				"_C_ComparisonsOf2Variables_0101 (Child): InputArray snapshot 5",
				[
					"Values"
				],
				null
			],
			[
				3454621.0,
				"_C_ComparisonsOf2Variables_0101: key == \"result\"/\"Values\" -> skip, Further",
				[
					"Values"
				],
				null
			],
			[
				3454628.0,
				"UniversalBypass: visiting key",
				[
					"Child",
					[
						"Child",
						"x",
						"Child",
						"y",
						"Child"
					]
				],
				null
			],
			[
				3454633.0,
				"Class_Help.FunctionCall: Node(Class_ArrayAndOrDictionary)::_C_ComparisonsOf2Variables_0101",
				[
					{
						"x": {
							"y": {
								"z": 1.0
							}
						}
					},
					{
						"x": {
							"y": {
								"z": 2.0
							}
						}
					},
					27.0,
					{
						"Child": {
							"z": {
								"Values": [
									1.0,
									2.0
								],
								"result": "-KM"
							}
						},
						"Values": [
							{
								"z": 1.0
							},
							{
								"z": 2.0
							}
						],
						"result": "-KM"
					},
					[],
					"Child"
				],
				null
			],
			[
				3458033.0,
				"_C_ComparisonsOf2Variables_0101 (Child): InputArray snapshot 0",
				[
					{
						"x": {
							"y": {
								"z": 1.0
							}
						}
					}
				],
				null
			],
			[
				3458035.0,
				"_C_ComparisonsOf2Variables_0101 (Child): InputArray snapshot 1",
				[
					{
						"x": {
							"y": {
								"z": 2.0
							}
						}
					}
				],
				null
			],
			[
				3458036.0,
				"_C_ComparisonsOf2Variables_0101 (Child): InputArray snapshot 2",
				[
					27.0
				],
				null
			],
			[
				3458038.0,
				"_C_ComparisonsOf2Variables_0101 (Child): InputArray snapshot 3",
				[
					{
						"Child": {
							"z": {
								"Values": [
									1.0,
									2.0
								],
								"result": "-KM"
							}
						},
						"Values": [
							{
								"z": 1.0
							},
							{
								"z": 2.0
							}
						],
						"result": "-KM"
					}
				],
				null
			],
			[
				3458039.0,
				"_C_ComparisonsOf2Variables_0101 (Child): InputArray snapshot 4",
				[
					[]
				],
				null
			],
			[
				3458041.0,
				"_C_ComparisonsOf2Variables_0101 (Child): InputArray snapshot 5",
				[
					"Child"
				],
				null
			],
			[
				3458043.0,
				"_C_ComparisonsOf2Variables_0101: key == \"Child\" -> just Deeper, no recompute",
				[],
				null
			],
			[
				3458048.0,
				"UniversalBypass: Deeper, recursing",
				[
					"Child",
					5.0
				],
				null
			],
			[
				3458055.0,
				"UniversalBypass: visiting key",
				[
					"z",
					[
						"Child",
						"x",
						"Child",
						"y",
						"Child",
						"z"
					]
				],
				null
			],
			[
				3458064.0,
				"Class_Help.FunctionCall: Node(Class_ArrayAndOrDictionary)::_C_ComparisonsOf2Variables_0101",
				[
					{
						"x": {
							"y": {
								"z": 1.0
							}
						}
					},
					{
						"x": {
							"y": {
								"z": 2.0
							}
						}
					},
					27.0,
					{
						"z": {
							"Values": [
								1.0,
								2.0
							],
							"result": "-KM"
						}
					},
					[],
					"z"
				],
				null
			],
			[
				3461442.0,
				"_C_ComparisonsOf2Variables_0101 (Child): InputArray snapshot 0",
				[
					{
						"x": {
							"y": {
								"z": 1.0
							}
						}
					}
				],
				null
			],
			[
				3461444.0,
				"_C_ComparisonsOf2Variables_0101 (Child): InputArray snapshot 1",
				[
					{
						"x": {
							"y": {
								"z": 2.0
							}
						}
					}
				],
				null
			],
			[
				3461445.0,
				"_C_ComparisonsOf2Variables_0101 (Child): InputArray snapshot 2",
				[
					27.0
				],
				null
			],
			[
				3461447.0,
				"_C_ComparisonsOf2Variables_0101 (Child): InputArray snapshot 3",
				[
					{
						"z": {
							"Values": [
								1.0,
								2.0
							],
							"result": "-KM"
						}
					}
				],
				null
			],
			[
				3461449.0,
				"_C_ComparisonsOf2Variables_0101 (Child): InputArray snapshot 4",
				[
					[]
				],
				null
			],
			[
				3461450.0,
				"_C_ComparisonsOf2Variables_0101 (Child): InputArray snapshot 5",
				[
					"z"
				],
				null
			],
			[
				3461465.0,
				"Class_Help.FunctionCall: Node(Class_ArrayAndOrDictionary)::_PAW_CO2V",
				[
					{
						"x": {
							"y": {
								"z": 1.0
							}
						}
					},
					{
						"x": {
							"y": {
								"z": 1.0
							}
						}
					},
					"Child"
				],
				null
			],
			[
				3461468.0,
				"_PAW_CO2V: elPA == Child -> skip this level",
				[
					"Child"
				],
				"flagPassageAlongWay=false"
			],
			[
				3461472.0,
				"PassageAlongWay: Not flagPassageAlongWay, staying at current level",
				[
					"Child"
				],
				null
			],
			[
				3461478.0,
				"Class_Help.FunctionCall: Node(Class_ArrayAndOrDictionary)::_PAW_CO2V",
				[
					{
						"x": {
							"y": {
								"z": 1.0
							}
						}
					},
					{
						"x": {
							"y": {
								"z": 1.0
							}
						}
					},
					"x"
				],
				null
			],
			[
				3464891.0,
				"PassageAlongWay: Good flagPassageAlongWay, stepping into",
				[
					"x"
				],
				null
			],
			[
				3464902.0,
				"Class_Help.FunctionCall: Node(Class_ArrayAndOrDictionary)::_PAW_CO2V",
				[
					{
						"y": {
							"z": 1.0
						}
					},
					{
						"x": {
							"y": {
								"z": 1.0
							}
						}
					},
					"Child"
				],
				null
			],
			[
				3464904.0,
				"_PAW_CO2V: elPA == Child -> skip this level",
				[
					"Child"
				],
				"flagPassageAlongWay=false"
			],
			[
				3464908.0,
				"PassageAlongWay: Not flagPassageAlongWay, staying at current level",
				[
					"Child"
				],
				null
			],
			[
				3464914.0,
				"Class_Help.FunctionCall: Node(Class_ArrayAndOrDictionary)::_PAW_CO2V",
				[
					{
						"y": {
							"z": 1.0
						}
					},
					{
						"x": {
							"y": {
								"z": 1.0
							}
						}
					},
					"y"
				],
				null
			],
			[
				3464917.0,
				"PassageAlongWay: Good flagPassageAlongWay, stepping into",
				[
					"y"
				],
				null
			],
			[
				3464923.0,
				"Class_Help.FunctionCall: Node(Class_ArrayAndOrDictionary)::_PAW_CO2V",
				[
					{
						"z": 1.0
					},
					{
						"x": {
							"y": {
								"z": 1.0
							}
						}
					},
					"Child"
				],
				null
			],
			[
				3464925.0,
				"_PAW_CO2V: elPA == Child -> skip this level",
				[
					"Child"
				],
				"flagPassageAlongWay=false"
			],
			[
				3464927.0,
				"PassageAlongWay: Not flagPassageAlongWay, staying at current level",
				[
					"Child"
				],
				null
			],
			[
				3464933.0,
				"Class_Help.FunctionCall: Node(Class_ArrayAndOrDictionary)::_PAW_CO2V",
				[
					{
						"z": 1.0
					},
					{
						"x": {
							"y": {
								"z": 1.0
							}
						}
					},
					"z"
				],
				null
			],
			[
				3468511.0,
				"PassageAlongWay: Good flagPassageAlongWay, stepping into",
				[
					"z"
				],
				null
			],
			[
				3468533.0,
				"Class_Help.FunctionCall: Node(Class_ArrayAndOrDictionary)::_PAW_CO2V",
				[
					{
						"x": {
							"y": {
								"z": 2.0
							}
						}
					},
					{
						"x": {
							"y": {
								"z": 2.0
							}
						}
					},
					"Child"
				],
				null
			],
			[
				3468535.0,
				"_PAW_CO2V: elPA == Child -> skip this level",
				[
					"Child"
				],
				"flagPassageAlongWay=false"
			],
			[
				3468539.0,
				"PassageAlongWay: Not flagPassageAlongWay, staying at current level",
				[
					"Child"
				],
				null
			],
			[
				3468545.0,
				"Class_Help.FunctionCall: Node(Class_ArrayAndOrDictionary)::_PAW_CO2V",
				[
					{
						"x": {
							"y": {
								"z": 2.0
							}
						}
					},
					{
						"x": {
							"y": {
								"z": 2.0
							}
						}
					},
					"x"
				],
				null
			],
			[
				3468548.0,
				"PassageAlongWay: Good flagPassageAlongWay, stepping into",
				[
					"x"
				],
				null
			],
			[
				3468555.0,
				"Class_Help.FunctionCall: Node(Class_ArrayAndOrDictionary)::_PAW_CO2V",
				[
					{
						"y": {
							"z": 2.0
						}
					},
					{
						"x": {
							"y": {
								"z": 2.0
							}
						}
					},
					"Child"
				],
				null
			],
			[
				3468557.0,
				"_PAW_CO2V: elPA == Child -> skip this level",
				[
					"Child"
				],
				"flagPassageAlongWay=false"
			],
			[
				3468560.0,
				"PassageAlongWay: Not flagPassageAlongWay, staying at current level",
				[
					"Child"
				],
				null
			],
			[
				3468566.0,
				"Class_Help.FunctionCall: Node(Class_ArrayAndOrDictionary)::_PAW_CO2V",
				[
					{
						"y": {
							"z": 2.0
						}
					},
					{
						"x": {
							"y": {
								"z": 2.0
							}
						}
					},
					"y"
				],
				null
			],
			[
				3472205.0,
				"PassageAlongWay: Good flagPassageAlongWay, stepping into",
				[
					"y"
				],
				null
			],
			[
				3472215.0,
				"Class_Help.FunctionCall: Node(Class_ArrayAndOrDictionary)::_PAW_CO2V",
				[
					{
						"z": 2.0
					},
					{
						"x": {
							"y": {
								"z": 2.0
							}
						}
					},
					"Child"
				],
				null
			],
			[
				3472217.0,
				"_PAW_CO2V: elPA == Child -> skip this level",
				[
					"Child"
				],
				"flagPassageAlongWay=false"
			],
			[
				3472220.0,
				"PassageAlongWay: Not flagPassageAlongWay, staying at current level",
				[
					"Child"
				],
				null
			],
			[
				3472226.0,
				"Class_Help.FunctionCall: Node(Class_ArrayAndOrDictionary)::_PAW_CO2V",
				[
					{
						"z": 2.0
					},
					{
						"x": {
							"y": {
								"z": 2.0
							}
						}
					},
					"z"
				],
				null
			],
			[
				3472229.0,
				"PassageAlongWay: Good flagPassageAlongWay, stepping into",
				[
					"z"
				],
				null
			],
			[
				3472232.0,
				"_C_ComparisonsOf2Variables_0101: Child branch entered",
				[
					[
						"Child",
						"x",
						"Child",
						"y",
						"Child",
						"z"
					]
				],
				null
			],
			[
				3472235.0,
				"_C_ComparisonsOf2Variables_0101: same type, not equal, not Dictionary -> -KM -> Further",
				[],
				null
			],
			[
				3472259.0,
				"_CP_CO2V: recomputing aggregated result from children",
				[
					{
						"+": 0.0,
						"-": 1.0,
						"<": 0.0,
						">": 0.0,
						"~": 0.0,
						"~-": 0.0,
						"~<": 0.0,
						"~<-": 0.0,
						"~>": 0.0,
						"~>-": 0.0
					}
				],
				null
			],
			[
				3472264.0,
				"_CP_CO2V: result recomputed",
				[],
				"-KM"
			],
			[
				3475809.0,
				"_CP_CO2V: recomputing aggregated result from children",
				[
					{
						"+": 0.0,
						"-": 1.0,
						"<": 0.0,
						">": 0.0,
						"~": 0.0,
						"~-": 0.0,
						"~<": 0.0,
						"~<-": 0.0,
						"~>": 0.0,
						"~>-": 0.0
					}
				],
				null
			],
			[
				3475814.0,
				"_CP_CO2V: result recomputed",
				[],
				"-KM"
			],
			[
				3475820.0,
				"_CP_CO2V: recomputing aggregated result from children",
				[
					{
						"+": 0.0,
						"-": 1.0,
						"<": 0.0,
						">": 0.0,
						"~": 0.0,
						"~-": 0.0,
						"~<": 0.0,
						"~<-": 0.0,
						"~>": 0.0,
						"~>-": 0.0
					}
				],
				null
			],
			[
				3475823.0,
				"_CP_CO2V: result recomputed",
				[],
				"-KM"
			],
			[
				3475830.0,
				"Stream finished: Test:deep_nested_diff",
				[],
				null
			]
		],
		"13": [
			[
				3489257.0,
				"Stream created: Test:array_and_dict_mix",
				[],
				null
			],
			[
				3502424.0,
				"fC_ComparisonsOf2Variables_0101: types match",
				[
					{
						"x": {
							"arr": [
								1.0,
								2.0
							]
						},
						"y": 5.0
					},
					{
						"x": {
							"arr": [
								1.0,
								3.0
							]
						}
					}
				],
				null
			],
			[
				3502431.0,
				"fC_ComparisonsOf2Variables_0101: both Dictionary, not equal -> diff by key",
				[
					[
						"x",
						"y"
					],
					[
						"x"
					]
				],
				null
			],
			[
				3502450.0,
				"UniversalBypass: visiting key",
				[
					"result",
					[
						"result"
					]
				],
				null
			],
			[
				3502464.0,
				"Class_Help.FunctionCall: Node(Class_ArrayAndOrDictionary)::_C_ComparisonsOf2Variables_0101",
				[
					{
						"x": {
							"arr": [
								1.0,
								2.0
							]
						},
						"y": 5.0
					},
					{
						"x": {
							"arr": [
								1.0,
								3.0
							]
						}
					},
					27.0,
					{
						"Child": {
							"x": {
								"Child": {
									"arr": {
										"Values": [
											[
												1.0,
												2.0
											],
											[
												1.0,
												3.0
											]
										],
										"result": "-KM"
									}
								},
								"Values": [
									{
										"arr": [
											1.0,
											2.0
										]
									},
									{
										"arr": [
											1.0,
											3.0
										]
									}
								],
								"result": "-KM"
							},
							"y": {
								"Values": [
									5.0
								],
								"result": ">"
							}
						},
						"Values": [
							{
								"x": {
									"arr": [
										1.0,
										2.0
									]
								},
								"y": 5.0
							},
							{
								"x": {
									"arr": [
										1.0,
										3.0
									]
								}
							}
						],
						"result": "-KM"
					},
					[],
					"result"
				],
				null
			],
			[
				3502467.0,
				"_C_ComparisonsOf2Variables_0101 (Child): InputArray snapshot 0",
				[
					{
						"x": {
							"arr": [
								1.0,
								2.0
							]
						},
						"y": 5.0
					}
				],
				null
			],
			[
				3502469.0,
				"_C_ComparisonsOf2Variables_0101 (Child): InputArray snapshot 1",
				[
					{
						"x": {
							"arr": [
								1.0,
								3.0
							]
						}
					}
				],
				null
			],
			[
				3502470.0,
				"_C_ComparisonsOf2Variables_0101 (Child): InputArray snapshot 2",
				[
					27.0
				],
				null
			],
			[
				3502472.0,
				"_C_ComparisonsOf2Variables_0101 (Child): InputArray snapshot 3",
				[
					{
						"Child": {
							"x": {
								"Child": {
									"arr": {
										"Values": [
											[
												1.0,
												2.0
											],
											[
												1.0,
												3.0
											]
										],
										"result": "-KM"
									}
								},
								"Values": [
									{
										"arr": [
											1.0,
											2.0
										]
									},
									{
										"arr": [
											1.0,
											3.0
										]
									}
								],
								"result": "-KM"
							},
							"y": {
								"Values": [
									5.0
								],
								"result": ">"
							}
						},
						"Values": [
							{
								"x": {
									"arr": [
										1.0,
										2.0
									]
								},
								"y": 5.0
							},
							{
								"x": {
									"arr": [
										1.0,
										3.0
									]
								}
							}
						],
						"result": "-KM"
					}
				],
				null
			],
			[
				3502473.0,
				"_C_ComparisonsOf2Variables_0101 (Child): InputArray snapshot 4",
				[
					[]
				],
				null
			],
			[
				3502475.0,
				"_C_ComparisonsOf2Variables_0101 (Child): InputArray snapshot 5",
				[
					"result"
				],
				null
			],
			[
				3506361.0,
				"_C_ComparisonsOf2Variables_0101: key == \"result\"/\"Values\" -> skip, Further",
				[
					"result"
				],
				null
			],
			[
				3506368.0,
				"UniversalBypass: visiting key",
				[
					"Values",
					[
						"Values"
					]
				],
				null
			],
			[
				3506378.0,
				"Class_Help.FunctionCall: Node(Class_ArrayAndOrDictionary)::_C_ComparisonsOf2Variables_0101",
				[
					{
						"x": {
							"arr": [
								1.0,
								2.0
							]
						},
						"y": 5.0
					},
					{
						"x": {
							"arr": [
								1.0,
								3.0
							]
						}
					},
					27.0,
					{
						"Child": {
							"x": {
								"Child": {
									"arr": {
										"Values": [
											[
												1.0,
												2.0
											],
											[
												1.0,
												3.0
											]
										],
										"result": "-KM"
									}
								},
								"Values": [
									{
										"arr": [
											1.0,
											2.0
										]
									},
									{
										"arr": [
											1.0,
											3.0
										]
									}
								],
								"result": "-KM"
							},
							"y": {
								"Values": [
									5.0
								],
								"result": ">"
							}
						},
						"Values": [
							{
								"x": {
									"arr": [
										1.0,
										2.0
									]
								},
								"y": 5.0
							},
							{
								"x": {
									"arr": [
										1.0,
										3.0
									]
								}
							}
						],
						"result": "-KM"
					},
					[],
					"Values"
				],
				null
			],
			[
				3506381.0,
				"_C_ComparisonsOf2Variables_0101 (Child): InputArray snapshot 0",
				[
					{
						"x": {
							"arr": [
								1.0,
								2.0
							]
						},
						"y": 5.0
					}
				],
				null
			],
			[
				3506382.0,
				"_C_ComparisonsOf2Variables_0101 (Child): InputArray snapshot 1",
				[
					{
						"x": {
							"arr": [
								1.0,
								3.0
							]
						}
					}
				],
				null
			],
			[
				3506384.0,
				"_C_ComparisonsOf2Variables_0101 (Child): InputArray snapshot 2",
				[
					27.0
				],
				null
			],
			[
				3506385.0,
				"_C_ComparisonsOf2Variables_0101 (Child): InputArray snapshot 3",
				[
					{
						"Child": {
							"x": {
								"Child": {
									"arr": {
										"Values": [
											[
												1.0,
												2.0
											],
											[
												1.0,
												3.0
											]
										],
										"result": "-KM"
									}
								},
								"Values": [
									{
										"arr": [
											1.0,
											2.0
										]
									},
									{
										"arr": [
											1.0,
											3.0
										]
									}
								],
								"result": "-KM"
							},
							"y": {
								"Values": [
									5.0
								],
								"result": ">"
							}
						},
						"Values": [
							{
								"x": {
									"arr": [
										1.0,
										2.0
									]
								},
								"y": 5.0
							},
							{
								"x": {
									"arr": [
										1.0,
										3.0
									]
								}
							}
						],
						"result": "-KM"
					}
				],
				null
			],
			[
				3506386.0,
				"_C_ComparisonsOf2Variables_0101 (Child): InputArray snapshot 4",
				[
					[]
				],
				null
			],
			[
				3506388.0,
				"_C_ComparisonsOf2Variables_0101 (Child): InputArray snapshot 5",
				[
					"Values"
				],
				null
			],
			[
				3506390.0,
				"_C_ComparisonsOf2Variables_0101: key == \"result\"/\"Values\" -> skip, Further",
				[
					"Values"
				],
				null
			],
			[
				3510500.0,
				"UniversalBypass: visiting key",
				[
					"Child",
					[
						"Child"
					]
				],
				null
			],
			[
				3510522.0,
				"Class_Help.FunctionCall: Node(Class_ArrayAndOrDictionary)::_C_ComparisonsOf2Variables_0101",
				[
					{
						"x": {
							"arr": [
								1.0,
								2.0
							]
						},
						"y": 5.0
					},
					{
						"x": {
							"arr": [
								1.0,
								3.0
							]
						}
					},
					27.0,
					{
						"Child": {
							"x": {
								"Child": {
									"arr": {
										"Values": [
											[
												1.0,
												2.0
											],
											[
												1.0,
												3.0
											]
										],
										"result": "-KM"
									}
								},
								"Values": [
									{
										"arr": [
											1.0,
											2.0
										]
									},
									{
										"arr": [
											1.0,
											3.0
										]
									}
								],
								"result": "-KM"
							},
							"y": {
								"Values": [
									5.0
								],
								"result": ">"
							}
						},
						"Values": [
							{
								"x": {
									"arr": [
										1.0,
										2.0
									]
								},
								"y": 5.0
							},
							{
								"x": {
									"arr": [
										1.0,
										3.0
									]
								}
							}
						],
						"result": "-KM"
					},
					[],
					"Child"
				],
				null
			],
			[
				3510527.0,
				"_C_ComparisonsOf2Variables_0101 (Child): InputArray snapshot 0",
				[
					{
						"x": {
							"arr": [
								1.0,
								2.0
							]
						},
						"y": 5.0
					}
				],
				null
			],
			[
				3510528.0,
				"_C_ComparisonsOf2Variables_0101 (Child): InputArray snapshot 1",
				[
					{
						"x": {
							"arr": [
								1.0,
								3.0
							]
						}
					}
				],
				null
			],
			[
				3510530.0,
				"_C_ComparisonsOf2Variables_0101 (Child): InputArray snapshot 2",
				[
					27.0
				],
				null
			],
			[
				3510532.0,
				"_C_ComparisonsOf2Variables_0101 (Child): InputArray snapshot 3",
				[
					{
						"Child": {
							"x": {
								"Child": {
									"arr": {
										"Values": [
											[
												1.0,
												2.0
											],
											[
												1.0,
												3.0
											]
										],
										"result": "-KM"
									}
								},
								"Values": [
									{
										"arr": [
											1.0,
											2.0
										]
									},
									{
										"arr": [
											1.0,
											3.0
										]
									}
								],
								"result": "-KM"
							},
							"y": {
								"Values": [
									5.0
								],
								"result": ">"
							}
						},
						"Values": [
							{
								"x": {
									"arr": [
										1.0,
										2.0
									]
								},
								"y": 5.0
							},
							{
								"x": {
									"arr": [
										1.0,
										3.0
									]
								}
							}
						],
						"result": "-KM"
					}
				],
				null
			],
			[
				3510533.0,
				"_C_ComparisonsOf2Variables_0101 (Child): InputArray snapshot 4",
				[
					[]
				],
				null
			],
			[
				3510535.0,
				"_C_ComparisonsOf2Variables_0101 (Child): InputArray snapshot 5",
				[
					"Child"
				],
				null
			],
			[
				3510536.0,
				"_C_ComparisonsOf2Variables_0101: key == \"Child\" -> just Deeper, no recompute",
				[],
				null
			],
			[
				3510542.0,
				"UniversalBypass: Deeper, recursing",
				[
					"Child",
					1.0
				],
				null
			],
			[
				3515175.0,
				"UniversalBypass: visiting key",
				[
					"x",
					[
						"Child",
						"x"
					]
				],
				null
			],
			[
				3515192.0,
				"Class_Help.FunctionCall: Node(Class_ArrayAndOrDictionary)::_C_ComparisonsOf2Variables_0101",
				[
					{
						"x": {
							"arr": [
								1.0,
								2.0
							]
						},
						"y": 5.0
					},
					{
						"x": {
							"arr": [
								1.0,
								3.0
							]
						}
					},
					27.0,
					{
						"x": {
							"Child": {
								"arr": {
									"Values": [
										[
											1.0,
											2.0
										],
										[
											1.0,
											3.0
										]
									],
									"result": "-KM"
								}
							},
							"Values": [
								{
									"arr": [
										1.0,
										2.0
									]
								},
								{
									"arr": [
										1.0,
										3.0
									]
								}
							],
							"result": "-KM"
						},
						"y": {
							"Values": [
								5.0
							],
							"result": ">"
						}
					},
					[],
					"x"
				],
				null
			],
			[
				3515196.0,
				"_C_ComparisonsOf2Variables_0101 (Child): InputArray snapshot 0",
				[
					{
						"x": {
							"arr": [
								1.0,
								2.0
							]
						},
						"y": 5.0
					}
				],
				null
			],
			[
				3515198.0,
				"_C_ComparisonsOf2Variables_0101 (Child): InputArray snapshot 1",
				[
					{
						"x": {
							"arr": [
								1.0,
								3.0
							]
						}
					}
				],
				null
			],
			[
				3515200.0,
				"_C_ComparisonsOf2Variables_0101 (Child): InputArray snapshot 2",
				[
					27.0
				],
				null
			],
			[
				3515202.0,
				"_C_ComparisonsOf2Variables_0101 (Child): InputArray snapshot 3",
				[
					{
						"x": {
							"Child": {
								"arr": {
									"Values": [
										[
											1.0,
											2.0
										],
										[
											1.0,
											3.0
										]
									],
									"result": "-KM"
								}
							},
							"Values": [
								{
									"arr": [
										1.0,
										2.0
									]
								},
								{
									"arr": [
										1.0,
										3.0
									]
								}
							],
							"result": "-KM"
						},
						"y": {
							"Values": [
								5.0
							],
							"result": ">"
						}
					}
				],
				null
			],
			[
				3515204.0,
				"_C_ComparisonsOf2Variables_0101 (Child): InputArray snapshot 4",
				[
					[]
				],
				null
			],
			[
				3515205.0,
				"_C_ComparisonsOf2Variables_0101 (Child): InputArray snapshot 5",
				[
					"x"
				],
				null
			],
			[
				3515221.0,
				"Class_Help.FunctionCall: Node(Class_ArrayAndOrDictionary)::_PAW_CO2V",
				[
					{
						"x": {
							"arr": [
								1.0,
								2.0
							]
						},
						"y": 5.0
					},
					{
						"x": {
							"arr": [
								1.0,
								2.0
							]
						},
						"y": 5.0
					},
					"Child"
				],
				null
			],
			[
				3515224.0,
				"_PAW_CO2V: elPA == Child -> skip this level",
				[
					"Child"
				],
				"flagPassageAlongWay=false"
			],
			[
				3519357.0,
				"PassageAlongWay: Not flagPassageAlongWay, staying at current level",
				[
					"Child"
				],
				null
			],
			[
				3519376.0,
				"Class_Help.FunctionCall: Node(Class_ArrayAndOrDictionary)::_PAW_CO2V",
				[
					{
						"x": {
							"arr": [
								1.0,
								2.0
							]
						},
						"y": 5.0
					},
					{
						"x": {
							"arr": [
								1.0,
								2.0
							]
						},
						"y": 5.0
					},
					"x"
				],
				null
			],
			[
				3519382.0,
				"PassageAlongWay: Good flagPassageAlongWay, stepping into",
				[
					"x"
				],
				null
			],
			[
				3519395.0,
				"Class_Help.FunctionCall: Node(Class_ArrayAndOrDictionary)::_PAW_CO2V",
				[
					{
						"x": {
							"arr": [
								1.0,
								3.0
							]
						}
					},
					{
						"x": {
							"arr": [
								1.0,
								3.0
							]
						}
					},
					"Child"
				],
				null
			],
			[
				3519398.0,
				"_PAW_CO2V: elPA == Child -> skip this level",
				[
					"Child"
				],
				"flagPassageAlongWay=false"
			],
			[
				3519401.0,
				"PassageAlongWay: Not flagPassageAlongWay, staying at current level",
				[
					"Child"
				],
				null
			],
			[
				3519407.0,
				"Class_Help.FunctionCall: Node(Class_ArrayAndOrDictionary)::_PAW_CO2V",
				[
					{
						"x": {
							"arr": [
								1.0,
								3.0
							]
						}
					},
					{
						"x": {
							"arr": [
								1.0,
								3.0
							]
						}
					},
					"x"
				],
				null
			],
			[
				3519410.0,
				"PassageAlongWay: Good flagPassageAlongWay, stepping into",
				[
					"x"
				],
				null
			],
			[
				3519412.0,
				"_C_ComparisonsOf2Variables_0101: Child branch entered",
				[
					[
						"Child",
						"x"
					]
				],
				null
			],
			[
				3519415.0,
				"_C_ComparisonsOf2Variables_0101: both Dictionary, not equal -> Deeper",
				[],
				null
			],
			[
				3523379.0,
				"UniversalBypass: Deeper, recursing",
				[
					"x",
					2.0
				],
				null
			],
			[
				3523386.0,
				"UniversalBypass: visiting key",
				[
					"result",
					[
						"Child",
						"x",
						"result"
					]
				],
				null
			],
			[
				3523395.0,
				"Class_Help.FunctionCall: Node(Class_ArrayAndOrDictionary)::_C_ComparisonsOf2Variables_0101",
				[
					{
						"x": {
							"arr": [
								1.0,
								2.0
							]
						},
						"y": 5.0
					},
					{
						"x": {
							"arr": [
								1.0,
								3.0
							]
						}
					},
					27.0,
					{
						"Child": {
							"arr": {
								"Values": [
									[
										1.0,
										2.0
									],
									[
										1.0,
										3.0
									]
								],
								"result": "-KM"
							}
						},
						"Values": [
							{
								"arr": [
									1.0,
									2.0
								]
							},
							{
								"arr": [
									1.0,
									3.0
								]
							}
						],
						"result": "-KM"
					},
					[],
					"result"
				],
				null
			],
			[
				3523398.0,
				"_C_ComparisonsOf2Variables_0101 (Child): InputArray snapshot 0",
				[
					{
						"x": {
							"arr": [
								1.0,
								2.0
							]
						},
						"y": 5.0
					}
				],
				null
			],
			[
				3523400.0,
				"_C_ComparisonsOf2Variables_0101 (Child): InputArray snapshot 1",
				[
					{
						"x": {
							"arr": [
								1.0,
								3.0
							]
						}
					}
				],
				null
			],
			[
				3523401.0,
				"_C_ComparisonsOf2Variables_0101 (Child): InputArray snapshot 2",
				[
					27.0
				],
				null
			],
			[
				3523402.0,
				"_C_ComparisonsOf2Variables_0101 (Child): InputArray snapshot 3",
				[
					{
						"Child": {
							"arr": {
								"Values": [
									[
										1.0,
										2.0
									],
									[
										1.0,
										3.0
									]
								],
								"result": "-KM"
							}
						},
						"Values": [
							{
								"arr": [
									1.0,
									2.0
								]
							},
							{
								"arr": [
									1.0,
									3.0
								]
							}
						],
						"result": "-KM"
					}
				],
				null
			],
			[
				3523404.0,
				"_C_ComparisonsOf2Variables_0101 (Child): InputArray snapshot 4",
				[
					[]
				],
				null
			],
			[
				3523405.0,
				"_C_ComparisonsOf2Variables_0101 (Child): InputArray snapshot 5",
				[
					"result"
				],
				null
			],
			[
				3523407.0,
				"_C_ComparisonsOf2Variables_0101: key == \"result\"/\"Values\" -> skip, Further",
				[
					"result"
				],
				null
			],
			[
				3527350.0,
				"UniversalBypass: visiting key",
				[
					"Values",
					[
						"Child",
						"x",
						"Values"
					]
				],
				null
			],
			[
				3527359.0,
				"Class_Help.FunctionCall: Node(Class_ArrayAndOrDictionary)::_C_ComparisonsOf2Variables_0101",
				[
					{
						"x": {
							"arr": [
								1.0,
								2.0
							]
						},
						"y": 5.0
					},
					{
						"x": {
							"arr": [
								1.0,
								3.0
							]
						}
					},
					27.0,
					{
						"Child": {
							"arr": {
								"Values": [
									[
										1.0,
										2.0
									],
									[
										1.0,
										3.0
									]
								],
								"result": "-KM"
							}
						},
						"Values": [
							{
								"arr": [
									1.0,
									2.0
								]
							},
							{
								"arr": [
									1.0,
									3.0
								]
							}
						],
						"result": "-KM"
					},
					[],
					"Values"
				],
				null
			],
			[
				3527361.0,
				"_C_ComparisonsOf2Variables_0101 (Child): InputArray snapshot 0",
				[
					{
						"x": {
							"arr": [
								1.0,
								2.0
							]
						},
						"y": 5.0
					}
				],
				null
			],
			[
				3527363.0,
				"_C_ComparisonsOf2Variables_0101 (Child): InputArray snapshot 1",
				[
					{
						"x": {
							"arr": [
								1.0,
								3.0
							]
						}
					}
				],
				null
			],
			[
				3527365.0,
				"_C_ComparisonsOf2Variables_0101 (Child): InputArray snapshot 2",
				[
					27.0
				],
				null
			],
			[
				3527366.0,
				"_C_ComparisonsOf2Variables_0101 (Child): InputArray snapshot 3",
				[
					{
						"Child": {
							"arr": {
								"Values": [
									[
										1.0,
										2.0
									],
									[
										1.0,
										3.0
									]
								],
								"result": "-KM"
							}
						},
						"Values": [
							{
								"arr": [
									1.0,
									2.0
								]
							},
							{
								"arr": [
									1.0,
									3.0
								]
							}
						],
						"result": "-KM"
					}
				],
				null
			],
			[
				3527367.0,
				"_C_ComparisonsOf2Variables_0101 (Child): InputArray snapshot 4",
				[
					[]
				],
				null
			],
			[
				3527369.0,
				"_C_ComparisonsOf2Variables_0101 (Child): InputArray snapshot 5",
				[
					"Values"
				],
				null
			],
			[
				3527371.0,
				"_C_ComparisonsOf2Variables_0101: key == \"result\"/\"Values\" -> skip, Further",
				[
					"Values"
				],
				null
			],
			[
				3527374.0,
				"UniversalBypass: visiting key",
				[
					"Child",
					[
						"Child",
						"x",
						"Child"
					]
				],
				null
			],
			[
				3531394.0,
				"Class_Help.FunctionCall: Node(Class_ArrayAndOrDictionary)::_C_ComparisonsOf2Variables_0101",
				[
					{
						"x": {
							"arr": [
								1.0,
								2.0
							]
						},
						"y": 5.0
					},
					{
						"x": {
							"arr": [
								1.0,
								3.0
							]
						}
					},
					27.0,
					{
						"Child": {
							"arr": {
								"Values": [
									[
										1.0,
										2.0
									],
									[
										1.0,
										3.0
									]
								],
								"result": "-KM"
							}
						},
						"Values": [
							{
								"arr": [
									1.0,
									2.0
								]
							},
							{
								"arr": [
									1.0,
									3.0
								]
							}
						],
						"result": "-KM"
					},
					[],
					"Child"
				],
				null
			],
			[
				3531397.0,
				"_C_ComparisonsOf2Variables_0101 (Child): InputArray snapshot 0",
				[
					{
						"x": {
							"arr": [
								1.0,
								2.0
							]
						},
						"y": 5.0
					}
				],
				null
			],
			[
				3531398.0,
				"_C_ComparisonsOf2Variables_0101 (Child): InputArray snapshot 1",
				[
					{
						"x": {
							"arr": [
								1.0,
								3.0
							]
						}
					}
				],
				null
			],
			[
				3531400.0,
				"_C_ComparisonsOf2Variables_0101 (Child): InputArray snapshot 2",
				[
					27.0
				],
				null
			],
			[
				3531402.0,
				"_C_ComparisonsOf2Variables_0101 (Child): InputArray snapshot 3",
				[
					{
						"Child": {
							"arr": {
								"Values": [
									[
										1.0,
										2.0
									],
									[
										1.0,
										3.0
									]
								],
								"result": "-KM"
							}
						},
						"Values": [
							{
								"arr": [
									1.0,
									2.0
								]
							},
							{
								"arr": [
									1.0,
									3.0
								]
							}
						],
						"result": "-KM"
					}
				],
				null
			],
			[
				3531403.0,
				"_C_ComparisonsOf2Variables_0101 (Child): InputArray snapshot 4",
				[
					[]
				],
				null
			],
			[
				3531405.0,
				"_C_ComparisonsOf2Variables_0101 (Child): InputArray snapshot 5",
				[
					"Child"
				],
				null
			],
			[
				3531406.0,
				"_C_ComparisonsOf2Variables_0101: key == \"Child\" -> just Deeper, no recompute",
				[],
				null
			],
			[
				3531410.0,
				"UniversalBypass: Deeper, recursing",
				[
					"Child",
					3.0
				],
				null
			],
			[
				3531416.0,
				"UniversalBypass: visiting key",
				[
					"arr",
					[
						"Child",
						"x",
						"Child",
						"arr"
					]
				],
				null
			],
			[
				3535530.0,
				"Class_Help.FunctionCall: Node(Class_ArrayAndOrDictionary)::_C_ComparisonsOf2Variables_0101",
				[
					{
						"x": {
							"arr": [
								1.0,
								2.0
							]
						},
						"y": 5.0
					},
					{
						"x": {
							"arr": [
								1.0,
								3.0
							]
						}
					},
					27.0,
					{
						"arr": {
							"Values": [
								[
									1.0,
									2.0
								],
								[
									1.0,
									3.0
								]
							],
							"result": "-KM"
						}
					},
					[],
					"arr"
				],
				null
			],
			[
				3535534.0,
				"_C_ComparisonsOf2Variables_0101 (Child): InputArray snapshot 0",
				[
					{
						"x": {
							"arr": [
								1.0,
								2.0
							]
						},
						"y": 5.0
					}
				],
				null
			],
			[
				3535536.0,
				"_C_ComparisonsOf2Variables_0101 (Child): InputArray snapshot 1",
				[
					{
						"x": {
							"arr": [
								1.0,
								3.0
							]
						}
					}
				],
				null
			],
			[
				3535537.0,
				"_C_ComparisonsOf2Variables_0101 (Child): InputArray snapshot 2",
				[
					27.0
				],
				null
			],
			[
				3535539.0,
				"_C_ComparisonsOf2Variables_0101 (Child): InputArray snapshot 3",
				[
					{
						"arr": {
							"Values": [
								[
									1.0,
									2.0
								],
								[
									1.0,
									3.0
								]
							],
							"result": "-KM"
						}
					}
				],
				null
			],
			[
				3535540.0,
				"_C_ComparisonsOf2Variables_0101 (Child): InputArray snapshot 4",
				[
					[]
				],
				null
			],
			[
				3535541.0,
				"_C_ComparisonsOf2Variables_0101 (Child): InputArray snapshot 5",
				[
					"arr"
				],
				null
			],
			[
				3535556.0,
				"Class_Help.FunctionCall: Node(Class_ArrayAndOrDictionary)::_PAW_CO2V",
				[
					{
						"x": {
							"arr": [
								1.0,
								2.0
							]
						},
						"y": 5.0
					},
					{
						"x": {
							"arr": [
								1.0,
								2.0
							]
						},
						"y": 5.0
					},
					"Child"
				],
				null
			],
			[
				3535559.0,
				"_PAW_CO2V: elPA == Child -> skip this level",
				[
					"Child"
				],
				"flagPassageAlongWay=false"
			],
			[
				3535563.0,
				"PassageAlongWay: Not flagPassageAlongWay, staying at current level",
				[
					"Child"
				],
				null
			],
			[
				3539874.0,
				"Class_Help.FunctionCall: Node(Class_ArrayAndOrDictionary)::_PAW_CO2V",
				[
					{
						"x": {
							"arr": [
								1.0,
								2.0
							]
						},
						"y": 5.0
					},
					{
						"x": {
							"arr": [
								1.0,
								2.0
							]
						},
						"y": 5.0
					},
					"x"
				],
				null
			],
			[
				3539881.0,
				"PassageAlongWay: Good flagPassageAlongWay, stepping into",
				[
					"x"
				],
				null
			],
			[
				3539888.0,
				"Class_Help.FunctionCall: Node(Class_ArrayAndOrDictionary)::_PAW_CO2V",
				[
					{
						"arr": [
							1.0,
							2.0
						]
					},
					{
						"x": {
							"arr": [
								1.0,
								2.0
							]
						},
						"y": 5.0
					},
					"Child"
				],
				null
			],
			[
				3539890.0,
				"_PAW_CO2V: elPA == Child -> skip this level",
				[
					"Child"
				],
				"flagPassageAlongWay=false"
			],
			[
				3539894.0,
				"PassageAlongWay: Not flagPassageAlongWay, staying at current level",
				[
					"Child"
				],
				null
			],
			[
				3539900.0,
				"Class_Help.FunctionCall: Node(Class_ArrayAndOrDictionary)::_PAW_CO2V",
				[
					{
						"arr": [
							1.0,
							2.0
						]
					},
					{
						"x": {
							"arr": [
								1.0,
								2.0
							]
						},
						"y": 5.0
					},
					"arr"
				],
				null
			],
			[
				3539903.0,
				"PassageAlongWay: Good flagPassageAlongWay, stepping into",
				[
					"arr"
				],
				null
			],
			[
				3539912.0,
				"Class_Help.FunctionCall: Node(Class_ArrayAndOrDictionary)::_PAW_CO2V",
				[
					{
						"x": {
							"arr": [
								1.0,
								3.0
							]
						}
					},
					{
						"x": {
							"arr": [
								1.0,
								3.0
							]
						}
					},
					"Child"
				],
				null
			],
			[
				3539914.0,
				"_PAW_CO2V: elPA == Child -> skip this level",
				[
					"Child"
				],
				"flagPassageAlongWay=false"
			],
			[
				3539917.0,
				"PassageAlongWay: Not flagPassageAlongWay, staying at current level",
				[
					"Child"
				],
				null
			],
			[
				3543979.0,
				"Class_Help.FunctionCall: Node(Class_ArrayAndOrDictionary)::_PAW_CO2V",
				[
					{
						"x": {
							"arr": [
								1.0,
								3.0
							]
						}
					},
					{
						"x": {
							"arr": [
								1.0,
								3.0
							]
						}
					},
					"x"
				],
				null
			],
			[
				3543984.0,
				"PassageAlongWay: Good flagPassageAlongWay, stepping into",
				[
					"x"
				],
				null
			],
			[
				3543990.0,
				"Class_Help.FunctionCall: Node(Class_ArrayAndOrDictionary)::_PAW_CO2V",
				[
					{
						"arr": [
							1.0,
							3.0
						]
					},
					{
						"x": {
							"arr": [
								1.0,
								3.0
							]
						}
					},
					"Child"
				],
				null
			],
			[
				3543992.0,
				"_PAW_CO2V: elPA == Child -> skip this level",
				[
					"Child"
				],
				"flagPassageAlongWay=false"
			],
			[
				3543995.0,
				"PassageAlongWay: Not flagPassageAlongWay, staying at current level",
				[
					"Child"
				],
				null
			],
			[
				3544001.0,
				"Class_Help.FunctionCall: Node(Class_ArrayAndOrDictionary)::_PAW_CO2V",
				[
					{
						"arr": [
							1.0,
							3.0
						]
					},
					{
						"x": {
							"arr": [
								1.0,
								3.0
							]
						}
					},
					"arr"
				],
				null
			],
			[
				3544004.0,
				"PassageAlongWay: Good flagPassageAlongWay, stepping into",
				[
					"arr"
				],
				null
			],
			[
				3544007.0,
				"_C_ComparisonsOf2Variables_0101: Child branch entered",
				[
					[
						"Child",
						"x",
						"Child",
						"arr"
					]
				],
				null
			],
			[
				3544010.0,
				"_C_ComparisonsOf2Variables_0101: same type, not equal, not Dictionary -> -KM -> Further",
				[],
				null
			],
			[
				3544018.0,
				"UniversalBypass: visiting key",
				[
					"y",
					[
						"Child",
						"y"
					]
				],
				null
			],
			[
				3548130.0,
				"Class_Help.FunctionCall: Node(Class_ArrayAndOrDictionary)::_C_ComparisonsOf2Variables_0101",
				[
					{
						"x": {
							"arr": [
								1.0,
								2.0
							]
						},
						"y": 5.0
					},
					{
						"x": {
							"arr": [
								1.0,
								3.0
							]
						}
					},
					27.0,
					{
						"x": {
							"Child": {
								"arr": {
									"Values": [
										[
											1.0,
											2.0
										],
										[
											1.0,
											3.0
										]
									],
									"result": "-KM"
								}
							},
							"Values": [
								{
									"arr": [
										1.0,
										2.0
									]
								},
								{
									"arr": [
										1.0,
										3.0
									]
								}
							],
							"result": "-KM"
						},
						"y": {
							"Values": [
								5.0
							],
							"result": ">"
						}
					},
					[],
					"y"
				],
				null
			],
			[
				3548133.0,
				"_C_ComparisonsOf2Variables_0101 (Child): InputArray snapshot 0",
				[
					{
						"x": {
							"arr": [
								1.0,
								2.0
							]
						},
						"y": 5.0
					}
				],
				null
			],
			[
				3548134.0,
				"_C_ComparisonsOf2Variables_0101 (Child): InputArray snapshot 1",
				[
					{
						"x": {
							"arr": [
								1.0,
								3.0
							]
						}
					}
				],
				null
			],
			[
				3548135.0,
				"_C_ComparisonsOf2Variables_0101 (Child): InputArray snapshot 2",
				[
					27.0
				],
				null
			],
			[
				3548137.0,
				"_C_ComparisonsOf2Variables_0101 (Child): InputArray snapshot 3",
				[
					{
						"x": {
							"Child": {
								"arr": {
									"Values": [
										[
											1.0,
											2.0
										],
										[
											1.0,
											3.0
										]
									],
									"result": "-KM"
								}
							},
							"Values": [
								{
									"arr": [
										1.0,
										2.0
									]
								},
								{
									"arr": [
										1.0,
										3.0
									]
								}
							],
							"result": "-KM"
						},
						"y": {
							"Values": [
								5.0
							],
							"result": ">"
						}
					}
				],
				null
			],
			[
				3548138.0,
				"_C_ComparisonsOf2Variables_0101 (Child): InputArray snapshot 4",
				[
					[]
				],
				null
			],
			[
				3548139.0,
				"_C_ComparisonsOf2Variables_0101 (Child): InputArray snapshot 5",
				[
					"y"
				],
				null
			],
			[
				3548142.0,
				"_C_ComparisonsOf2Variables_0101: already resolved (>/< с первого прохода) -> skip, Further",
				[
					"y"
				],
				null
			],
			[
				3548160.0,
				"_CP_CO2V: recomputing aggregated result from children",
				[
					{
						"+": 0.0,
						"-": 1.0,
						"<": 0.0,
						">": 0.0,
						"~": 0.0,
						"~-": 0.0,
						"~<": 0.0,
						"~<-": 0.0,
						"~>": 0.0,
						"~>-": 0.0
					}
				],
				null
			],
			[
				3548165.0,
				"_CP_CO2V: result recomputed",
				[],
				"-KM"
			],
			[
				3552787.0,
				"_CP_CO2V: recomputing aggregated result from children",
				[
					{
						"+": 0.0,
						"-": 1.0,
						"<": 0.0,
						">": 1.0,
						"~": 0.0,
						"~-": 0.0,
						"~<": 0.0,
						"~<-": 0.0,
						"~>": 0.0,
						"~>-": 0.0
					}
				],
				null
			],
			[
				3552793.0,
				"_CP_CO2V: result recomputed",
				[],
				"-KM"
			],
			[
				3552801.0,
				"Stream finished: Test:array_and_dict_mix",
				[],
				null
			]
		],
		"14": [
			[
				3564686.0,
				"Stream created: Diagnostic:manual_case",
				[],
				null
			],
			[
				3576832.0,
				"fC_ComparisonsOf2Variables_0101: types match",
				[
					{
						"x1": {
							"y1": 1.0,
							"y2": [
								1.0,
								2.0,
								3.0
							]
						},
						"x2": [
							{
								"y1": 5.0
							},
							{
								"y1": 6.0
							}
						],
						"x3": 7.0
					},
					{
						"x1": {
							"y1": 1.0,
							"y2": [
								1.0,
								2.0,
								4.0
							]
						},
						"x2": [
							{
								"y1": 5.0
							},
							{
								"y1": 9.0
							}
						],
						"x3": 8.0
					}
				],
				null
			],
			[
				3576839.0,
				"fC_ComparisonsOf2Variables_0101: both Dictionary, not equal -> diff by key",
				[
					[
						"x1",
						"x2",
						"x3"
					],
					[
						"x1",
						"x2",
						"x3"
					]
				],
				null
			],
			[
				3576857.0,
				"UniversalBypass: visiting key",
				[
					"result",
					[
						"result"
					]
				],
				null
			],
			[
				3576869.0,
				"Class_Help.FunctionCall: Node(Class_ArrayAndOrDictionary)::_C_ComparisonsOf2Variables_0101",
				[
					{
						"x1": {
							"y1": 1.0,
							"y2": [
								1.0,
								2.0,
								3.0
							]
						},
						"x2": [
							{
								"y1": 5.0
							},
							{
								"y1": 6.0
							}
						],
						"x3": 7.0
					},
					{
						"x1": {
							"y1": 1.0,
							"y2": [
								1.0,
								2.0,
								4.0
							]
						},
						"x2": [
							{
								"y1": 5.0
							},
							{
								"y1": 9.0
							}
						],
						"x3": 8.0
					},
					27.0,
					{
						"Child": {
							"x1": {
								"Child": {
									"y1": {
										"Values": [
											1.0,
											1.0
										],
										"result": "+KM"
									},
									"y2": {
										"Values": [
											[
												1.0,
												2.0,
												3.0
											],
											[
												1.0,
												2.0,
												4.0
											]
										],
										"result": "-KM"
									}
								},
								"Values": [
									{
										"y1": 1.0,
										"y2": [
											1.0,
											2.0,
											3.0
										]
									},
									{
										"y1": 1.0,
										"y2": [
											1.0,
											2.0,
											4.0
										]
									}
								],
								"result": "~-KM"
							},
							"x2": {
								"Values": [
									[
										{
											"y1": 5.0
										},
										{
											"y1": 6.0
										}
									],
									[
										{
											"y1": 5.0
										},
										{
											"y1": 9.0
										}
									]
								],
								"result": "-KM"
							},
							"x3": {
								"Values": [
									7.0,
									8.0
								],
								"result": "-KM"
							}
						},
						"Values": [
							{
								"x1": {
									"y1": 1.0,
									"y2": [
										1.0,
										2.0,
										3.0
									]
								},
								"x2": [
									{
										"y1": 5.0
									},
									{
										"y1": 6.0
									}
								],
								"x3": 7.0
							},
							{
								"x1": {
									"y1": 1.0,
									"y2": [
										1.0,
										2.0,
										4.0
									]
								},
								"x2": [
									{
										"y1": 5.0
									},
									{
										"y1": 9.0
									}
								],
								"x3": 8.0
							}
						],
						"result": "~KM"
					},
					[],
					"result"
				],
				null
			],
			[
				3576873.0,
				"_C_ComparisonsOf2Variables_0101 (Child): InputArray snapshot 0",
				[
					{
						"x1": {
							"y1": 1.0,
							"y2": [
								1.0,
								2.0,
								3.0
							]
						},
						"x2": [
							{
								"y1": 5.0
							},
							{
								"y1": 6.0
							}
						],
						"x3": 7.0
					}
				],
				null
			],
			[
				3576874.0,
				"_C_ComparisonsOf2Variables_0101 (Child): InputArray snapshot 1",
				[
					{
						"x1": {
							"y1": 1.0,
							"y2": [
								1.0,
								2.0,
								4.0
							]
						},
						"x2": [
							{
								"y1": 5.0
							},
							{
								"y1": 9.0
							}
						],
						"x3": 8.0
					}
				],
				null
			],
			[
				3576876.0,
				"_C_ComparisonsOf2Variables_0101 (Child): InputArray snapshot 2",
				[
					27.0
				],
				null
			],
			[
				3576877.0,
				"_C_ComparisonsOf2Variables_0101 (Child): InputArray snapshot 3",
				[
					{
						"Child": {
							"x1": {
								"Child": {
									"y1": {
										"Values": [
											1.0,
											1.0
										],
										"result": "+KM"
									},
									"y2": {
										"Values": [
											[
												1.0,
												2.0,
												3.0
											],
											[
												1.0,
												2.0,
												4.0
											]
										],
										"result": "-KM"
									}
								},
								"Values": [
									{
										"y1": 1.0,
										"y2": [
											1.0,
											2.0,
											3.0
										]
									},
									{
										"y1": 1.0,
										"y2": [
											1.0,
											2.0,
											4.0
										]
									}
								],
								"result": "~-KM"
							},
							"x2": {
								"Values": [
									[
										{
											"y1": 5.0
										},
										{
											"y1": 6.0
										}
									],
									[
										{
											"y1": 5.0
										},
										{
											"y1": 9.0
										}
									]
								],
								"result": "-KM"
							},
							"x3": {
								"Values": [
									7.0,
									8.0
								],
								"result": "-KM"
							}
						},
						"Values": [
							{
								"x1": {
									"y1": 1.0,
									"y2": [
										1.0,
										2.0,
										3.0
									]
								},
								"x2": [
									{
										"y1": 5.0
									},
									{
										"y1": 6.0
									}
								],
								"x3": 7.0
							},
							{
								"x1": {
									"y1": 1.0,
									"y2": [
										1.0,
										2.0,
										4.0
									]
								},
								"x2": [
									{
										"y1": 5.0
									},
									{
										"y1": 9.0
									}
								],
								"x3": 8.0
							}
						],
						"result": "~KM"
					}
				],
				null
			],
			[
				3576878.0,
				"_C_ComparisonsOf2Variables_0101 (Child): InputArray snapshot 4",
				[
					[]
				],
				null
			],
			[
				3576880.0,
				"_C_ComparisonsOf2Variables_0101 (Child): InputArray snapshot 5",
				[
					"result"
				],
				null
			],
			[
				3581153.0,
				"_C_ComparisonsOf2Variables_0101: key == \"result\"/\"Values\" -> skip, Further",
				[
					"result"
				],
				null
			],
			[
				3581160.0,
				"UniversalBypass: visiting key",
				[
					"Values",
					[
						"Values"
					]
				],
				null
			],
			[
				3581176.0,
				"Class_Help.FunctionCall: Node(Class_ArrayAndOrDictionary)::_C_ComparisonsOf2Variables_0101",
				[
					{
						"x1": {
							"y1": 1.0,
							"y2": [
								1.0,
								2.0,
								3.0
							]
						},
						"x2": [
							{
								"y1": 5.0
							},
							{
								"y1": 6.0
							}
						],
						"x3": 7.0
					},
					{
						"x1": {
							"y1": 1.0,
							"y2": [
								1.0,
								2.0,
								4.0
							]
						},
						"x2": [
							{
								"y1": 5.0
							},
							{
								"y1": 9.0
							}
						],
						"x3": 8.0
					},
					27.0,
					{
						"Child": {
							"x1": {
								"Child": {
									"y1": {
										"Values": [
											1.0,
											1.0
										],
										"result": "+KM"
									},
									"y2": {
										"Values": [
											[
												1.0,
												2.0,
												3.0
											],
											[
												1.0,
												2.0,
												4.0
											]
										],
										"result": "-KM"
									}
								},
								"Values": [
									{
										"y1": 1.0,
										"y2": [
											1.0,
											2.0,
											3.0
										]
									},
									{
										"y1": 1.0,
										"y2": [
											1.0,
											2.0,
											4.0
										]
									}
								],
								"result": "~-KM"
							},
							"x2": {
								"Values": [
									[
										{
											"y1": 5.0
										},
										{
											"y1": 6.0
										}
									],
									[
										{
											"y1": 5.0
										},
										{
											"y1": 9.0
										}
									]
								],
								"result": "-KM"
							},
							"x3": {
								"Values": [
									7.0,
									8.0
								],
								"result": "-KM"
							}
						},
						"Values": [
							{
								"x1": {
									"y1": 1.0,
									"y2": [
										1.0,
										2.0,
										3.0
									]
								},
								"x2": [
									{
										"y1": 5.0
									},
									{
										"y1": 6.0
									}
								],
								"x3": 7.0
							},
							{
								"x1": {
									"y1": 1.0,
									"y2": [
										1.0,
										2.0,
										4.0
									]
								},
								"x2": [
									{
										"y1": 5.0
									},
									{
										"y1": 9.0
									}
								],
								"x3": 8.0
							}
						],
						"result": "~KM"
					},
					[],
					"Values"
				],
				null
			],
			[
				3581178.0,
				"_C_ComparisonsOf2Variables_0101 (Child): InputArray snapshot 0",
				[
					{
						"x1": {
							"y1": 1.0,
							"y2": [
								1.0,
								2.0,
								3.0
							]
						},
						"x2": [
							{
								"y1": 5.0
							},
							{
								"y1": 6.0
							}
						],
						"x3": 7.0
					}
				],
				null
			],
			[
				3581179.0,
				"_C_ComparisonsOf2Variables_0101 (Child): InputArray snapshot 1",
				[
					{
						"x1": {
							"y1": 1.0,
							"y2": [
								1.0,
								2.0,
								4.0
							]
						},
						"x2": [
							{
								"y1": 5.0
							},
							{
								"y1": 9.0
							}
						],
						"x3": 8.0
					}
				],
				null
			],
			[
				3581181.0,
				"_C_ComparisonsOf2Variables_0101 (Child): InputArray snapshot 2",
				[
					27.0
				],
				null
			],
			[
				3581182.0,
				"_C_ComparisonsOf2Variables_0101 (Child): InputArray snapshot 3",
				[
					{
						"Child": {
							"x1": {
								"Child": {
									"y1": {
										"Values": [
											1.0,
											1.0
										],
										"result": "+KM"
									},
									"y2": {
										"Values": [
											[
												1.0,
												2.0,
												3.0
											],
											[
												1.0,
												2.0,
												4.0
											]
										],
										"result": "-KM"
									}
								},
								"Values": [
									{
										"y1": 1.0,
										"y2": [
											1.0,
											2.0,
											3.0
										]
									},
									{
										"y1": 1.0,
										"y2": [
											1.0,
											2.0,
											4.0
										]
									}
								],
								"result": "~-KM"
							},
							"x2": {
								"Values": [
									[
										{
											"y1": 5.0
										},
										{
											"y1": 6.0
										}
									],
									[
										{
											"y1": 5.0
										},
										{
											"y1": 9.0
										}
									]
								],
								"result": "-KM"
							},
							"x3": {
								"Values": [
									7.0,
									8.0
								],
								"result": "-KM"
							}
						},
						"Values": [
							{
								"x1": {
									"y1": 1.0,
									"y2": [
										1.0,
										2.0,
										3.0
									]
								},
								"x2": [
									{
										"y1": 5.0
									},
									{
										"y1": 6.0
									}
								],
								"x3": 7.0
							},
							{
								"x1": {
									"y1": 1.0,
									"y2": [
										1.0,
										2.0,
										4.0
									]
								},
								"x2": [
									{
										"y1": 5.0
									},
									{
										"y1": 9.0
									}
								],
								"x3": 8.0
							}
						],
						"result": "~KM"
					}
				],
				null
			],
			[
				3581183.0,
				"_C_ComparisonsOf2Variables_0101 (Child): InputArray snapshot 4",
				[
					[]
				],
				null
			],
			[
				3581184.0,
				"_C_ComparisonsOf2Variables_0101 (Child): InputArray snapshot 5",
				[
					"Values"
				],
				null
			],
			[
				3581186.0,
				"_C_ComparisonsOf2Variables_0101: key == \"result\"/\"Values\" -> skip, Further",
				[
					"Values"
				],
				null
			],
			[
				3586310.0,
				"UniversalBypass: visiting key",
				[
					"Child",
					[
						"Child"
					]
				],
				null
			],
			[
				3586323.0,
				"Class_Help.FunctionCall: Node(Class_ArrayAndOrDictionary)::_C_ComparisonsOf2Variables_0101",
				[
					{
						"x1": {
							"y1": 1.0,
							"y2": [
								1.0,
								2.0,
								3.0
							]
						},
						"x2": [
							{
								"y1": 5.0
							},
							{
								"y1": 6.0
							}
						],
						"x3": 7.0
					},
					{
						"x1": {
							"y1": 1.0,
							"y2": [
								1.0,
								2.0,
								4.0
							]
						},
						"x2": [
							{
								"y1": 5.0
							},
							{
								"y1": 9.0
							}
						],
						"x3": 8.0
					},
					27.0,
					{
						"Child": {
							"x1": {
								"Child": {
									"y1": {
										"Values": [
											1.0,
											1.0
										],
										"result": "+KM"
									},
									"y2": {
										"Values": [
											[
												1.0,
												2.0,
												3.0
											],
											[
												1.0,
												2.0,
												4.0
											]
										],
										"result": "-KM"
									}
								},
								"Values": [
									{
										"y1": 1.0,
										"y2": [
											1.0,
											2.0,
											3.0
										]
									},
									{
										"y1": 1.0,
										"y2": [
											1.0,
											2.0,
											4.0
										]
									}
								],
								"result": "~-KM"
							},
							"x2": {
								"Values": [
									[
										{
											"y1": 5.0
										},
										{
											"y1": 6.0
										}
									],
									[
										{
											"y1": 5.0
										},
										{
											"y1": 9.0
										}
									]
								],
								"result": "-KM"
							},
							"x3": {
								"Values": [
									7.0,
									8.0
								],
								"result": "-KM"
							}
						},
						"Values": [
							{
								"x1": {
									"y1": 1.0,
									"y2": [
										1.0,
										2.0,
										3.0
									]
								},
								"x2": [
									{
										"y1": 5.0
									},
									{
										"y1": 6.0
									}
								],
								"x3": 7.0
							},
							{
								"x1": {
									"y1": 1.0,
									"y2": [
										1.0,
										2.0,
										4.0
									]
								},
								"x2": [
									{
										"y1": 5.0
									},
									{
										"y1": 9.0
									}
								],
								"x3": 8.0
							}
						],
						"result": "~KM"
					},
					[],
					"Child"
				],
				null
			],
			[
				3586326.0,
				"_C_ComparisonsOf2Variables_0101 (Child): InputArray snapshot 0",
				[
					{
						"x1": {
							"y1": 1.0,
							"y2": [
								1.0,
								2.0,
								3.0
							]
						},
						"x2": [
							{
								"y1": 5.0
							},
							{
								"y1": 6.0
							}
						],
						"x3": 7.0
					}
				],
				null
			],
			[
				3586327.0,
				"_C_ComparisonsOf2Variables_0101 (Child): InputArray snapshot 1",
				[
					{
						"x1": {
							"y1": 1.0,
							"y2": [
								1.0,
								2.0,
								4.0
							]
						},
						"x2": [
							{
								"y1": 5.0
							},
							{
								"y1": 9.0
							}
						],
						"x3": 8.0
					}
				],
				null
			],
			[
				3586328.0,
				"_C_ComparisonsOf2Variables_0101 (Child): InputArray snapshot 2",
				[
					27.0
				],
				null
			],
			[
				3586330.0,
				"_C_ComparisonsOf2Variables_0101 (Child): InputArray snapshot 3",
				[
					{
						"Child": {
							"x1": {
								"Child": {
									"y1": {
										"Values": [
											1.0,
											1.0
										],
										"result": "+KM"
									},
									"y2": {
										"Values": [
											[
												1.0,
												2.0,
												3.0
											],
											[
												1.0,
												2.0,
												4.0
											]
										],
										"result": "-KM"
									}
								},
								"Values": [
									{
										"y1": 1.0,
										"y2": [
											1.0,
											2.0,
											3.0
										]
									},
									{
										"y1": 1.0,
										"y2": [
											1.0,
											2.0,
											4.0
										]
									}
								],
								"result": "~-KM"
							},
							"x2": {
								"Values": [
									[
										{
											"y1": 5.0
										},
										{
											"y1": 6.0
										}
									],
									[
										{
											"y1": 5.0
										},
										{
											"y1": 9.0
										}
									]
								],
								"result": "-KM"
							},
							"x3": {
								"Values": [
									7.0,
									8.0
								],
								"result": "-KM"
							}
						},
						"Values": [
							{
								"x1": {
									"y1": 1.0,
									"y2": [
										1.0,
										2.0,
										3.0
									]
								},
								"x2": [
									{
										"y1": 5.0
									},
									{
										"y1": 6.0
									}
								],
								"x3": 7.0
							},
							{
								"x1": {
									"y1": 1.0,
									"y2": [
										1.0,
										2.0,
										4.0
									]
								},
								"x2": [
									{
										"y1": 5.0
									},
									{
										"y1": 9.0
									}
								],
								"x3": 8.0
							}
						],
						"result": "~KM"
					}
				],
				null
			],
			[
				3586331.0,
				"_C_ComparisonsOf2Variables_0101 (Child): InputArray snapshot 4",
				[
					[]
				],
				null
			],
			[
				3586333.0,
				"_C_ComparisonsOf2Variables_0101 (Child): InputArray snapshot 5",
				[
					"Child"
				],
				null
			],
			[
				3586334.0,
				"_C_ComparisonsOf2Variables_0101: key == \"Child\" -> just Deeper, no recompute",
				[],
				null
			],
			[
				3586338.0,
				"UniversalBypass: Deeper, recursing",
				[
					"Child",
					1.0
				],
				null
			],
			[
				3591040.0,
				"UniversalBypass: visiting key",
				[
					"x1",
					[
						"Child",
						"x1"
					]
				],
				null
			],
			[
				3591052.0,
				"Class_Help.FunctionCall: Node(Class_ArrayAndOrDictionary)::_C_ComparisonsOf2Variables_0101",
				[
					{
						"x1": {
							"y1": 1.0,
							"y2": [
								1.0,
								2.0,
								3.0
							]
						},
						"x2": [
							{
								"y1": 5.0
							},
							{
								"y1": 6.0
							}
						],
						"x3": 7.0
					},
					{
						"x1": {
							"y1": 1.0,
							"y2": [
								1.0,
								2.0,
								4.0
							]
						},
						"x2": [
							{
								"y1": 5.0
							},
							{
								"y1": 9.0
							}
						],
						"x3": 8.0
					},
					27.0,
					{
						"x1": {
							"Child": {
								"y1": {
									"Values": [
										1.0,
										1.0
									],
									"result": "+KM"
								},
								"y2": {
									"Values": [
										[
											1.0,
											2.0,
											3.0
										],
										[
											1.0,
											2.0,
											4.0
										]
									],
									"result": "-KM"
								}
							},
							"Values": [
								{
									"y1": 1.0,
									"y2": [
										1.0,
										2.0,
										3.0
									]
								},
								{
									"y1": 1.0,
									"y2": [
										1.0,
										2.0,
										4.0
									]
								}
							],
							"result": "~-KM"
						},
						"x2": {
							"Values": [
								[
									{
										"y1": 5.0
									},
									{
										"y1": 6.0
									}
								],
								[
									{
										"y1": 5.0
									},
									{
										"y1": 9.0
									}
								]
							],
							"result": "-KM"
						},
						"x3": {
							"Values": [
								7.0,
								8.0
							],
							"result": "-KM"
						}
					},
					[],
					"x1"
				],
				null
			],
			[
				3591054.0,
				"_C_ComparisonsOf2Variables_0101 (Child): InputArray snapshot 0",
				[
					{
						"x1": {
							"y1": 1.0,
							"y2": [
								1.0,
								2.0,
								3.0
							]
						},
						"x2": [
							{
								"y1": 5.0
							},
							{
								"y1": 6.0
							}
						],
						"x3": 7.0
					}
				],
				null
			],
			[
				3591056.0,
				"_C_ComparisonsOf2Variables_0101 (Child): InputArray snapshot 1",
				[
					{
						"x1": {
							"y1": 1.0,
							"y2": [
								1.0,
								2.0,
								4.0
							]
						},
						"x2": [
							{
								"y1": 5.0
							},
							{
								"y1": 9.0
							}
						],
						"x3": 8.0
					}
				],
				null
			],
			[
				3591057.0,
				"_C_ComparisonsOf2Variables_0101 (Child): InputArray snapshot 2",
				[
					27.0
				],
				null
			],
			[
				3591059.0,
				"_C_ComparisonsOf2Variables_0101 (Child): InputArray snapshot 3",
				[
					{
						"x1": {
							"Child": {
								"y1": {
									"Values": [
										1.0,
										1.0
									],
									"result": "+KM"
								},
								"y2": {
									"Values": [
										[
											1.0,
											2.0,
											3.0
										],
										[
											1.0,
											2.0,
											4.0
										]
									],
									"result": "-KM"
								}
							},
							"Values": [
								{
									"y1": 1.0,
									"y2": [
										1.0,
										2.0,
										3.0
									]
								},
								{
									"y1": 1.0,
									"y2": [
										1.0,
										2.0,
										4.0
									]
								}
							],
							"result": "~-KM"
						},
						"x2": {
							"Values": [
								[
									{
										"y1": 5.0
									},
									{
										"y1": 6.0
									}
								],
								[
									{
										"y1": 5.0
									},
									{
										"y1": 9.0
									}
								]
							],
							"result": "-KM"
						},
						"x3": {
							"Values": [
								7.0,
								8.0
							],
							"result": "-KM"
						}
					}
				],
				null
			],
			[
				3591060.0,
				"_C_ComparisonsOf2Variables_0101 (Child): InputArray snapshot 4",
				[
					[]
				],
				null
			],
			[
				3591062.0,
				"_C_ComparisonsOf2Variables_0101 (Child): InputArray snapshot 5",
				[
					"x1"
				],
				null
			],
			[
				3591077.0,
				"Class_Help.FunctionCall: Node(Class_ArrayAndOrDictionary)::_PAW_CO2V",
				[
					{
						"x1": {
							"y1": 1.0,
							"y2": [
								1.0,
								2.0,
								3.0
							]
						},
						"x2": [
							{
								"y1": 5.0
							},
							{
								"y1": 6.0
							}
						],
						"x3": 7.0
					},
					{
						"x1": {
							"y1": 1.0,
							"y2": [
								1.0,
								2.0,
								3.0
							]
						},
						"x2": [
							{
								"y1": 5.0
							},
							{
								"y1": 6.0
							}
						],
						"x3": 7.0
					},
					"Child"
				],
				null
			],
			[
				3591080.0,
				"_PAW_CO2V: elPA == Child -> skip this level",
				[
					"Child"
				],
				"flagPassageAlongWay=false"
			],
			[
				3595838.0,
				"PassageAlongWay: Not flagPassageAlongWay, staying at current level",
				[
					"Child"
				],
				null
			],
			[
				3595852.0,
				"Class_Help.FunctionCall: Node(Class_ArrayAndOrDictionary)::_PAW_CO2V",
				[
					{
						"x1": {
							"y1": 1.0,
							"y2": [
								1.0,
								2.0,
								3.0
							]
						},
						"x2": [
							{
								"y1": 5.0
							},
							{
								"y1": 6.0
							}
						],
						"x3": 7.0
					},
					{
						"x1": {
							"y1": 1.0,
							"y2": [
								1.0,
								2.0,
								3.0
							]
						},
						"x2": [
							{
								"y1": 5.0
							},
							{
								"y1": 6.0
							}
						],
						"x3": 7.0
					},
					"x1"
				],
				null
			],
			[
				3595858.0,
				"PassageAlongWay: Good flagPassageAlongWay, stepping into",
				[
					"x1"
				],
				null
			],
			[
				3595871.0,
				"Class_Help.FunctionCall: Node(Class_ArrayAndOrDictionary)::_PAW_CO2V",
				[
					{
						"x1": {
							"y1": 1.0,
							"y2": [
								1.0,
								2.0,
								4.0
							]
						},
						"x2": [
							{
								"y1": 5.0
							},
							{
								"y1": 9.0
							}
						],
						"x3": 8.0
					},
					{
						"x1": {
							"y1": 1.0,
							"y2": [
								1.0,
								2.0,
								4.0
							]
						},
						"x2": [
							{
								"y1": 5.0
							},
							{
								"y1": 9.0
							}
						],
						"x3": 8.0
					},
					"Child"
				],
				null
			],
			[
				3595874.0,
				"_PAW_CO2V: elPA == Child -> skip this level",
				[
					"Child"
				],
				"flagPassageAlongWay=false"
			],
			[
				3595877.0,
				"PassageAlongWay: Not flagPassageAlongWay, staying at current level",
				[
					"Child"
				],
				null
			],
			[
				3595883.0,
				"Class_Help.FunctionCall: Node(Class_ArrayAndOrDictionary)::_PAW_CO2V",
				[
					{
						"x1": {
							"y1": 1.0,
							"y2": [
								1.0,
								2.0,
								4.0
							]
						},
						"x2": [
							{
								"y1": 5.0
							},
							{
								"y1": 9.0
							}
						],
						"x3": 8.0
					},
					{
						"x1": {
							"y1": 1.0,
							"y2": [
								1.0,
								2.0,
								4.0
							]
						},
						"x2": [
							{
								"y1": 5.0
							},
							{
								"y1": 9.0
							}
						],
						"x3": 8.0
					},
					"x1"
				],
				null
			],
			[
				3595886.0,
				"PassageAlongWay: Good flagPassageAlongWay, stepping into",
				[
					"x1"
				],
				null
			],
			[
				3595889.0,
				"_C_ComparisonsOf2Variables_0101: Child branch entered",
				[
					[
						"Child",
						"x1"
					]
				],
				null
			],
			[
				3595891.0,
				"_C_ComparisonsOf2Variables_0101: both Dictionary, not equal -> Deeper",
				[],
				null
			],
			[
				3600670.0,
				"UniversalBypass: Deeper, recursing",
				[
					"x1",
					2.0
				],
				null
			],
			[
				3600679.0,
				"UniversalBypass: visiting key",
				[
					"result",
					[
						"Child",
						"x1",
						"result"
					]
				],
				null
			],
			[
				3600690.0,
				"Class_Help.FunctionCall: Node(Class_ArrayAndOrDictionary)::_C_ComparisonsOf2Variables_0101",
				[
					{
						"x1": {
							"y1": 1.0,
							"y2": [
								1.0,
								2.0,
								3.0
							]
						},
						"x2": [
							{
								"y1": 5.0
							},
							{
								"y1": 6.0
							}
						],
						"x3": 7.0
					},
					{
						"x1": {
							"y1": 1.0,
							"y2": [
								1.0,
								2.0,
								4.0
							]
						},
						"x2": [
							{
								"y1": 5.0
							},
							{
								"y1": 9.0
							}
						],
						"x3": 8.0
					},
					27.0,
					{
						"Child": {
							"y1": {
								"Values": [
									1.0,
									1.0
								],
								"result": "+KM"
							},
							"y2": {
								"Values": [
									[
										1.0,
										2.0,
										3.0
									],
									[
										1.0,
										2.0,
										4.0
									]
								],
								"result": "-KM"
							}
						},
						"Values": [
							{
								"y1": 1.0,
								"y2": [
									1.0,
									2.0,
									3.0
								]
							},
							{
								"y1": 1.0,
								"y2": [
									1.0,
									2.0,
									4.0
								]
							}
						],
						"result": "~-KM"
					},
					[],
					"result"
				],
				null
			],
			[
				3600693.0,
				"_C_ComparisonsOf2Variables_0101 (Child): InputArray snapshot 0",
				[
					{
						"x1": {
							"y1": 1.0,
							"y2": [
								1.0,
								2.0,
								3.0
							]
						},
						"x2": [
							{
								"y1": 5.0
							},
							{
								"y1": 6.0
							}
						],
						"x3": 7.0
					}
				],
				null
			],
			[
				3600694.0,
				"_C_ComparisonsOf2Variables_0101 (Child): InputArray snapshot 1",
				[
					{
						"x1": {
							"y1": 1.0,
							"y2": [
								1.0,
								2.0,
								4.0
							]
						},
						"x2": [
							{
								"y1": 5.0
							},
							{
								"y1": 9.0
							}
						],
						"x3": 8.0
					}
				],
				null
			],
			[
				3600695.0,
				"_C_ComparisonsOf2Variables_0101 (Child): InputArray snapshot 2",
				[
					27.0
				],
				null
			],
			[
				3600697.0,
				"_C_ComparisonsOf2Variables_0101 (Child): InputArray snapshot 3",
				[
					{
						"Child": {
							"y1": {
								"Values": [
									1.0,
									1.0
								],
								"result": "+KM"
							},
							"y2": {
								"Values": [
									[
										1.0,
										2.0,
										3.0
									],
									[
										1.0,
										2.0,
										4.0
									]
								],
								"result": "-KM"
							}
						},
						"Values": [
							{
								"y1": 1.0,
								"y2": [
									1.0,
									2.0,
									3.0
								]
							},
							{
								"y1": 1.0,
								"y2": [
									1.0,
									2.0,
									4.0
								]
							}
						],
						"result": "~-KM"
					}
				],
				null
			],
			[
				3600698.0,
				"_C_ComparisonsOf2Variables_0101 (Child): InputArray snapshot 4",
				[
					[]
				],
				null
			],
			[
				3600700.0,
				"_C_ComparisonsOf2Variables_0101 (Child): InputArray snapshot 5",
				[
					"result"
				],
				null
			],
			[
				3600703.0,
				"_C_ComparisonsOf2Variables_0101: key == \"result\"/\"Values\" -> skip, Further",
				[
					"result"
				],
				null
			],
			[
				3605640.0,
				"UniversalBypass: visiting key",
				[
					"Values",
					[
						"Child",
						"x1",
						"Values"
					]
				],
				null
			],
			[
				3605662.0,
				"Class_Help.FunctionCall: Node(Class_ArrayAndOrDictionary)::_C_ComparisonsOf2Variables_0101",
				[
					{
						"x1": {
							"y1": 1.0,
							"y2": [
								1.0,
								2.0,
								3.0
							]
						},
						"x2": [
							{
								"y1": 5.0
							},
							{
								"y1": 6.0
							}
						],
						"x3": 7.0
					},
					{
						"x1": {
							"y1": 1.0,
							"y2": [
								1.0,
								2.0,
								4.0
							]
						},
						"x2": [
							{
								"y1": 5.0
							},
							{
								"y1": 9.0
							}
						],
						"x3": 8.0
					},
					27.0,
					{
						"Child": {
							"y1": {
								"Values": [
									1.0,
									1.0
								],
								"result": "+KM"
							},
							"y2": {
								"Values": [
									[
										1.0,
										2.0,
										3.0
									],
									[
										1.0,
										2.0,
										4.0
									]
								],
								"result": "-KM"
							}
						},
						"Values": [
							{
								"y1": 1.0,
								"y2": [
									1.0,
									2.0,
									3.0
								]
							},
							{
								"y1": 1.0,
								"y2": [
									1.0,
									2.0,
									4.0
								]
							}
						],
						"result": "~-KM"
					},
					[],
					"Values"
				],
				null
			],
			[
				3605666.0,
				"_C_ComparisonsOf2Variables_0101 (Child): InputArray snapshot 0",
				[
					{
						"x1": {
							"y1": 1.0,
							"y2": [
								1.0,
								2.0,
								3.0
							]
						},
						"x2": [
							{
								"y1": 5.0
							},
							{
								"y1": 6.0
							}
						],
						"x3": 7.0
					}
				],
				null
			],
			[
				3605668.0,
				"_C_ComparisonsOf2Variables_0101 (Child): InputArray snapshot 1",
				[
					{
						"x1": {
							"y1": 1.0,
							"y2": [
								1.0,
								2.0,
								4.0
							]
						},
						"x2": [
							{
								"y1": 5.0
							},
							{
								"y1": 9.0
							}
						],
						"x3": 8.0
					}
				],
				null
			],
			[
				3605670.0,
				"_C_ComparisonsOf2Variables_0101 (Child): InputArray snapshot 2",
				[
					27.0
				],
				null
			],
			[
				3605671.0,
				"_C_ComparisonsOf2Variables_0101 (Child): InputArray snapshot 3",
				[
					{
						"Child": {
							"y1": {
								"Values": [
									1.0,
									1.0
								],
								"result": "+KM"
							},
							"y2": {
								"Values": [
									[
										1.0,
										2.0,
										3.0
									],
									[
										1.0,
										2.0,
										4.0
									]
								],
								"result": "-KM"
							}
						},
						"Values": [
							{
								"y1": 1.0,
								"y2": [
									1.0,
									2.0,
									3.0
								]
							},
							{
								"y1": 1.0,
								"y2": [
									1.0,
									2.0,
									4.0
								]
							}
						],
						"result": "~-KM"
					}
				],
				null
			],
			[
				3605673.0,
				"_C_ComparisonsOf2Variables_0101 (Child): InputArray snapshot 4",
				[
					[]
				],
				null
			],
			[
				3605674.0,
				"_C_ComparisonsOf2Variables_0101 (Child): InputArray snapshot 5",
				[
					"Values"
				],
				null
			],
			[
				3605676.0,
				"_C_ComparisonsOf2Variables_0101: key == \"result\"/\"Values\" -> skip, Further",
				[
					"Values"
				],
				null
			],
			[
				3605680.0,
				"UniversalBypass: visiting key",
				[
					"Child",
					[
						"Child",
						"x1",
						"Child"
					]
				],
				null
			],
			[
				3619547.0,
				"Class_Help.FunctionCall: Node(Class_ArrayAndOrDictionary)::_C_ComparisonsOf2Variables_0101",
				[
					{
						"x1": {
							"y1": 1.0,
							"y2": [
								1.0,
								2.0,
								3.0
							]
						},
						"x2": [
							{
								"y1": 5.0
							},
							{
								"y1": 6.0
							}
						],
						"x3": 7.0
					},
					{
						"x1": {
							"y1": 1.0,
							"y2": [
								1.0,
								2.0,
								4.0
							]
						},
						"x2": [
							{
								"y1": 5.0
							},
							{
								"y1": 9.0
							}
						],
						"x3": 8.0
					},
					27.0,
					{
						"Child": {
							"y1": {
								"Values": [
									1.0,
									1.0
								],
								"result": "+KM"
							},
							"y2": {
								"Values": [
									[
										1.0,
										2.0,
										3.0
									],
									[
										1.0,
										2.0,
										4.0
									]
								],
								"result": "-KM"
							}
						},
						"Values": [
							{
								"y1": 1.0,
								"y2": [
									1.0,
									2.0,
									3.0
								]
							},
							{
								"y1": 1.0,
								"y2": [
									1.0,
									2.0,
									4.0
								]
							}
						],
						"result": "~-KM"
					},
					[],
					"Child"
				],
				null
			],
			[
				3619553.0,
				"_C_ComparisonsOf2Variables_0101 (Child): InputArray snapshot 0",
				[
					{
						"x1": {
							"y1": 1.0,
							"y2": [
								1.0,
								2.0,
								3.0
							]
						},
						"x2": [
							{
								"y1": 5.0
							},
							{
								"y1": 6.0
							}
						],
						"x3": 7.0
					}
				],
				null
			],
			[
				3619554.0,
				"_C_ComparisonsOf2Variables_0101 (Child): InputArray snapshot 1",
				[
					{
						"x1": {
							"y1": 1.0,
							"y2": [
								1.0,
								2.0,
								4.0
							]
						},
						"x2": [
							{
								"y1": 5.0
							},
							{
								"y1": 9.0
							}
						],
						"x3": 8.0
					}
				],
				null
			],
			[
				3619556.0,
				"_C_ComparisonsOf2Variables_0101 (Child): InputArray snapshot 2",
				[
					27.0
				],
				null
			],
			[
				3619557.0,
				"_C_ComparisonsOf2Variables_0101 (Child): InputArray snapshot 3",
				[
					{
						"Child": {
							"y1": {
								"Values": [
									1.0,
									1.0
								],
								"result": "+KM"
							},
							"y2": {
								"Values": [
									[
										1.0,
										2.0,
										3.0
									],
									[
										1.0,
										2.0,
										4.0
									]
								],
								"result": "-KM"
							}
						},
						"Values": [
							{
								"y1": 1.0,
								"y2": [
									1.0,
									2.0,
									3.0
								]
							},
							{
								"y1": 1.0,
								"y2": [
									1.0,
									2.0,
									4.0
								]
							}
						],
						"result": "~-KM"
					}
				],
				null
			],
			[
				3619559.0,
				"_C_ComparisonsOf2Variables_0101 (Child): InputArray snapshot 4",
				[
					[]
				],
				null
			],
			[
				3619560.0,
				"_C_ComparisonsOf2Variables_0101 (Child): InputArray snapshot 5",
				[
					"Child"
				],
				null
			],
			[
				3619562.0,
				"_C_ComparisonsOf2Variables_0101: key == \"Child\" -> just Deeper, no recompute",
				[],
				null
			],
			[
				3619567.0,
				"UniversalBypass: Deeper, recursing",
				[
					"Child",
					3.0
				],
				null
			],
			[
				3619574.0,
				"UniversalBypass: visiting key",
				[
					"y1",
					[
						"Child",
						"x1",
						"Child",
						"y1"
					]
				],
				null
			],
			[
				3624609.0,
				"Class_Help.FunctionCall: Node(Class_ArrayAndOrDictionary)::_C_ComparisonsOf2Variables_0101",
				[
					{
						"x1": {
							"y1": 1.0,
							"y2": [
								1.0,
								2.0,
								3.0
							]
						},
						"x2": [
							{
								"y1": 5.0
							},
							{
								"y1": 6.0
							}
						],
						"x3": 7.0
					},
					{
						"x1": {
							"y1": 1.0,
							"y2": [
								1.0,
								2.0,
								4.0
							]
						},
						"x2": [
							{
								"y1": 5.0
							},
							{
								"y1": 9.0
							}
						],
						"x3": 8.0
					},
					27.0,
					{
						"y1": {
							"Values": [
								1.0,
								1.0
							],
							"result": "+KM"
						},
						"y2": {
							"Values": [
								[
									1.0,
									2.0,
									3.0
								],
								[
									1.0,
									2.0,
									4.0
								]
							],
							"result": "-KM"
						}
					},
					[],
					"y1"
				],
				null
			],
			[
				3624613.0,
				"_C_ComparisonsOf2Variables_0101 (Child): InputArray snapshot 0",
				[
					{
						"x1": {
							"y1": 1.0,
							"y2": [
								1.0,
								2.0,
								3.0
							]
						},
						"x2": [
							{
								"y1": 5.0
							},
							{
								"y1": 6.0
							}
						],
						"x3": 7.0
					}
				],
				null
			],
			[
				3624615.0,
				"_C_ComparisonsOf2Variables_0101 (Child): InputArray snapshot 1",
				[
					{
						"x1": {
							"y1": 1.0,
							"y2": [
								1.0,
								2.0,
								4.0
							]
						},
						"x2": [
							{
								"y1": 5.0
							},
							{
								"y1": 9.0
							}
						],
						"x3": 8.0
					}
				],
				null
			],
			[
				3624616.0,
				"_C_ComparisonsOf2Variables_0101 (Child): InputArray snapshot 2",
				[
					27.0
				],
				null
			],
			[
				3624618.0,
				"_C_ComparisonsOf2Variables_0101 (Child): InputArray snapshot 3",
				[
					{
						"y1": {
							"Values": [
								1.0,
								1.0
							],
							"result": "+KM"
						},
						"y2": {
							"Values": [
								[
									1.0,
									2.0,
									3.0
								],
								[
									1.0,
									2.0,
									4.0
								]
							],
							"result": "-KM"
						}
					}
				],
				null
			],
			[
				3624619.0,
				"_C_ComparisonsOf2Variables_0101 (Child): InputArray snapshot 4",
				[
					[]
				],
				null
			],
			[
				3624620.0,
				"_C_ComparisonsOf2Variables_0101 (Child): InputArray snapshot 5",
				[
					"y1"
				],
				null
			],
			[
				3624635.0,
				"Class_Help.FunctionCall: Node(Class_ArrayAndOrDictionary)::_PAW_CO2V",
				[
					{
						"x1": {
							"y1": 1.0,
							"y2": [
								1.0,
								2.0,
								3.0
							]
						},
						"x2": [
							{
								"y1": 5.0
							},
							{
								"y1": 6.0
							}
						],
						"x3": 7.0
					},
					{
						"x1": {
							"y1": 1.0,
							"y2": [
								1.0,
								2.0,
								3.0
							]
						},
						"x2": [
							{
								"y1": 5.0
							},
							{
								"y1": 6.0
							}
						],
						"x3": 7.0
					},
					"Child"
				],
				null
			],
			[
				3624637.0,
				"_PAW_CO2V: elPA == Child -> skip this level",
				[
					"Child"
				],
				"flagPassageAlongWay=false"
			],
			[
				3624642.0,
				"PassageAlongWay: Not flagPassageAlongWay, staying at current level",
				[
					"Child"
				],
				null
			],
			[
				3629705.0,
				"Class_Help.FunctionCall: Node(Class_ArrayAndOrDictionary)::_PAW_CO2V",
				[
					{
						"x1": {
							"y1": 1.0,
							"y2": [
								1.0,
								2.0,
								3.0
							]
						},
						"x2": [
							{
								"y1": 5.0
							},
							{
								"y1": 6.0
							}
						],
						"x3": 7.0
					},
					{
						"x1": {
							"y1": 1.0,
							"y2": [
								1.0,
								2.0,
								3.0
							]
						},
						"x2": [
							{
								"y1": 5.0
							},
							{
								"y1": 6.0
							}
						],
						"x3": 7.0
					},
					"x1"
				],
				null
			],
			[
				3629710.0,
				"PassageAlongWay: Good flagPassageAlongWay, stepping into",
				[
					"x1"
				],
				null
			],
			[
				3629716.0,
				"Class_Help.FunctionCall: Node(Class_ArrayAndOrDictionary)::_PAW_CO2V",
				[
					{
						"y1": 1.0,
						"y2": [
							1.0,
							2.0,
							3.0
						]
					},
					{
						"x1": {
							"y1": 1.0,
							"y2": [
								1.0,
								2.0,
								3.0
							]
						},
						"x2": [
							{
								"y1": 5.0
							},
							{
								"y1": 6.0
							}
						],
						"x3": 7.0
					},
					"Child"
				],
				null
			],
			[
				3629718.0,
				"_PAW_CO2V: elPA == Child -> skip this level",
				[
					"Child"
				],
				"flagPassageAlongWay=false"
			],
			[
				3629722.0,
				"PassageAlongWay: Not flagPassageAlongWay, staying at current level",
				[
					"Child"
				],
				null
			],
			[
				3629728.0,
				"Class_Help.FunctionCall: Node(Class_ArrayAndOrDictionary)::_PAW_CO2V",
				[
					{
						"y1": 1.0,
						"y2": [
							1.0,
							2.0,
							3.0
						]
					},
					{
						"x1": {
							"y1": 1.0,
							"y2": [
								1.0,
								2.0,
								3.0
							]
						},
						"x2": [
							{
								"y1": 5.0
							},
							{
								"y1": 6.0
							}
						],
						"x3": 7.0
					},
					"y1"
				],
				null
			],
			[
				3629731.0,
				"PassageAlongWay: Good flagPassageAlongWay, stepping into",
				[
					"y1"
				],
				null
			],
			[
				3629741.0,
				"Class_Help.FunctionCall: Node(Class_ArrayAndOrDictionary)::_PAW_CO2V",
				[
					{
						"x1": {
							"y1": 1.0,
							"y2": [
								1.0,
								2.0,
								4.0
							]
						},
						"x2": [
							{
								"y1": 5.0
							},
							{
								"y1": 9.0
							}
						],
						"x3": 8.0
					},
					{
						"x1": {
							"y1": 1.0,
							"y2": [
								1.0,
								2.0,
								4.0
							]
						},
						"x2": [
							{
								"y1": 5.0
							},
							{
								"y1": 9.0
							}
						],
						"x3": 8.0
					},
					"Child"
				],
				null
			],
			[
				3629745.0,
				"_PAW_CO2V: elPA == Child -> skip this level",
				[
					"Child"
				],
				"flagPassageAlongWay=false"
			],
			[
				3629748.0,
				"PassageAlongWay: Not flagPassageAlongWay, staying at current level",
				[
					"Child"
				],
				null
			],
			[
				3634884.0,
				"Class_Help.FunctionCall: Node(Class_ArrayAndOrDictionary)::_PAW_CO2V",
				[
					{
						"x1": {
							"y1": 1.0,
							"y2": [
								1.0,
								2.0,
								4.0
							]
						},
						"x2": [
							{
								"y1": 5.0
							},
							{
								"y1": 9.0
							}
						],
						"x3": 8.0
					},
					{
						"x1": {
							"y1": 1.0,
							"y2": [
								1.0,
								2.0,
								4.0
							]
						},
						"x2": [
							{
								"y1": 5.0
							},
							{
								"y1": 9.0
							}
						],
						"x3": 8.0
					},
					"x1"
				],
				null
			],
			[
				3634890.0,
				"PassageAlongWay: Good flagPassageAlongWay, stepping into",
				[
					"x1"
				],
				null
			],
			[
				3634897.0,
				"Class_Help.FunctionCall: Node(Class_ArrayAndOrDictionary)::_PAW_CO2V",
				[
					{
						"y1": 1.0,
						"y2": [
							1.0,
							2.0,
							4.0
						]
					},
					{
						"x1": {
							"y1": 1.0,
							"y2": [
								1.0,
								2.0,
								4.0
							]
						},
						"x2": [
							{
								"y1": 5.0
							},
							{
								"y1": 9.0
							}
						],
						"x3": 8.0
					},
					"Child"
				],
				null
			],
			[
				3634899.0,
				"_PAW_CO2V: elPA == Child -> skip this level",
				[
					"Child"
				],
				"flagPassageAlongWay=false"
			],
			[
				3634902.0,
				"PassageAlongWay: Not flagPassageAlongWay, staying at current level",
				[
					"Child"
				],
				null
			],
			[
				3634908.0,
				"Class_Help.FunctionCall: Node(Class_ArrayAndOrDictionary)::_PAW_CO2V",
				[
					{
						"y1": 1.0,
						"y2": [
							1.0,
							2.0,
							4.0
						]
					},
					{
						"x1": {
							"y1": 1.0,
							"y2": [
								1.0,
								2.0,
								4.0
							]
						},
						"x2": [
							{
								"y1": 5.0
							},
							{
								"y1": 9.0
							}
						],
						"x3": 8.0
					},
					"y1"
				],
				null
			],
			[
				3634911.0,
				"PassageAlongWay: Good flagPassageAlongWay, stepping into",
				[
					"y1"
				],
				null
			],
			[
				3634914.0,
				"_C_ComparisonsOf2Variables_0101: Child branch entered",
				[
					[
						"Child",
						"x1",
						"Child",
						"y1"
					]
				],
				null
			],
			[
				3634917.0,
				"_C_ComparisonsOf2Variables_0101: equal -> +KM -> Further",
				[],
				null
			],
			[
				3634924.0,
				"UniversalBypass: visiting key",
				[
					"y2",
					[
						"Child",
						"x1",
						"Child",
						"y2"
					]
				],
				null
			],
			[
				3640317.0,
				"Class_Help.FunctionCall: Node(Class_ArrayAndOrDictionary)::_C_ComparisonsOf2Variables_0101",
				[
					{
						"x1": {
							"y1": 1.0,
							"y2": [
								1.0,
								2.0,
								3.0
							]
						},
						"x2": [
							{
								"y1": 5.0
							},
							{
								"y1": 6.0
							}
						],
						"x3": 7.0
					},
					{
						"x1": {
							"y1": 1.0,
							"y2": [
								1.0,
								2.0,
								4.0
							]
						},
						"x2": [
							{
								"y1": 5.0
							},
							{
								"y1": 9.0
							}
						],
						"x3": 8.0
					},
					27.0,
					{
						"y1": {
							"Values": [
								1.0,
								1.0
							],
							"result": "+KM"
						},
						"y2": {
							"Values": [
								[
									1.0,
									2.0,
									3.0
								],
								[
									1.0,
									2.0,
									4.0
								]
							],
							"result": "-KM"
						}
					},
					[],
					"y2"
				],
				null
			],
			[
				3640320.0,
				"_C_ComparisonsOf2Variables_0101 (Child): InputArray snapshot 0",
				[
					{
						"x1": {
							"y1": 1.0,
							"y2": [
								1.0,
								2.0,
								3.0
							]
						},
						"x2": [
							{
								"y1": 5.0
							},
							{
								"y1": 6.0
							}
						],
						"x3": 7.0
					}
				],
				null
			],
			[
				3640321.0,
				"_C_ComparisonsOf2Variables_0101 (Child): InputArray snapshot 1",
				[
					{
						"x1": {
							"y1": 1.0,
							"y2": [
								1.0,
								2.0,
								4.0
							]
						},
						"x2": [
							{
								"y1": 5.0
							},
							{
								"y1": 9.0
							}
						],
						"x3": 8.0
					}
				],
				null
			],
			[
				3640323.0,
				"_C_ComparisonsOf2Variables_0101 (Child): InputArray snapshot 2",
				[
					27.0
				],
				null
			],
			[
				3640324.0,
				"_C_ComparisonsOf2Variables_0101 (Child): InputArray snapshot 3",
				[
					{
						"y1": {
							"Values": [
								1.0,
								1.0
							],
							"result": "+KM"
						},
						"y2": {
							"Values": [
								[
									1.0,
									2.0,
									3.0
								],
								[
									1.0,
									2.0,
									4.0
								]
							],
							"result": "-KM"
						}
					}
				],
				null
			],
			[
				3640326.0,
				"_C_ComparisonsOf2Variables_0101 (Child): InputArray snapshot 4",
				[
					[]
				],
				null
			],
			[
				3640327.0,
				"_C_ComparisonsOf2Variables_0101 (Child): InputArray snapshot 5",
				[
					"y2"
				],
				null
			],
			[
				3640340.0,
				"Class_Help.FunctionCall: Node(Class_ArrayAndOrDictionary)::_PAW_CO2V",
				[
					{
						"x1": {
							"y1": 1.0,
							"y2": [
								1.0,
								2.0,
								3.0
							]
						},
						"x2": [
							{
								"y1": 5.0
							},
							{
								"y1": 6.0
							}
						],
						"x3": 7.0
					},
					{
						"x1": {
							"y1": 1.0,
							"y2": [
								1.0,
								2.0,
								3.0
							]
						},
						"x2": [
							{
								"y1": 5.0
							},
							{
								"y1": 6.0
							}
						],
						"x3": 7.0
					},
					"Child"
				],
				null
			],
			[
				3640342.0,
				"_PAW_CO2V: elPA == Child -> skip this level",
				[
					"Child"
				],
				"flagPassageAlongWay=false"
			],
			[
				3640346.0,
				"PassageAlongWay: Not flagPassageAlongWay, staying at current level",
				[
					"Child"
				],
				null
			],
			[
				3645736.0,
				"Class_Help.FunctionCall: Node(Class_ArrayAndOrDictionary)::_PAW_CO2V",
				[
					{
						"x1": {
							"y1": 1.0,
							"y2": [
								1.0,
								2.0,
								3.0
							]
						},
						"x2": [
							{
								"y1": 5.0
							},
							{
								"y1": 6.0
							}
						],
						"x3": 7.0
					},
					{
						"x1": {
							"y1": 1.0,
							"y2": [
								1.0,
								2.0,
								3.0
							]
						},
						"x2": [
							{
								"y1": 5.0
							},
							{
								"y1": 6.0
							}
						],
						"x3": 7.0
					},
					"x1"
				],
				null
			],
			[
				3645742.0,
				"PassageAlongWay: Good flagPassageAlongWay, stepping into",
				[
					"x1"
				],
				null
			],
			[
				3645749.0,
				"Class_Help.FunctionCall: Node(Class_ArrayAndOrDictionary)::_PAW_CO2V",
				[
					{
						"y1": 1.0,
						"y2": [
							1.0,
							2.0,
							3.0
						]
					},
					{
						"x1": {
							"y1": 1.0,
							"y2": [
								1.0,
								2.0,
								3.0
							]
						},
						"x2": [
							{
								"y1": 5.0
							},
							{
								"y1": 6.0
							}
						],
						"x3": 7.0
					},
					"Child"
				],
				null
			],
			[
				3645752.0,
				"_PAW_CO2V: elPA == Child -> skip this level",
				[
					"Child"
				],
				"flagPassageAlongWay=false"
			],
			[
				3645757.0,
				"PassageAlongWay: Not flagPassageAlongWay, staying at current level",
				[
					"Child"
				],
				null
			],
			[
				3645764.0,
				"Class_Help.FunctionCall: Node(Class_ArrayAndOrDictionary)::_PAW_CO2V",
				[
					{
						"y1": 1.0,
						"y2": [
							1.0,
							2.0,
							3.0
						]
					},
					{
						"x1": {
							"y1": 1.0,
							"y2": [
								1.0,
								2.0,
								3.0
							]
						},
						"x2": [
							{
								"y1": 5.0
							},
							{
								"y1": 6.0
							}
						],
						"x3": 7.0
					},
					"y2"
				],
				null
			],
			[
				3645767.0,
				"PassageAlongWay: Good flagPassageAlongWay, stepping into",
				[
					"y2"
				],
				null
			],
			[
				3645778.0,
				"Class_Help.FunctionCall: Node(Class_ArrayAndOrDictionary)::_PAW_CO2V",
				[
					{
						"x1": {
							"y1": 1.0,
							"y2": [
								1.0,
								2.0,
								4.0
							]
						},
						"x2": [
							{
								"y1": 5.0
							},
							{
								"y1": 9.0
							}
						],
						"x3": 8.0
					},
					{
						"x1": {
							"y1": 1.0,
							"y2": [
								1.0,
								2.0,
								4.0
							]
						},
						"x2": [
							{
								"y1": 5.0
							},
							{
								"y1": 9.0
							}
						],
						"x3": 8.0
					},
					"Child"
				],
				null
			],
			[
				3645780.0,
				"_PAW_CO2V: elPA == Child -> skip this level",
				[
					"Child"
				],
				"flagPassageAlongWay=false"
			],
			[
				3645783.0,
				"PassageAlongWay: Not flagPassageAlongWay, staying at current level",
				[
					"Child"
				],
				null
			],
			[
				3651204.0,
				"Class_Help.FunctionCall: Node(Class_ArrayAndOrDictionary)::_PAW_CO2V",
				[
					{
						"x1": {
							"y1": 1.0,
							"y2": [
								1.0,
								2.0,
								4.0
							]
						},
						"x2": [
							{
								"y1": 5.0
							},
							{
								"y1": 9.0
							}
						],
						"x3": 8.0
					},
					{
						"x1": {
							"y1": 1.0,
							"y2": [
								1.0,
								2.0,
								4.0
							]
						},
						"x2": [
							{
								"y1": 5.0
							},
							{
								"y1": 9.0
							}
						],
						"x3": 8.0
					},
					"x1"
				],
				null
			],
			[
				3651213.0,
				"PassageAlongWay: Good flagPassageAlongWay, stepping into",
				[
					"x1"
				],
				null
			],
			[
				3651219.0,
				"Class_Help.FunctionCall: Node(Class_ArrayAndOrDictionary)::_PAW_CO2V",
				[
					{
						"y1": 1.0,
						"y2": [
							1.0,
							2.0,
							4.0
						]
					},
					{
						"x1": {
							"y1": 1.0,
							"y2": [
								1.0,
								2.0,
								4.0
							]
						},
						"x2": [
							{
								"y1": 5.0
							},
							{
								"y1": 9.0
							}
						],
						"x3": 8.0
					},
					"Child"
				],
				null
			],
			[
				3651222.0,
				"_PAW_CO2V: elPA == Child -> skip this level",
				[
					"Child"
				],
				"flagPassageAlongWay=false"
			],
			[
				3651225.0,
				"PassageAlongWay: Not flagPassageAlongWay, staying at current level",
				[
					"Child"
				],
				null
			],
			[
				3651231.0,
				"Class_Help.FunctionCall: Node(Class_ArrayAndOrDictionary)::_PAW_CO2V",
				[
					{
						"y1": 1.0,
						"y2": [
							1.0,
							2.0,
							4.0
						]
					},
					{
						"x1": {
							"y1": 1.0,
							"y2": [
								1.0,
								2.0,
								4.0
							]
						},
						"x2": [
							{
								"y1": 5.0
							},
							{
								"y1": 9.0
							}
						],
						"x3": 8.0
					},
					"y2"
				],
				null
			],
			[
				3651234.0,
				"PassageAlongWay: Good flagPassageAlongWay, stepping into",
				[
					"y2"
				],
				null
			],
			[
				3651238.0,
				"_C_ComparisonsOf2Variables_0101: Child branch entered",
				[
					[
						"Child",
						"x1",
						"Child",
						"y2"
					]
				],
				null
			],
			[
				3651241.0,
				"_C_ComparisonsOf2Variables_0101: same type, not equal, not Dictionary -> -KM -> Further",
				[],
				null
			],
			[
				3651252.0,
				"UniversalBypass: visiting key",
				[
					"x2",
					[
						"Child",
						"x2"
					]
				],
				null
			],
			[
				3656845.0,
				"Class_Help.FunctionCall: Node(Class_ArrayAndOrDictionary)::_C_ComparisonsOf2Variables_0101",
				[
					{
						"x1": {
							"y1": 1.0,
							"y2": [
								1.0,
								2.0,
								3.0
							]
						},
						"x2": [
							{
								"y1": 5.0
							},
							{
								"y1": 6.0
							}
						],
						"x3": 7.0
					},
					{
						"x1": {
							"y1": 1.0,
							"y2": [
								1.0,
								2.0,
								4.0
							]
						},
						"x2": [
							{
								"y1": 5.0
							},
							{
								"y1": 9.0
							}
						],
						"x3": 8.0
					},
					27.0,
					{
						"x1": {
							"Child": {
								"y1": {
									"Values": [
										1.0,
										1.0
									],
									"result": "+KM"
								},
								"y2": {
									"Values": [
										[
											1.0,
											2.0,
											3.0
										],
										[
											1.0,
											2.0,
											4.0
										]
									],
									"result": "-KM"
								}
							},
							"Values": [
								{
									"y1": 1.0,
									"y2": [
										1.0,
										2.0,
										3.0
									]
								},
								{
									"y1": 1.0,
									"y2": [
										1.0,
										2.0,
										4.0
									]
								}
							],
							"result": "~-KM"
						},
						"x2": {
							"Values": [
								[
									{
										"y1": 5.0
									},
									{
										"y1": 6.0
									}
								],
								[
									{
										"y1": 5.0
									},
									{
										"y1": 9.0
									}
								]
							],
							"result": "-KM"
						},
						"x3": {
							"Values": [
								7.0,
								8.0
							],
							"result": "-KM"
						}
					},
					[],
					"x2"
				],
				null
			],
			[
				3656850.0,
				"_C_ComparisonsOf2Variables_0101 (Child): InputArray snapshot 0",
				[
					{
						"x1": {
							"y1": 1.0,
							"y2": [
								1.0,
								2.0,
								3.0
							]
						},
						"x2": [
							{
								"y1": 5.0
							},
							{
								"y1": 6.0
							}
						],
						"x3": 7.0
					}
				],
				null
			],
			[
				3656851.0,
				"_C_ComparisonsOf2Variables_0101 (Child): InputArray snapshot 1",
				[
					{
						"x1": {
							"y1": 1.0,
							"y2": [
								1.0,
								2.0,
								4.0
							]
						},
						"x2": [
							{
								"y1": 5.0
							},
							{
								"y1": 9.0
							}
						],
						"x3": 8.0
					}
				],
				null
			],
			[
				3656853.0,
				"_C_ComparisonsOf2Variables_0101 (Child): InputArray snapshot 2",
				[
					27.0
				],
				null
			],
			[
				3656855.0,
				"_C_ComparisonsOf2Variables_0101 (Child): InputArray snapshot 3",
				[
					{
						"x1": {
							"Child": {
								"y1": {
									"Values": [
										1.0,
										1.0
									],
									"result": "+KM"
								},
								"y2": {
									"Values": [
										[
											1.0,
											2.0,
											3.0
										],
										[
											1.0,
											2.0,
											4.0
										]
									],
									"result": "-KM"
								}
							},
							"Values": [
								{
									"y1": 1.0,
									"y2": [
										1.0,
										2.0,
										3.0
									]
								},
								{
									"y1": 1.0,
									"y2": [
										1.0,
										2.0,
										4.0
									]
								}
							],
							"result": "~-KM"
						},
						"x2": {
							"Values": [
								[
									{
										"y1": 5.0
									},
									{
										"y1": 6.0
									}
								],
								[
									{
										"y1": 5.0
									},
									{
										"y1": 9.0
									}
								]
							],
							"result": "-KM"
						},
						"x3": {
							"Values": [
								7.0,
								8.0
							],
							"result": "-KM"
						}
					}
				],
				null
			],
			[
				3656856.0,
				"_C_ComparisonsOf2Variables_0101 (Child): InputArray snapshot 4",
				[
					[]
				],
				null
			],
			[
				3656858.0,
				"_C_ComparisonsOf2Variables_0101 (Child): InputArray snapshot 5",
				[
					"x2"
				],
				null
			],
			[
				3656872.0,
				"Class_Help.FunctionCall: Node(Class_ArrayAndOrDictionary)::_PAW_CO2V",
				[
					{
						"x1": {
							"y1": 1.0,
							"y2": [
								1.0,
								2.0,
								3.0
							]
						},
						"x2": [
							{
								"y1": 5.0
							},
							{
								"y1": 6.0
							}
						],
						"x3": 7.0
					},
					{
						"x1": {
							"y1": 1.0,
							"y2": [
								1.0,
								2.0,
								3.0
							]
						},
						"x2": [
							{
								"y1": 5.0
							},
							{
								"y1": 6.0
							}
						],
						"x3": 7.0
					},
					"Child"
				],
				null
			],
			[
				3656874.0,
				"_PAW_CO2V: elPA == Child -> skip this level",
				[
					"Child"
				],
				"flagPassageAlongWay=false"
			],
			[
				3656879.0,
				"PassageAlongWay: Not flagPassageAlongWay, staying at current level",
				[
					"Child"
				],
				null
			],
			[
				3662443.0,
				"Class_Help.FunctionCall: Node(Class_ArrayAndOrDictionary)::_PAW_CO2V",
				[
					{
						"x1": {
							"y1": 1.0,
							"y2": [
								1.0,
								2.0,
								3.0
							]
						},
						"x2": [
							{
								"y1": 5.0
							},
							{
								"y1": 6.0
							}
						],
						"x3": 7.0
					},
					{
						"x1": {
							"y1": 1.0,
							"y2": [
								1.0,
								2.0,
								3.0
							]
						},
						"x2": [
							{
								"y1": 5.0
							},
							{
								"y1": 6.0
							}
						],
						"x3": 7.0
					},
					"x2"
				],
				null
			],
			[
				3662448.0,
				"PassageAlongWay: Good flagPassageAlongWay, stepping into",
				[
					"x2"
				],
				null
			],
			[
				3662459.0,
				"Class_Help.FunctionCall: Node(Class_ArrayAndOrDictionary)::_PAW_CO2V",
				[
					{
						"x1": {
							"y1": 1.0,
							"y2": [
								1.0,
								2.0,
								4.0
							]
						},
						"x2": [
							{
								"y1": 5.0
							},
							{
								"y1": 9.0
							}
						],
						"x3": 8.0
					},
					{
						"x1": {
							"y1": 1.0,
							"y2": [
								1.0,
								2.0,
								4.0
							]
						},
						"x2": [
							{
								"y1": 5.0
							},
							{
								"y1": 9.0
							}
						],
						"x3": 8.0
					},
					"Child"
				],
				null
			],
			[
				3662461.0,
				"_PAW_CO2V: elPA == Child -> skip this level",
				[
					"Child"
				],
				"flagPassageAlongWay=false"
			],
			[
				3662465.0,
				"PassageAlongWay: Not flagPassageAlongWay, staying at current level",
				[
					"Child"
				],
				null
			],
			[
				3662471.0,
				"Class_Help.FunctionCall: Node(Class_ArrayAndOrDictionary)::_PAW_CO2V",
				[
					{
						"x1": {
							"y1": 1.0,
							"y2": [
								1.0,
								2.0,
								4.0
							]
						},
						"x2": [
							{
								"y1": 5.0
							},
							{
								"y1": 9.0
							}
						],
						"x3": 8.0
					},
					{
						"x1": {
							"y1": 1.0,
							"y2": [
								1.0,
								2.0,
								4.0
							]
						},
						"x2": [
							{
								"y1": 5.0
							},
							{
								"y1": 9.0
							}
						],
						"x3": 8.0
					},
					"x2"
				],
				null
			],
			[
				3662474.0,
				"PassageAlongWay: Good flagPassageAlongWay, stepping into",
				[
					"x2"
				],
				null
			],
			[
				3662476.0,
				"_C_ComparisonsOf2Variables_0101: Child branch entered",
				[
					[
						"Child",
						"x2"
					]
				],
				null
			],
			[
				3662479.0,
				"_C_ComparisonsOf2Variables_0101: same type, not equal, not Dictionary -> -KM -> Further",
				[],
				null
			],
			[
				3662485.0,
				"UniversalBypass: visiting key",
				[
					"x3",
					[
						"Child",
						"x3"
					]
				],
				null
			],
			[
				3668390.0,
				"Class_Help.FunctionCall: Node(Class_ArrayAndOrDictionary)::_C_ComparisonsOf2Variables_0101",
				[
					{
						"x1": {
							"y1": 1.0,
							"y2": [
								1.0,
								2.0,
								3.0
							]
						},
						"x2": [
							{
								"y1": 5.0
							},
							{
								"y1": 6.0
							}
						],
						"x3": 7.0
					},
					{
						"x1": {
							"y1": 1.0,
							"y2": [
								1.0,
								2.0,
								4.0
							]
						},
						"x2": [
							{
								"y1": 5.0
							},
							{
								"y1": 9.0
							}
						],
						"x3": 8.0
					},
					27.0,
					{
						"x1": {
							"Child": {
								"y1": {
									"Values": [
										1.0,
										1.0
									],
									"result": "+KM"
								},
								"y2": {
									"Values": [
										[
											1.0,
											2.0,
											3.0
										],
										[
											1.0,
											2.0,
											4.0
										]
									],
									"result": "-KM"
								}
							},
							"Values": [
								{
									"y1": 1.0,
									"y2": [
										1.0,
										2.0,
										3.0
									]
								},
								{
									"y1": 1.0,
									"y2": [
										1.0,
										2.0,
										4.0
									]
								}
							],
							"result": "~-KM"
						},
						"x2": {
							"Values": [
								[
									{
										"y1": 5.0
									},
									{
										"y1": 6.0
									}
								],
								[
									{
										"y1": 5.0
									},
									{
										"y1": 9.0
									}
								]
							],
							"result": "-KM"
						},
						"x3": {
							"Values": [
								7.0,
								8.0
							],
							"result": "-KM"
						}
					},
					[],
					"x3"
				],
				null
			],
			[
				3668396.0,
				"_C_ComparisonsOf2Variables_0101 (Child): InputArray snapshot 0",
				[
					{
						"x1": {
							"y1": 1.0,
							"y2": [
								1.0,
								2.0,
								3.0
							]
						},
						"x2": [
							{
								"y1": 5.0
							},
							{
								"y1": 6.0
							}
						],
						"x3": 7.0
					}
				],
				null
			],
			[
				3668397.0,
				"_C_ComparisonsOf2Variables_0101 (Child): InputArray snapshot 1",
				[
					{
						"x1": {
							"y1": 1.0,
							"y2": [
								1.0,
								2.0,
								4.0
							]
						},
						"x2": [
							{
								"y1": 5.0
							},
							{
								"y1": 9.0
							}
						],
						"x3": 8.0
					}
				],
				null
			],
			[
				3668399.0,
				"_C_ComparisonsOf2Variables_0101 (Child): InputArray snapshot 2",
				[
					27.0
				],
				null
			],
			[
				3668400.0,
				"_C_ComparisonsOf2Variables_0101 (Child): InputArray snapshot 3",
				[
					{
						"x1": {
							"Child": {
								"y1": {
									"Values": [
										1.0,
										1.0
									],
									"result": "+KM"
								},
								"y2": {
									"Values": [
										[
											1.0,
											2.0,
											3.0
										],
										[
											1.0,
											2.0,
											4.0
										]
									],
									"result": "-KM"
								}
							},
							"Values": [
								{
									"y1": 1.0,
									"y2": [
										1.0,
										2.0,
										3.0
									]
								},
								{
									"y1": 1.0,
									"y2": [
										1.0,
										2.0,
										4.0
									]
								}
							],
							"result": "~-KM"
						},
						"x2": {
							"Values": [
								[
									{
										"y1": 5.0
									},
									{
										"y1": 6.0
									}
								],
								[
									{
										"y1": 5.0
									},
									{
										"y1": 9.0
									}
								]
							],
							"result": "-KM"
						},
						"x3": {
							"Values": [
								7.0,
								8.0
							],
							"result": "-KM"
						}
					}
				],
				null
			],
			[
				3668401.0,
				"_C_ComparisonsOf2Variables_0101 (Child): InputArray snapshot 4",
				[
					[]
				],
				null
			],
			[
				3668403.0,
				"_C_ComparisonsOf2Variables_0101 (Child): InputArray snapshot 5",
				[
					"x3"
				],
				null
			],
			[
				3668419.0,
				"Class_Help.FunctionCall: Node(Class_ArrayAndOrDictionary)::_PAW_CO2V",
				[
					{
						"x1": {
							"y1": 1.0,
							"y2": [
								1.0,
								2.0,
								3.0
							]
						},
						"x2": [
							{
								"y1": 5.0
							},
							{
								"y1": 6.0
							}
						],
						"x3": 7.0
					},
					{
						"x1": {
							"y1": 1.0,
							"y2": [
								1.0,
								2.0,
								3.0
							]
						},
						"x2": [
							{
								"y1": 5.0
							},
							{
								"y1": 6.0
							}
						],
						"x3": 7.0
					},
					"Child"
				],
				null
			],
			[
				3668422.0,
				"_PAW_CO2V: elPA == Child -> skip this level",
				[
					"Child"
				],
				"flagPassageAlongWay=false"
			],
			[
				3668426.0,
				"PassageAlongWay: Not flagPassageAlongWay, staying at current level",
				[
					"Child"
				],
				null
			],
			[
				3674246.0,
				"Class_Help.FunctionCall: Node(Class_ArrayAndOrDictionary)::_PAW_CO2V",
				[
					{
						"x1": {
							"y1": 1.0,
							"y2": [
								1.0,
								2.0,
								3.0
							]
						},
						"x2": [
							{
								"y1": 5.0
							},
							{
								"y1": 6.0
							}
						],
						"x3": 7.0
					},
					{
						"x1": {
							"y1": 1.0,
							"y2": [
								1.0,
								2.0,
								3.0
							]
						},
						"x2": [
							{
								"y1": 5.0
							},
							{
								"y1": 6.0
							}
						],
						"x3": 7.0
					},
					"x3"
				],
				null
			],
			[
				3674253.0,
				"PassageAlongWay: Good flagPassageAlongWay, stepping into",
				[
					"x3"
				],
				null
			],
			[
				3674266.0,
				"Class_Help.FunctionCall: Node(Class_ArrayAndOrDictionary)::_PAW_CO2V",
				[
					{
						"x1": {
							"y1": 1.0,
							"y2": [
								1.0,
								2.0,
								4.0
							]
						},
						"x2": [
							{
								"y1": 5.0
							},
							{
								"y1": 9.0
							}
						],
						"x3": 8.0
					},
					{
						"x1": {
							"y1": 1.0,
							"y2": [
								1.0,
								2.0,
								4.0
							]
						},
						"x2": [
							{
								"y1": 5.0
							},
							{
								"y1": 9.0
							}
						],
						"x3": 8.0
					},
					"Child"
				],
				null
			],
			[
				3674268.0,
				"_PAW_CO2V: elPA == Child -> skip this level",
				[
					"Child"
				],
				"flagPassageAlongWay=false"
			],
			[
				3674271.0,
				"PassageAlongWay: Not flagPassageAlongWay, staying at current level",
				[
					"Child"
				],
				null
			],
			[
				3674277.0,
				"Class_Help.FunctionCall: Node(Class_ArrayAndOrDictionary)::_PAW_CO2V",
				[
					{
						"x1": {
							"y1": 1.0,
							"y2": [
								1.0,
								2.0,
								4.0
							]
						},
						"x2": [
							{
								"y1": 5.0
							},
							{
								"y1": 9.0
							}
						],
						"x3": 8.0
					},
					{
						"x1": {
							"y1": 1.0,
							"y2": [
								1.0,
								2.0,
								4.0
							]
						},
						"x2": [
							{
								"y1": 5.0
							},
							{
								"y1": 9.0
							}
						],
						"x3": 8.0
					},
					"x3"
				],
				null
			],
			[
				3674280.0,
				"PassageAlongWay: Good flagPassageAlongWay, stepping into",
				[
					"x3"
				],
				null
			],
			[
				3674282.0,
				"_C_ComparisonsOf2Variables_0101: Child branch entered",
				[
					[
						"Child",
						"x3"
					]
				],
				null
			],
			[
				3674285.0,
				"_C_ComparisonsOf2Variables_0101: same type, not equal, not Dictionary -> -KM -> Further",
				[],
				null
			],
			[
				3674308.0,
				"_CP_CO2V: recomputing aggregated result from children",
				[
					{
						"+": 1.0,
						"-": 1.0,
						"<": 0.0,
						">": 0.0,
						"~": 0.0,
						"~-": 0.0,
						"~<": 0.0,
						"~<-": 0.0,
						"~>": 0.0,
						"~>-": 0.0
					}
				],
				null
			],
			[
				3680213.0,
				"_CP_CO2V: result recomputed",
				[],
				"~-KM"
			],
			[
				3680227.0,
				"_CP_CO2V: recomputing aggregated result from children",
				[
					{
						"+": 0.0,
						"-": 2.0,
						"<": 0.0,
						">": 0.0,
						"~": 0.0,
						"~-": 1.0,
						"~<": 0.0,
						"~<-": 0.0,
						"~>": 0.0,
						"~>-": 0.0
					}
				],
				null
			],
			[
				3680230.0,
				"_CP_CO2V: result recomputed",
				[],
				"~KM"
			],
			[
				3680237.0,
				"Stream finished: Diagnostic:manual_case",
				[],
				null
			]
		],
		"2": [
			[
				3107179.0,
				"Stream created: Test:value_diff",
				[],
				null
			],
			[
				3113588.0,
				"fC_ComparisonsOf2Variables_0101: types match",
				[
					{
						"x": 1.0
					},
					{
						"x": 2.0
					}
				],
				null
			],
			[
				3113594.0,
				"fC_ComparisonsOf2Variables_0101: both Dictionary, not equal -> diff by key",
				[
					[
						"x"
					],
					[
						"x"
					]
				],
				null
			],
			[
				3113610.0,
				"UniversalBypass: visiting key",
				[
					"result",
					[
						"result"
					]
				],
				null
			],
			[
				3113627.0,
				"Class_Help.FunctionCall: Node(Class_ArrayAndOrDictionary)::_C_ComparisonsOf2Variables_0101",
				[
					{
						"x": 1.0
					},
					{
						"x": 2.0
					},
					27.0,
					{
						"Child": {
							"x": {
								"Values": [
									1.0,
									2.0
								],
								"result": "-KM"
							}
						},
						"Values": [
							{
								"x": 1.0
							},
							{
								"x": 2.0
							}
						],
						"result": "-KM"
					},
					[],
					"result"
				],
				null
			],
			[
				3113631.0,
				"_C_ComparisonsOf2Variables_0101 (Child): InputArray snapshot 0",
				[
					{
						"x": 1.0
					}
				],
				null
			],
			[
				3113633.0,
				"_C_ComparisonsOf2Variables_0101 (Child): InputArray snapshot 1",
				[
					{
						"x": 2.0
					}
				],
				null
			],
			[
				3113634.0,
				"_C_ComparisonsOf2Variables_0101 (Child): InputArray snapshot 2",
				[
					27.0
				],
				null
			],
			[
				3113636.0,
				"_C_ComparisonsOf2Variables_0101 (Child): InputArray snapshot 3",
				[
					{
						"Child": {
							"x": {
								"Values": [
									1.0,
									2.0
								],
								"result": "-KM"
							}
						},
						"Values": [
							{
								"x": 1.0
							},
							{
								"x": 2.0
							}
						],
						"result": "-KM"
					}
				],
				null
			],
			[
				3113637.0,
				"_C_ComparisonsOf2Variables_0101 (Child): InputArray snapshot 4",
				[
					[]
				],
				null
			],
			[
				3113638.0,
				"_C_ComparisonsOf2Variables_0101 (Child): InputArray snapshot 5",
				[
					"result"
				],
				null
			],
			[
				3114110.0,
				"_C_ComparisonsOf2Variables_0101: key == \"result\"/\"Values\" -> skip, Further",
				[
					"result"
				],
				null
			],
			[
				3114120.0,
				"UniversalBypass: visiting key",
				[
					"Values",
					[
						"Values"
					]
				],
				null
			],
			[
				3114131.0,
				"Class_Help.FunctionCall: Node(Class_ArrayAndOrDictionary)::_C_ComparisonsOf2Variables_0101",
				[
					{
						"x": 1.0
					},
					{
						"x": 2.0
					},
					27.0,
					{
						"Child": {
							"x": {
								"Values": [
									1.0,
									2.0
								],
								"result": "-KM"
							}
						},
						"Values": [
							{
								"x": 1.0
							},
							{
								"x": 2.0
							}
						],
						"result": "-KM"
					},
					[],
					"Values"
				],
				null
			],
			[
				3114135.0,
				"_C_ComparisonsOf2Variables_0101 (Child): InputArray snapshot 0",
				[
					{
						"x": 1.0
					}
				],
				null
			],
			[
				3114137.0,
				"_C_ComparisonsOf2Variables_0101 (Child): InputArray snapshot 1",
				[
					{
						"x": 2.0
					}
				],
				null
			],
			[
				3114139.0,
				"_C_ComparisonsOf2Variables_0101 (Child): InputArray snapshot 2",
				[
					27.0
				],
				null
			],
			[
				3114141.0,
				"_C_ComparisonsOf2Variables_0101 (Child): InputArray snapshot 3",
				[
					{
						"Child": {
							"x": {
								"Values": [
									1.0,
									2.0
								],
								"result": "-KM"
							}
						},
						"Values": [
							{
								"x": 1.0
							},
							{
								"x": 2.0
							}
						],
						"result": "-KM"
					}
				],
				null
			],
			[
				3114143.0,
				"_C_ComparisonsOf2Variables_0101 (Child): InputArray snapshot 4",
				[
					[]
				],
				null
			],
			[
				3114145.0,
				"_C_ComparisonsOf2Variables_0101 (Child): InputArray snapshot 5",
				[
					"Values"
				],
				null
			],
			[
				3114148.0,
				"_C_ComparisonsOf2Variables_0101: key == \"result\"/\"Values\" -> skip, Further",
				[
					"Values"
				],
				null
			],
			[
				3120689.0,
				"UniversalBypass: visiting key",
				[
					"Child",
					[
						"Child"
					]
				],
				null
			],
			[
				3120704.0,
				"Class_Help.FunctionCall: Node(Class_ArrayAndOrDictionary)::_C_ComparisonsOf2Variables_0101",
				[
					{
						"x": 1.0
					},
					{
						"x": 2.0
					},
					27.0,
					{
						"Child": {
							"x": {
								"Values": [
									1.0,
									2.0
								],
								"result": "-KM"
							}
						},
						"Values": [
							{
								"x": 1.0
							},
							{
								"x": 2.0
							}
						],
						"result": "-KM"
					},
					[],
					"Child"
				],
				null
			],
			[
				3120708.0,
				"_C_ComparisonsOf2Variables_0101 (Child): InputArray snapshot 0",
				[
					{
						"x": 1.0
					}
				],
				null
			],
			[
				3120709.0,
				"_C_ComparisonsOf2Variables_0101 (Child): InputArray snapshot 1",
				[
					{
						"x": 2.0
					}
				],
				null
			],
			[
				3120711.0,
				"_C_ComparisonsOf2Variables_0101 (Child): InputArray snapshot 2",
				[
					27.0
				],
				null
			],
			[
				3120712.0,
				"_C_ComparisonsOf2Variables_0101 (Child): InputArray snapshot 3",
				[
					{
						"Child": {
							"x": {
								"Values": [
									1.0,
									2.0
								],
								"result": "-KM"
							}
						},
						"Values": [
							{
								"x": 1.0
							},
							{
								"x": 2.0
							}
						],
						"result": "-KM"
					}
				],
				null
			],
			[
				3120714.0,
				"_C_ComparisonsOf2Variables_0101 (Child): InputArray snapshot 4",
				[
					[]
				],
				null
			],
			[
				3120715.0,
				"_C_ComparisonsOf2Variables_0101 (Child): InputArray snapshot 5",
				[
					"Child"
				],
				null
			],
			[
				3120716.0,
				"_C_ComparisonsOf2Variables_0101: key == \"Child\" -> just Deeper, no recompute",
				[],
				null
			],
			[
				3120722.0,
				"UniversalBypass: Deeper, recursing",
				[
					"Child",
					1.0
				],
				null
			],
			[
				3129592.0,
				"UniversalBypass: visiting key",
				[
					"x",
					[
						"Child",
						"x"
					]
				],
				null
			],
			[
				3129605.0,
				"Class_Help.FunctionCall: Node(Class_ArrayAndOrDictionary)::_C_ComparisonsOf2Variables_0101",
				[
					{
						"x": 1.0
					},
					{
						"x": 2.0
					},
					27.0,
					{
						"x": {
							"Values": [
								1.0,
								2.0
							],
							"result": "-KM"
						}
					},
					[],
					"x"
				],
				null
			],
			[
				3129608.0,
				"_C_ComparisonsOf2Variables_0101 (Child): InputArray snapshot 0",
				[
					{
						"x": 1.0
					}
				],
				null
			],
			[
				3129610.0,
				"_C_ComparisonsOf2Variables_0101 (Child): InputArray snapshot 1",
				[
					{
						"x": 2.0
					}
				],
				null
			],
			[
				3129611.0,
				"_C_ComparisonsOf2Variables_0101 (Child): InputArray snapshot 2",
				[
					27.0
				],
				null
			],
			[
				3129613.0,
				"_C_ComparisonsOf2Variables_0101 (Child): InputArray snapshot 3",
				[
					{
						"x": {
							"Values": [
								1.0,
								2.0
							],
							"result": "-KM"
						}
					}
				],
				null
			],
			[
				3129615.0,
				"_C_ComparisonsOf2Variables_0101 (Child): InputArray snapshot 4",
				[
					[]
				],
				null
			],
			[
				3129616.0,
				"_C_ComparisonsOf2Variables_0101 (Child): InputArray snapshot 5",
				[
					"x"
				],
				null
			],
			[
				3129633.0,
				"Class_Help.FunctionCall: Node(Class_ArrayAndOrDictionary)::_PAW_CO2V",
				[
					{
						"x": 1.0
					},
					{
						"x": 1.0
					},
					"Child"
				],
				null
			],
			[
				3129640.0,
				"_PAW_CO2V: elPA == Child -> skip this level",
				[
					"Child"
				],
				"flagPassageAlongWay=false"
			],
			[
				3137332.0,
				"PassageAlongWay: Not flagPassageAlongWay, staying at current level",
				[
					"Child"
				],
				null
			],
			[
				3137354.0,
				"Class_Help.FunctionCall: Node(Class_ArrayAndOrDictionary)::_PAW_CO2V",
				[
					{
						"x": 1.0
					},
					{
						"x": 1.0
					},
					"x"
				],
				null
			],
			[
				3137361.0,
				"PassageAlongWay: Good flagPassageAlongWay, stepping into",
				[
					"x"
				],
				null
			],
			[
				3137374.0,
				"Class_Help.FunctionCall: Node(Class_ArrayAndOrDictionary)::_PAW_CO2V",
				[
					{
						"x": 2.0
					},
					{
						"x": 2.0
					},
					"Child"
				],
				null
			],
			[
				3137376.0,
				"_PAW_CO2V: elPA == Child -> skip this level",
				[
					"Child"
				],
				"flagPassageAlongWay=false"
			],
			[
				3137380.0,
				"PassageAlongWay: Not flagPassageAlongWay, staying at current level",
				[
					"Child"
				],
				null
			],
			[
				3137386.0,
				"Class_Help.FunctionCall: Node(Class_ArrayAndOrDictionary)::_PAW_CO2V",
				[
					{
						"x": 2.0
					},
					{
						"x": 2.0
					},
					"x"
				],
				null
			],
			[
				3137389.0,
				"PassageAlongWay: Good flagPassageAlongWay, stepping into",
				[
					"x"
				],
				null
			],
			[
				3137392.0,
				"_C_ComparisonsOf2Variables_0101: Child branch entered",
				[
					[
						"Child",
						"x"
					]
				],
				null
			],
			[
				3137396.0,
				"_C_ComparisonsOf2Variables_0101: same type, not equal, not Dictionary -> -KM -> Further",
				[],
				null
			],
			[
				3145548.0,
				"_CP_CO2V: recomputing aggregated result from children",
				[
					{
						"+": 0.0,
						"-": 1.0,
						"<": 0.0,
						">": 0.0,
						"~": 0.0,
						"~-": 0.0,
						"~<": 0.0,
						"~<-": 0.0,
						"~>": 0.0,
						"~>-": 0.0
					}
				],
				null
			],
			[
				3145555.0,
				"_CP_CO2V: result recomputed",
				[],
				"-KM"
			],
			[
				3145564.0,
				"Stream finished: Test:value_diff",
				[],
				null
			]
		],
		"3": [
			[
				3154350.0,
				"Stream created: Test:only_in_a",
				[],
				null
			],
			[
				3163015.0,
				"fC_ComparisonsOf2Variables_0101: types match",
				[
					{
						"x": 1.0
					},
					{}
				],
				null
			],
			[
				3163019.0,
				"fC_ComparisonsOf2Variables_0101: both Dictionary, not equal -> diff by key",
				[
					[
						"x"
					],
					[]
				],
				null
			],
			[
				3163034.0,
				"UniversalBypass: visiting key",
				[
					"result",
					[
						"result"
					]
				],
				null
			],
			[
				3163047.0,
				"Class_Help.FunctionCall: Node(Class_ArrayAndOrDictionary)::_C_ComparisonsOf2Variables_0101",
				[
					{
						"x": 1.0
					},
					{},
					27.0,
					{
						"Child": {
							"x": {
								"Values": [
									1.0
								],
								"result": ">"
							}
						},
						"Values": [
							{
								"x": 1.0
							},
							{}
						],
						"result": ">"
					},
					[],
					"result"
				],
				null
			],
			[
				3163051.0,
				"_C_ComparisonsOf2Variables_0101 (Child): InputArray snapshot 0",
				[
					{
						"x": 1.0
					}
				],
				null
			],
			[
				3163052.0,
				"_C_ComparisonsOf2Variables_0101 (Child): InputArray snapshot 1",
				[
					{}
				],
				null
			],
			[
				3163054.0,
				"_C_ComparisonsOf2Variables_0101 (Child): InputArray snapshot 2",
				[
					27.0
				],
				null
			],
			[
				3163055.0,
				"_C_ComparisonsOf2Variables_0101 (Child): InputArray snapshot 3",
				[
					{
						"Child": {
							"x": {
								"Values": [
									1.0
								],
								"result": ">"
							}
						},
						"Values": [
							{
								"x": 1.0
							},
							{}
						],
						"result": ">"
					}
				],
				null
			],
			[
				3163056.0,
				"_C_ComparisonsOf2Variables_0101 (Child): InputArray snapshot 4",
				[
					[]
				],
				null
			],
			[
				3163058.0,
				"_C_ComparisonsOf2Variables_0101 (Child): InputArray snapshot 5",
				[
					"result"
				],
				null
			],
			[
				3171199.0,
				"_C_ComparisonsOf2Variables_0101: key == \"result\"/\"Values\" -> skip, Further",
				[
					"result"
				],
				null
			],
			[
				3171214.0,
				"UniversalBypass: visiting key",
				[
					"Values",
					[
						"Values"
					]
				],
				null
			],
			[
				3171230.0,
				"Class_Help.FunctionCall: Node(Class_ArrayAndOrDictionary)::_C_ComparisonsOf2Variables_0101",
				[
					{
						"x": 1.0
					},
					{},
					27.0,
					{
						"Child": {
							"x": {
								"Values": [
									1.0
								],
								"result": ">"
							}
						},
						"Values": [
							{
								"x": 1.0
							},
							{}
						],
						"result": ">"
					},
					[],
					"Values"
				],
				null
			],
			[
				3171233.0,
				"_C_ComparisonsOf2Variables_0101 (Child): InputArray snapshot 0",
				[
					{
						"x": 1.0
					}
				],
				null
			],
			[
				3171235.0,
				"_C_ComparisonsOf2Variables_0101 (Child): InputArray snapshot 1",
				[
					{}
				],
				null
			],
			[
				3171236.0,
				"_C_ComparisonsOf2Variables_0101 (Child): InputArray snapshot 2",
				[
					27.0
				],
				null
			],
			[
				3171238.0,
				"_C_ComparisonsOf2Variables_0101 (Child): InputArray snapshot 3",
				[
					{
						"Child": {
							"x": {
								"Values": [
									1.0
								],
								"result": ">"
							}
						},
						"Values": [
							{
								"x": 1.0
							},
							{}
						],
						"result": ">"
					}
				],
				null
			],
			[
				3171239.0,
				"_C_ComparisonsOf2Variables_0101 (Child): InputArray snapshot 4",
				[
					[]
				],
				null
			],
			[
				3171240.0,
				"_C_ComparisonsOf2Variables_0101 (Child): InputArray snapshot 5",
				[
					"Values"
				],
				null
			],
			[
				3171243.0,
				"_C_ComparisonsOf2Variables_0101: key == \"result\"/\"Values\" -> skip, Further",
				[
					"Values"
				],
				null
			],
			[
				3180168.0,
				"UniversalBypass: visiting key",
				[
					"Child",
					[
						"Child"
					]
				],
				null
			],
			[
				3180180.0,
				"Class_Help.FunctionCall: Node(Class_ArrayAndOrDictionary)::_C_ComparisonsOf2Variables_0101",
				[
					{
						"x": 1.0
					},
					{},
					27.0,
					{
						"Child": {
							"x": {
								"Values": [
									1.0
								],
								"result": ">"
							}
						},
						"Values": [
							{
								"x": 1.0
							},
							{}
						],
						"result": ">"
					},
					[],
					"Child"
				],
				null
			],
			[
				3180182.0,
				"_C_ComparisonsOf2Variables_0101 (Child): InputArray snapshot 0",
				[
					{
						"x": 1.0
					}
				],
				null
			],
			[
				3180184.0,
				"_C_ComparisonsOf2Variables_0101 (Child): InputArray snapshot 1",
				[
					{}
				],
				null
			],
			[
				3180186.0,
				"_C_ComparisonsOf2Variables_0101 (Child): InputArray snapshot 2",
				[
					27.0
				],
				null
			],
			[
				3180187.0,
				"_C_ComparisonsOf2Variables_0101 (Child): InputArray snapshot 3",
				[
					{
						"Child": {
							"x": {
								"Values": [
									1.0
								],
								"result": ">"
							}
						},
						"Values": [
							{
								"x": 1.0
							},
							{}
						],
						"result": ">"
					}
				],
				null
			],
			[
				3180188.0,
				"_C_ComparisonsOf2Variables_0101 (Child): InputArray snapshot 4",
				[
					[]
				],
				null
			],
			[
				3180190.0,
				"_C_ComparisonsOf2Variables_0101 (Child): InputArray snapshot 5",
				[
					"Child"
				],
				null
			],
			[
				3180191.0,
				"_C_ComparisonsOf2Variables_0101: key == \"Child\" -> just Deeper, no recompute",
				[],
				null
			],
			[
				3180196.0,
				"UniversalBypass: Deeper, recursing",
				[
					"Child",
					1.0
				],
				null
			],
			[
				3188006.0,
				"UniversalBypass: visiting key",
				[
					"x",
					[
						"Child",
						"x"
					]
				],
				null
			],
			[
				3188022.0,
				"Class_Help.FunctionCall: Node(Class_ArrayAndOrDictionary)::_C_ComparisonsOf2Variables_0101",
				[
					{
						"x": 1.0
					},
					{},
					27.0,
					{
						"x": {
							"Values": [
								1.0
							],
							"result": ">"
						}
					},
					[],
					"x"
				],
				null
			],
			[
				3188026.0,
				"_C_ComparisonsOf2Variables_0101 (Child): InputArray snapshot 0",
				[
					{
						"x": 1.0
					}
				],
				null
			],
			[
				3188027.0,
				"_C_ComparisonsOf2Variables_0101 (Child): InputArray snapshot 1",
				[
					{}
				],
				null
			],
			[
				3188029.0,
				"_C_ComparisonsOf2Variables_0101 (Child): InputArray snapshot 2",
				[
					27.0
				],
				null
			],
			[
				3188030.0,
				"_C_ComparisonsOf2Variables_0101 (Child): InputArray snapshot 3",
				[
					{
						"x": {
							"Values": [
								1.0
							],
							"result": ">"
						}
					}
				],
				null
			],
			[
				3188032.0,
				"_C_ComparisonsOf2Variables_0101 (Child): InputArray snapshot 4",
				[
					[]
				],
				null
			],
			[
				3188033.0,
				"_C_ComparisonsOf2Variables_0101 (Child): InputArray snapshot 5",
				[
					"x"
				],
				null
			],
			[
				3188036.0,
				"_C_ComparisonsOf2Variables_0101: already resolved (>/< с первого прохода) -> skip, Further",
				[
					"x"
				],
				null
			],
			[
				3188052.0,
				"_CP_CO2V: recomputing aggregated result from children",
				[
					{
						"+": 0.0,
						"-": 0.0,
						"<": 0.0,
						">": 1.0,
						"~": 0.0,
						"~-": 0.0,
						"~<": 0.0,
						"~<-": 0.0,
						"~>": 0.0,
						"~>-": 0.0
					}
				],
				null
			],
			[
				3196283.0,
				"_CP_CO2V: result recomputed",
				[],
				">"
			],
			[
				3196295.0,
				"Stream finished: Test:only_in_a",
				[],
				null
			]
		],
		"4": [
			[
				3204000.0,
				"Stream created: Test:only_in_b",
				[],
				null
			],
			[
				3212402.0,
				"fC_ComparisonsOf2Variables_0101: types match",
				[
					{},
					{
						"x": 1.0
					}
				],
				null
			],
			[
				3212410.0,
				"fC_ComparisonsOf2Variables_0101: both Dictionary, not equal -> diff by key",
				[
					[],
					[
						"x"
					]
				],
				null
			],
			[
				3212440.0,
				"UniversalBypass: visiting key",
				[
					"result",
					[
						"result"
					]
				],
				null
			],
			[
				3212461.0,
				"Class_Help.FunctionCall: Node(Class_ArrayAndOrDictionary)::_C_ComparisonsOf2Variables_0101",
				[
					{},
					{
						"x": 1.0
					},
					27.0,
					{
						"Child": {
							"x": {
								"Values": [
									1.0
								],
								"result": "<"
							}
						},
						"Values": [
							{},
							{
								"x": 1.0
							}
						],
						"result": "<"
					},
					[],
					"result"
				],
				null
			],
			[
				3212466.0,
				"_C_ComparisonsOf2Variables_0101 (Child): InputArray snapshot 0",
				[
					{}
				],
				null
			],
			[
				3212467.0,
				"_C_ComparisonsOf2Variables_0101 (Child): InputArray snapshot 1",
				[
					{
						"x": 1.0
					}
				],
				null
			],
			[
				3212470.0,
				"_C_ComparisonsOf2Variables_0101 (Child): InputArray snapshot 2",
				[
					27.0
				],
				null
			],
			[
				3212471.0,
				"_C_ComparisonsOf2Variables_0101 (Child): InputArray snapshot 3",
				[
					{
						"Child": {
							"x": {
								"Values": [
									1.0
								],
								"result": "<"
							}
						},
						"Values": [
							{},
							{
								"x": 1.0
							}
						],
						"result": "<"
					}
				],
				null
			],
			[
				3212472.0,
				"_C_ComparisonsOf2Variables_0101 (Child): InputArray snapshot 4",
				[
					[]
				],
				null
			],
			[
				3212474.0,
				"_C_ComparisonsOf2Variables_0101 (Child): InputArray snapshot 5",
				[
					"result"
				],
				null
			],
			[
				3213211.0,
				"_C_ComparisonsOf2Variables_0101: key == \"result\"/\"Values\" -> skip, Further",
				[
					"result"
				],
				null
			],
			[
				3213219.0,
				"UniversalBypass: visiting key",
				[
					"Values",
					[
						"Values"
					]
				],
				null
			],
			[
				3213227.0,
				"Class_Help.FunctionCall: Node(Class_ArrayAndOrDictionary)::_C_ComparisonsOf2Variables_0101",
				[
					{},
					{
						"x": 1.0
					},
					27.0,
					{
						"Child": {
							"x": {
								"Values": [
									1.0
								],
								"result": "<"
							}
						},
						"Values": [
							{},
							{
								"x": 1.0
							}
						],
						"result": "<"
					},
					[],
					"Values"
				],
				null
			],
			[
				3213229.0,
				"_C_ComparisonsOf2Variables_0101 (Child): InputArray snapshot 0",
				[
					{}
				],
				null
			],
			[
				3213230.0,
				"_C_ComparisonsOf2Variables_0101 (Child): InputArray snapshot 1",
				[
					{
						"x": 1.0
					}
				],
				null
			],
			[
				3213232.0,
				"_C_ComparisonsOf2Variables_0101 (Child): InputArray snapshot 2",
				[
					27.0
				],
				null
			],
			[
				3213233.0,
				"_C_ComparisonsOf2Variables_0101 (Child): InputArray snapshot 3",
				[
					{
						"Child": {
							"x": {
								"Values": [
									1.0
								],
								"result": "<"
							}
						},
						"Values": [
							{},
							{
								"x": 1.0
							}
						],
						"result": "<"
					}
				],
				null
			],
			[
				3213234.0,
				"_C_ComparisonsOf2Variables_0101 (Child): InputArray snapshot 4",
				[
					[]
				],
				null
			],
			[
				3213235.0,
				"_C_ComparisonsOf2Variables_0101 (Child): InputArray snapshot 5",
				[
					"Values"
				],
				null
			],
			[
				3213237.0,
				"_C_ComparisonsOf2Variables_0101: key == \"result\"/\"Values\" -> skip, Further",
				[
					"Values"
				],
				null
			],
			[
				3223459.0,
				"UniversalBypass: visiting key",
				[
					"Child",
					[
						"Child"
					]
				],
				null
			],
			[
				3223479.0,
				"Class_Help.FunctionCall: Node(Class_ArrayAndOrDictionary)::_C_ComparisonsOf2Variables_0101",
				[
					{},
					{
						"x": 1.0
					},
					27.0,
					{
						"Child": {
							"x": {
								"Values": [
									1.0
								],
								"result": "<"
							}
						},
						"Values": [
							{},
							{
								"x": 1.0
							}
						],
						"result": "<"
					},
					[],
					"Child"
				],
				null
			],
			[
				3223484.0,
				"_C_ComparisonsOf2Variables_0101 (Child): InputArray snapshot 0",
				[
					{}
				],
				null
			],
			[
				3223487.0,
				"_C_ComparisonsOf2Variables_0101 (Child): InputArray snapshot 1",
				[
					{
						"x": 1.0
					}
				],
				null
			],
			[
				3223489.0,
				"_C_ComparisonsOf2Variables_0101 (Child): InputArray snapshot 2",
				[
					27.0
				],
				null
			],
			[
				3223491.0,
				"_C_ComparisonsOf2Variables_0101 (Child): InputArray snapshot 3",
				[
					{
						"Child": {
							"x": {
								"Values": [
									1.0
								],
								"result": "<"
							}
						},
						"Values": [
							{},
							{
								"x": 1.0
							}
						],
						"result": "<"
					}
				],
				null
			],
			[
				3223493.0,
				"_C_ComparisonsOf2Variables_0101 (Child): InputArray snapshot 4",
				[
					[]
				],
				null
			],
			[
				3223495.0,
				"_C_ComparisonsOf2Variables_0101 (Child): InputArray snapshot 5",
				[
					"Child"
				],
				null
			],
			[
				3223496.0,
				"_C_ComparisonsOf2Variables_0101: key == \"Child\" -> just Deeper, no recompute",
				[],
				null
			],
			[
				3223502.0,
				"UniversalBypass: Deeper, recursing",
				[
					"Child",
					1.0
				],
				null
			],
			[
				3224362.0,
				"UniversalBypass: visiting key",
				[
					"x",
					[
						"Child",
						"x"
					]
				],
				null
			],
			[
				3224371.0,
				"Class_Help.FunctionCall: Node(Class_ArrayAndOrDictionary)::_C_ComparisonsOf2Variables_0101",
				[
					{},
					{
						"x": 1.0
					},
					27.0,
					{
						"x": {
							"Values": [
								1.0
							],
							"result": "<"
						}
					},
					[],
					"x"
				],
				null
			],
			[
				3224373.0,
				"_C_ComparisonsOf2Variables_0101 (Child): InputArray snapshot 0",
				[
					{}
				],
				null
			],
			[
				3224375.0,
				"_C_ComparisonsOf2Variables_0101 (Child): InputArray snapshot 1",
				[
					{
						"x": 1.0
					}
				],
				null
			],
			[
				3224376.0,
				"_C_ComparisonsOf2Variables_0101 (Child): InputArray snapshot 2",
				[
					27.0
				],
				null
			],
			[
				3224377.0,
				"_C_ComparisonsOf2Variables_0101 (Child): InputArray snapshot 3",
				[
					{
						"x": {
							"Values": [
								1.0
							],
							"result": "<"
						}
					}
				],
				null
			],
			[
				3224379.0,
				"_C_ComparisonsOf2Variables_0101 (Child): InputArray snapshot 4",
				[
					[]
				],
				null
			],
			[
				3224380.0,
				"_C_ComparisonsOf2Variables_0101 (Child): InputArray snapshot 5",
				[
					"x"
				],
				null
			],
			[
				3224382.0,
				"_C_ComparisonsOf2Variables_0101: already resolved (>/< с первого прохода) -> skip, Further",
				[
					"x"
				],
				null
			],
			[
				3224396.0,
				"_CP_CO2V: recomputing aggregated result from children",
				[
					{
						"+": 0.0,
						"-": 0.0,
						"<": 1.0,
						">": 0.0,
						"~": 0.0,
						"~-": 0.0,
						"~<": 0.0,
						"~<-": 0.0,
						"~>": 0.0,
						"~>-": 0.0
					}
				],
				null
			],
			[
				3225126.0,
				"_CP_CO2V: result recomputed",
				[],
				"<"
			],
			[
				3225134.0,
				"Stream finished: Test:only_in_b",
				[],
				null
			]
		],
		"5": [
			[
				3232582.0,
				"Stream created: Test:nested_diff",
				[],
				null
			],
			[
				3242476.0,
				"fC_ComparisonsOf2Variables_0101: types match",
				[
					{
						"x": {
							"y": 1.0
						}
					},
					{
						"x": {
							"y": 2.0
						}
					}
				],
				null
			],
			[
				3242482.0,
				"fC_ComparisonsOf2Variables_0101: both Dictionary, not equal -> diff by key",
				[
					[
						"x"
					],
					[
						"x"
					]
				],
				null
			],
			[
				3242498.0,
				"UniversalBypass: visiting key",
				[
					"result",
					[
						"result"
					]
				],
				null
			],
			[
				3242512.0,
				"Class_Help.FunctionCall: Node(Class_ArrayAndOrDictionary)::_C_ComparisonsOf2Variables_0101",
				[
					{
						"x": {
							"y": 1.0
						}
					},
					{
						"x": {
							"y": 2.0
						}
					},
					27.0,
					{
						"Child": {
							"x": {
								"Child": {
									"y": {
										"Values": [
											1.0,
											2.0
										],
										"result": "-KM"
									}
								},
								"Values": [
									{
										"y": 1.0
									},
									{
										"y": 2.0
									}
								],
								"result": "-KM"
							}
						},
						"Values": [
							{
								"x": {
									"y": 1.0
								}
							},
							{
								"x": {
									"y": 2.0
								}
							}
						],
						"result": "-KM"
					},
					[],
					"result"
				],
				null
			],
			[
				3242516.0,
				"_C_ComparisonsOf2Variables_0101 (Child): InputArray snapshot 0",
				[
					{
						"x": {
							"y": 1.0
						}
					}
				],
				null
			],
			[
				3242517.0,
				"_C_ComparisonsOf2Variables_0101 (Child): InputArray snapshot 1",
				[
					{
						"x": {
							"y": 2.0
						}
					}
				],
				null
			],
			[
				3242519.0,
				"_C_ComparisonsOf2Variables_0101 (Child): InputArray snapshot 2",
				[
					27.0
				],
				null
			],
			[
				3242520.0,
				"_C_ComparisonsOf2Variables_0101 (Child): InputArray snapshot 3",
				[
					{
						"Child": {
							"x": {
								"Child": {
									"y": {
										"Values": [
											1.0,
											2.0
										],
										"result": "-KM"
									}
								},
								"Values": [
									{
										"y": 1.0
									},
									{
										"y": 2.0
									}
								],
								"result": "-KM"
							}
						},
						"Values": [
							{
								"x": {
									"y": 1.0
								}
							},
							{
								"x": {
									"y": 2.0
								}
							}
						],
						"result": "-KM"
					}
				],
				null
			],
			[
				3242522.0,
				"_C_ComparisonsOf2Variables_0101 (Child): InputArray snapshot 4",
				[
					[]
				],
				null
			],
			[
				3242523.0,
				"_C_ComparisonsOf2Variables_0101 (Child): InputArray snapshot 5",
				[
					"result"
				],
				null
			],
			[
				3243396.0,
				"_C_ComparisonsOf2Variables_0101: key == \"result\"/\"Values\" -> skip, Further",
				[
					"result"
				],
				null
			],
			[
				3243403.0,
				"UniversalBypass: visiting key",
				[
					"Values",
					[
						"Values"
					]
				],
				null
			],
			[
				3243411.0,
				"Class_Help.FunctionCall: Node(Class_ArrayAndOrDictionary)::_C_ComparisonsOf2Variables_0101",
				[
					{
						"x": {
							"y": 1.0
						}
					},
					{
						"x": {
							"y": 2.0
						}
					},
					27.0,
					{
						"Child": {
							"x": {
								"Child": {
									"y": {
										"Values": [
											1.0,
											2.0
										],
										"result": "-KM"
									}
								},
								"Values": [
									{
										"y": 1.0
									},
									{
										"y": 2.0
									}
								],
								"result": "-KM"
							}
						},
						"Values": [
							{
								"x": {
									"y": 1.0
								}
							},
							{
								"x": {
									"y": 2.0
								}
							}
						],
						"result": "-KM"
					},
					[],
					"Values"
				],
				null
			],
			[
				3243413.0,
				"_C_ComparisonsOf2Variables_0101 (Child): InputArray snapshot 0",
				[
					{
						"x": {
							"y": 1.0
						}
					}
				],
				null
			],
			[
				3243415.0,
				"_C_ComparisonsOf2Variables_0101 (Child): InputArray snapshot 1",
				[
					{
						"x": {
							"y": 2.0
						}
					}
				],
				null
			],
			[
				3243416.0,
				"_C_ComparisonsOf2Variables_0101 (Child): InputArray snapshot 2",
				[
					27.0
				],
				null
			],
			[
				3243418.0,
				"_C_ComparisonsOf2Variables_0101 (Child): InputArray snapshot 3",
				[
					{
						"Child": {
							"x": {
								"Child": {
									"y": {
										"Values": [
											1.0,
											2.0
										],
										"result": "-KM"
									}
								},
								"Values": [
									{
										"y": 1.0
									},
									{
										"y": 2.0
									}
								],
								"result": "-KM"
							}
						},
						"Values": [
							{
								"x": {
									"y": 1.0
								}
							},
							{
								"x": {
									"y": 2.0
								}
							}
						],
						"result": "-KM"
					}
				],
				null
			],
			[
				3243419.0,
				"_C_ComparisonsOf2Variables_0101 (Child): InputArray snapshot 4",
				[
					[]
				],
				null
			],
			[
				3243420.0,
				"_C_ComparisonsOf2Variables_0101 (Child): InputArray snapshot 5",
				[
					"Values"
				],
				null
			],
			[
				3243422.0,
				"_C_ComparisonsOf2Variables_0101: key == \"result\"/\"Values\" -> skip, Further",
				[
					"Values"
				],
				null
			],
			[
				3244261.0,
				"UniversalBypass: visiting key",
				[
					"Child",
					[
						"Child"
					]
				],
				null
			],
			[
				3244270.0,
				"Class_Help.FunctionCall: Node(Class_ArrayAndOrDictionary)::_C_ComparisonsOf2Variables_0101",
				[
					{
						"x": {
							"y": 1.0
						}
					},
					{
						"x": {
							"y": 2.0
						}
					},
					27.0,
					{
						"Child": {
							"x": {
								"Child": {
									"y": {
										"Values": [
											1.0,
											2.0
										],
										"result": "-KM"
									}
								},
								"Values": [
									{
										"y": 1.0
									},
									{
										"y": 2.0
									}
								],
								"result": "-KM"
							}
						},
						"Values": [
							{
								"x": {
									"y": 1.0
								}
							},
							{
								"x": {
									"y": 2.0
								}
							}
						],
						"result": "-KM"
					},
					[],
					"Child"
				],
				null
			],
			[
				3244272.0,
				"_C_ComparisonsOf2Variables_0101 (Child): InputArray snapshot 0",
				[
					{
						"x": {
							"y": 1.0
						}
					}
				],
				null
			],
			[
				3244273.0,
				"_C_ComparisonsOf2Variables_0101 (Child): InputArray snapshot 1",
				[
					{
						"x": {
							"y": 2.0
						}
					}
				],
				null
			],
			[
				3244275.0,
				"_C_ComparisonsOf2Variables_0101 (Child): InputArray snapshot 2",
				[
					27.0
				],
				null
			],
			[
				3244276.0,
				"_C_ComparisonsOf2Variables_0101 (Child): InputArray snapshot 3",
				[
					{
						"Child": {
							"x": {
								"Child": {
									"y": {
										"Values": [
											1.0,
											2.0
										],
										"result": "-KM"
									}
								},
								"Values": [
									{
										"y": 1.0
									},
									{
										"y": 2.0
									}
								],
								"result": "-KM"
							}
						},
						"Values": [
							{
								"x": {
									"y": 1.0
								}
							},
							{
								"x": {
									"y": 2.0
								}
							}
						],
						"result": "-KM"
					}
				],
				null
			],
			[
				3244278.0,
				"_C_ComparisonsOf2Variables_0101 (Child): InputArray snapshot 4",
				[
					[]
				],
				null
			],
			[
				3244279.0,
				"_C_ComparisonsOf2Variables_0101 (Child): InputArray snapshot 5",
				[
					"Child"
				],
				null
			],
			[
				3244281.0,
				"_C_ComparisonsOf2Variables_0101: key == \"Child\" -> just Deeper, no recompute",
				[],
				null
			],
			[
				3244284.0,
				"UniversalBypass: Deeper, recursing",
				[
					"Child",
					1.0
				],
				null
			],
			[
				3245189.0,
				"UniversalBypass: visiting key",
				[
					"x",
					[
						"Child",
						"x"
					]
				],
				null
			],
			[
				3245200.0,
				"Class_Help.FunctionCall: Node(Class_ArrayAndOrDictionary)::_C_ComparisonsOf2Variables_0101",
				[
					{
						"x": {
							"y": 1.0
						}
					},
					{
						"x": {
							"y": 2.0
						}
					},
					27.0,
					{
						"x": {
							"Child": {
								"y": {
									"Values": [
										1.0,
										2.0
									],
									"result": "-KM"
								}
							},
							"Values": [
								{
									"y": 1.0
								},
								{
									"y": 2.0
								}
							],
							"result": "-KM"
						}
					},
					[],
					"x"
				],
				null
			],
			[
				3245202.0,
				"_C_ComparisonsOf2Variables_0101 (Child): InputArray snapshot 0",
				[
					{
						"x": {
							"y": 1.0
						}
					}
				],
				null
			],
			[
				3245205.0,
				"_C_ComparisonsOf2Variables_0101 (Child): InputArray snapshot 1",
				[
					{
						"x": {
							"y": 2.0
						}
					}
				],
				null
			],
			[
				3245207.0,
				"_C_ComparisonsOf2Variables_0101 (Child): InputArray snapshot 2",
				[
					27.0
				],
				null
			],
			[
				3245208.0,
				"_C_ComparisonsOf2Variables_0101 (Child): InputArray snapshot 3",
				[
					{
						"x": {
							"Child": {
								"y": {
									"Values": [
										1.0,
										2.0
									],
									"result": "-KM"
								}
							},
							"Values": [
								{
									"y": 1.0
								},
								{
									"y": 2.0
								}
							],
							"result": "-KM"
						}
					}
				],
				null
			],
			[
				3245211.0,
				"_C_ComparisonsOf2Variables_0101 (Child): InputArray snapshot 4",
				[
					[]
				],
				null
			],
			[
				3245212.0,
				"_C_ComparisonsOf2Variables_0101 (Child): InputArray snapshot 5",
				[
					"x"
				],
				null
			],
			[
				3245228.0,
				"Class_Help.FunctionCall: Node(Class_ArrayAndOrDictionary)::_PAW_CO2V",
				[
					{
						"x": {
							"y": 1.0
						}
					},
					{
						"x": {
							"y": 1.0
						}
					},
					"Child"
				],
				null
			],
			[
				3245233.0,
				"_PAW_CO2V: elPA == Child -> skip this level",
				[
					"Child"
				],
				"flagPassageAlongWay=false"
			],
			[
				3246168.0,
				"PassageAlongWay: Not flagPassageAlongWay, staying at current level",
				[
					"Child"
				],
				null
			],
			[
				3246179.0,
				"Class_Help.FunctionCall: Node(Class_ArrayAndOrDictionary)::_PAW_CO2V",
				[
					{
						"x": {
							"y": 1.0
						}
					},
					{
						"x": {
							"y": 1.0
						}
					},
					"x"
				],
				null
			],
			[
				3246184.0,
				"PassageAlongWay: Good flagPassageAlongWay, stepping into",
				[
					"x"
				],
				null
			],
			[
				3246193.0,
				"Class_Help.FunctionCall: Node(Class_ArrayAndOrDictionary)::_PAW_CO2V",
				[
					{
						"x": {
							"y": 2.0
						}
					},
					{
						"x": {
							"y": 2.0
						}
					},
					"Child"
				],
				null
			],
			[
				3246195.0,
				"_PAW_CO2V: elPA == Child -> skip this level",
				[
					"Child"
				],
				"flagPassageAlongWay=false"
			],
			[
				3246198.0,
				"PassageAlongWay: Not flagPassageAlongWay, staying at current level",
				[
					"Child"
				],
				null
			],
			[
				3246205.0,
				"Class_Help.FunctionCall: Node(Class_ArrayAndOrDictionary)::_PAW_CO2V",
				[
					{
						"x": {
							"y": 2.0
						}
					},
					{
						"x": {
							"y": 2.0
						}
					},
					"x"
				],
				null
			],
			[
				3246207.0,
				"PassageAlongWay: Good flagPassageAlongWay, stepping into",
				[
					"x"
				],
				null
			],
			[
				3246210.0,
				"_C_ComparisonsOf2Variables_0101: Child branch entered",
				[
					[
						"Child",
						"x"
					]
				],
				null
			],
			[
				3246212.0,
				"_C_ComparisonsOf2Variables_0101: both Dictionary, not equal -> Deeper",
				[],
				null
			],
			[
				3247141.0,
				"UniversalBypass: Deeper, recursing",
				[
					"x",
					2.0
				],
				null
			],
			[
				3247146.0,
				"UniversalBypass: visiting key",
				[
					"result",
					[
						"Child",
						"x",
						"result"
					]
				],
				null
			],
			[
				3247153.0,
				"Class_Help.FunctionCall: Node(Class_ArrayAndOrDictionary)::_C_ComparisonsOf2Variables_0101",
				[
					{
						"x": {
							"y": 1.0
						}
					},
					{
						"x": {
							"y": 2.0
						}
					},
					27.0,
					{
						"Child": {
							"y": {
								"Values": [
									1.0,
									2.0
								],
								"result": "-KM"
							}
						},
						"Values": [
							{
								"y": 1.0
							},
							{
								"y": 2.0
							}
						],
						"result": "-KM"
					},
					[],
					"result"
				],
				null
			],
			[
				3247155.0,
				"_C_ComparisonsOf2Variables_0101 (Child): InputArray snapshot 0",
				[
					{
						"x": {
							"y": 1.0
						}
					}
				],
				null
			],
			[
				3247157.0,
				"_C_ComparisonsOf2Variables_0101 (Child): InputArray snapshot 1",
				[
					{
						"x": {
							"y": 2.0
						}
					}
				],
				null
			],
			[
				3247158.0,
				"_C_ComparisonsOf2Variables_0101 (Child): InputArray snapshot 2",
				[
					27.0
				],
				null
			],
			[
				3247160.0,
				"_C_ComparisonsOf2Variables_0101 (Child): InputArray snapshot 3",
				[
					{
						"Child": {
							"y": {
								"Values": [
									1.0,
									2.0
								],
								"result": "-KM"
							}
						},
						"Values": [
							{
								"y": 1.0
							},
							{
								"y": 2.0
							}
						],
						"result": "-KM"
					}
				],
				null
			],
			[
				3247161.0,
				"_C_ComparisonsOf2Variables_0101 (Child): InputArray snapshot 4",
				[
					[]
				],
				null
			],
			[
				3247162.0,
				"_C_ComparisonsOf2Variables_0101 (Child): InputArray snapshot 5",
				[
					"result"
				],
				null
			],
			[
				3247164.0,
				"_C_ComparisonsOf2Variables_0101: key == \"result\"/\"Values\" -> skip, Further",
				[
					"result"
				],
				null
			],
			[
				3248220.0,
				"UniversalBypass: visiting key",
				[
					"Values",
					[
						"Child",
						"x",
						"Values"
					]
				],
				null
			],
			[
				3248229.0,
				"Class_Help.FunctionCall: Node(Class_ArrayAndOrDictionary)::_C_ComparisonsOf2Variables_0101",
				[
					{
						"x": {
							"y": 1.0
						}
					},
					{
						"x": {
							"y": 2.0
						}
					},
					27.0,
					{
						"Child": {
							"y": {
								"Values": [
									1.0,
									2.0
								],
								"result": "-KM"
							}
						},
						"Values": [
							{
								"y": 1.0
							},
							{
								"y": 2.0
							}
						],
						"result": "-KM"
					},
					[],
					"Values"
				],
				null
			],
			[
				3248231.0,
				"_C_ComparisonsOf2Variables_0101 (Child): InputArray snapshot 0",
				[
					{
						"x": {
							"y": 1.0
						}
					}
				],
				null
			],
			[
				3248232.0,
				"_C_ComparisonsOf2Variables_0101 (Child): InputArray snapshot 1",
				[
					{
						"x": {
							"y": 2.0
						}
					}
				],
				null
			],
			[
				3248234.0,
				"_C_ComparisonsOf2Variables_0101 (Child): InputArray snapshot 2",
				[
					27.0
				],
				null
			],
			[
				3248235.0,
				"_C_ComparisonsOf2Variables_0101 (Child): InputArray snapshot 3",
				[
					{
						"Child": {
							"y": {
								"Values": [
									1.0,
									2.0
								],
								"result": "-KM"
							}
						},
						"Values": [
							{
								"y": 1.0
							},
							{
								"y": 2.0
							}
						],
						"result": "-KM"
					}
				],
				null
			],
			[
				3248237.0,
				"_C_ComparisonsOf2Variables_0101 (Child): InputArray snapshot 4",
				[
					[]
				],
				null
			],
			[
				3248238.0,
				"_C_ComparisonsOf2Variables_0101 (Child): InputArray snapshot 5",
				[
					"Values"
				],
				null
			],
			[
				3248240.0,
				"_C_ComparisonsOf2Variables_0101: key == \"result\"/\"Values\" -> skip, Further",
				[
					"Values"
				],
				null
			],
			[
				3248243.0,
				"UniversalBypass: visiting key",
				[
					"Child",
					[
						"Child",
						"x",
						"Child"
					]
				],
				null
			],
			[
				3249349.0,
				"Class_Help.FunctionCall: Node(Class_ArrayAndOrDictionary)::_C_ComparisonsOf2Variables_0101",
				[
					{
						"x": {
							"y": 1.0
						}
					},
					{
						"x": {
							"y": 2.0
						}
					},
					27.0,
					{
						"Child": {
							"y": {
								"Values": [
									1.0,
									2.0
								],
								"result": "-KM"
							}
						},
						"Values": [
							{
								"y": 1.0
							},
							{
								"y": 2.0
							}
						],
						"result": "-KM"
					},
					[],
					"Child"
				],
				null
			],
			[
				3249351.0,
				"_C_ComparisonsOf2Variables_0101 (Child): InputArray snapshot 0",
				[
					{
						"x": {
							"y": 1.0
						}
					}
				],
				null
			],
			[
				3249353.0,
				"_C_ComparisonsOf2Variables_0101 (Child): InputArray snapshot 1",
				[
					{
						"x": {
							"y": 2.0
						}
					}
				],
				null
			],
			[
				3249354.0,
				"_C_ComparisonsOf2Variables_0101 (Child): InputArray snapshot 2",
				[
					27.0
				],
				null
			],
			[
				3249356.0,
				"_C_ComparisonsOf2Variables_0101 (Child): InputArray snapshot 3",
				[
					{
						"Child": {
							"y": {
								"Values": [
									1.0,
									2.0
								],
								"result": "-KM"
							}
						},
						"Values": [
							{
								"y": 1.0
							},
							{
								"y": 2.0
							}
						],
						"result": "-KM"
					}
				],
				null
			],
			[
				3249357.0,
				"_C_ComparisonsOf2Variables_0101 (Child): InputArray snapshot 4",
				[
					[]
				],
				null
			],
			[
				3249359.0,
				"_C_ComparisonsOf2Variables_0101 (Child): InputArray snapshot 5",
				[
					"Child"
				],
				null
			],
			[
				3249361.0,
				"_C_ComparisonsOf2Variables_0101: key == \"Child\" -> just Deeper, no recompute",
				[],
				null
			],
			[
				3249364.0,
				"UniversalBypass: Deeper, recursing",
				[
					"Child",
					3.0
				],
				null
			],
			[
				3249369.0,
				"UniversalBypass: visiting key",
				[
					"y",
					[
						"Child",
						"x",
						"Child",
						"y"
					]
				],
				null
			],
			[
				3250819.0,
				"Class_Help.FunctionCall: Node(Class_ArrayAndOrDictionary)::_C_ComparisonsOf2Variables_0101",
				[
					{
						"x": {
							"y": 1.0
						}
					},
					{
						"x": {
							"y": 2.0
						}
					},
					27.0,
					{
						"y": {
							"Values": [
								1.0,
								2.0
							],
							"result": "-KM"
						}
					},
					[],
					"y"
				],
				null
			],
			[
				3250825.0,
				"_C_ComparisonsOf2Variables_0101 (Child): InputArray snapshot 0",
				[
					{
						"x": {
							"y": 1.0
						}
					}
				],
				null
			],
			[
				3250827.0,
				"_C_ComparisonsOf2Variables_0101 (Child): InputArray snapshot 1",
				[
					{
						"x": {
							"y": 2.0
						}
					}
				],
				null
			],
			[
				3250829.0,
				"_C_ComparisonsOf2Variables_0101 (Child): InputArray snapshot 2",
				[
					27.0
				],
				null
			],
			[
				3250831.0,
				"_C_ComparisonsOf2Variables_0101 (Child): InputArray snapshot 3",
				[
					{
						"y": {
							"Values": [
								1.0,
								2.0
							],
							"result": "-KM"
						}
					}
				],
				null
			],
			[
				3250832.0,
				"_C_ComparisonsOf2Variables_0101 (Child): InputArray snapshot 4",
				[
					[]
				],
				null
			],
			[
				3250834.0,
				"_C_ComparisonsOf2Variables_0101 (Child): InputArray snapshot 5",
				[
					"y"
				],
				null
			],
			[
				3250851.0,
				"Class_Help.FunctionCall: Node(Class_ArrayAndOrDictionary)::_PAW_CO2V",
				[
					{
						"x": {
							"y": 1.0
						}
					},
					{
						"x": {
							"y": 1.0
						}
					},
					"Child"
				],
				null
			],
			[
				3250855.0,
				"_PAW_CO2V: elPA == Child -> skip this level",
				[
					"Child"
				],
				"flagPassageAlongWay=false"
			],
			[
				3250860.0,
				"PassageAlongWay: Not flagPassageAlongWay, staying at current level",
				[
					"Child"
				],
				null
			],
			[
				3252275.0,
				"Class_Help.FunctionCall: Node(Class_ArrayAndOrDictionary)::_PAW_CO2V",
				[
					{
						"x": {
							"y": 1.0
						}
					},
					{
						"x": {
							"y": 1.0
						}
					},
					"x"
				],
				null
			],
			[
				3252284.0,
				"PassageAlongWay: Good flagPassageAlongWay, stepping into",
				[
					"x"
				],
				null
			],
			[
				3252293.0,
				"Class_Help.FunctionCall: Node(Class_ArrayAndOrDictionary)::_PAW_CO2V",
				[
					{
						"y": 1.0
					},
					{
						"x": {
							"y": 1.0
						}
					},
					"Child"
				],
				null
			],
			[
				3252295.0,
				"_PAW_CO2V: elPA == Child -> skip this level",
				[
					"Child"
				],
				"flagPassageAlongWay=false"
			],
			[
				3252298.0,
				"PassageAlongWay: Not flagPassageAlongWay, staying at current level",
				[
					"Child"
				],
				null
			],
			[
				3252304.0,
				"Class_Help.FunctionCall: Node(Class_ArrayAndOrDictionary)::_PAW_CO2V",
				[
					{
						"y": 1.0
					},
					{
						"x": {
							"y": 1.0
						}
					},
					"y"
				],
				null
			],
			[
				3252307.0,
				"PassageAlongWay: Good flagPassageAlongWay, stepping into",
				[
					"y"
				],
				null
			],
			[
				3252317.0,
				"Class_Help.FunctionCall: Node(Class_ArrayAndOrDictionary)::_PAW_CO2V",
				[
					{
						"x": {
							"y": 2.0
						}
					},
					{
						"x": {
							"y": 2.0
						}
					},
					"Child"
				],
				null
			],
			[
				3252319.0,
				"_PAW_CO2V: elPA == Child -> skip this level",
				[
					"Child"
				],
				"flagPassageAlongWay=false"
			],
			[
				3252322.0,
				"PassageAlongWay: Not flagPassageAlongWay, staying at current level",
				[
					"Child"
				],
				null
			],
			[
				3253525.0,
				"Class_Help.FunctionCall: Node(Class_ArrayAndOrDictionary)::_PAW_CO2V",
				[
					{
						"x": {
							"y": 2.0
						}
					},
					{
						"x": {
							"y": 2.0
						}
					},
					"x"
				],
				null
			],
			[
				3253530.0,
				"PassageAlongWay: Good flagPassageAlongWay, stepping into",
				[
					"x"
				],
				null
			],
			[
				3253536.0,
				"Class_Help.FunctionCall: Node(Class_ArrayAndOrDictionary)::_PAW_CO2V",
				[
					{
						"y": 2.0
					},
					{
						"x": {
							"y": 2.0
						}
					},
					"Child"
				],
				null
			],
			[
				3253538.0,
				"_PAW_CO2V: elPA == Child -> skip this level",
				[
					"Child"
				],
				"flagPassageAlongWay=false"
			],
			[
				3253541.0,
				"PassageAlongWay: Not flagPassageAlongWay, staying at current level",
				[
					"Child"
				],
				null
			],
			[
				3253547.0,
				"Class_Help.FunctionCall: Node(Class_ArrayAndOrDictionary)::_PAW_CO2V",
				[
					{
						"y": 2.0
					},
					{
						"x": {
							"y": 2.0
						}
					},
					"y"
				],
				null
			],
			[
				3253550.0,
				"PassageAlongWay: Good flagPassageAlongWay, stepping into",
				[
					"y"
				],
				null
			],
			[
				3253553.0,
				"_C_ComparisonsOf2Variables_0101: Child branch entered",
				[
					[
						"Child",
						"x",
						"Child",
						"y"
					]
				],
				null
			],
			[
				3253556.0,
				"_C_ComparisonsOf2Variables_0101: same type, not equal, not Dictionary -> -KM -> Further",
				[],
				null
			],
			[
				3253578.0,
				"_CP_CO2V: recomputing aggregated result from children",
				[
					{
						"+": 0.0,
						"-": 1.0,
						"<": 0.0,
						">": 0.0,
						"~": 0.0,
						"~-": 0.0,
						"~<": 0.0,
						"~<-": 0.0,
						"~>": 0.0,
						"~>-": 0.0
					}
				],
				null
			],
			[
				3254752.0,
				"_CP_CO2V: result recomputed",
				[],
				"-KM"
			],
			[
				3254760.0,
				"_CP_CO2V: recomputing aggregated result from children",
				[
					{
						"+": 0.0,
						"-": 1.0,
						"<": 0.0,
						">": 0.0,
						"~": 0.0,
						"~-": 0.0,
						"~<": 0.0,
						"~<-": 0.0,
						"~>": 0.0,
						"~>-": 0.0
					}
				],
				null
			],
			[
				3254764.0,
				"_CP_CO2V: result recomputed",
				[],
				"-KM"
			],
			[
				3254770.0,
				"Stream finished: Test:nested_diff",
				[],
				null
			]
		],
		"6": [
			[
				3263707.0,
				"Stream created: Test:array_equal",
				[],
				null
			],
			[
				3265239.0,
				"fC_ComparisonsOf2Variables_0101: types match",
				[
					{
						"arr": [
							1.0,
							2.0
						]
					},
					{
						"arr": [
							1.0,
							2.0
						]
					}
				],
				null
			],
			[
				3265243.0,
				"fC_ComparisonsOf2Variables_0101: fully equal -> +KM",
				[],
				"result=+KM"
			],
			[
				3265247.0,
				"Stream finished: Test:array_equal",
				[],
				null
			]
		],
		"7": [
			[
				3274893.0,
				"Stream created: Test:array_diff",
				[],
				null
			],
			[
				3284694.0,
				"fC_ComparisonsOf2Variables_0101: types match",
				[
					{
						"arr": [
							1.0,
							2.0
						]
					},
					{
						"arr": [
							1.0,
							3.0
						]
					}
				],
				null
			],
			[
				3284702.0,
				"fC_ComparisonsOf2Variables_0101: both Dictionary, not equal -> diff by key",
				[
					[
						"arr"
					],
					[
						"arr"
					]
				],
				null
			],
			[
				3284724.0,
				"UniversalBypass: visiting key",
				[
					"result",
					[
						"result"
					]
				],
				null
			],
			[
				3284744.0,
				"Class_Help.FunctionCall: Node(Class_ArrayAndOrDictionary)::_C_ComparisonsOf2Variables_0101",
				[
					{
						"arr": [
							1.0,
							2.0
						]
					},
					{
						"arr": [
							1.0,
							3.0
						]
					},
					27.0,
					{
						"Child": {
							"arr": {
								"Values": [
									[
										1.0,
										2.0
									],
									[
										1.0,
										3.0
									]
								],
								"result": "-KM"
							}
						},
						"Values": [
							{
								"arr": [
									1.0,
									2.0
								]
							},
							{
								"arr": [
									1.0,
									3.0
								]
							}
						],
						"result": "-KM"
					},
					[],
					"result"
				],
				null
			],
			[
				3284750.0,
				"_C_ComparisonsOf2Variables_0101 (Child): InputArray snapshot 0",
				[
					{
						"arr": [
							1.0,
							2.0
						]
					}
				],
				null
			],
			[
				3284753.0,
				"_C_ComparisonsOf2Variables_0101 (Child): InputArray snapshot 1",
				[
					{
						"arr": [
							1.0,
							3.0
						]
					}
				],
				null
			],
			[
				3284756.0,
				"_C_ComparisonsOf2Variables_0101 (Child): InputArray snapshot 2",
				[
					27.0
				],
				null
			],
			[
				3284758.0,
				"_C_ComparisonsOf2Variables_0101 (Child): InputArray snapshot 3",
				[
					{
						"Child": {
							"arr": {
								"Values": [
									[
										1.0,
										2.0
									],
									[
										1.0,
										3.0
									]
								],
								"result": "-KM"
							}
						},
						"Values": [
							{
								"arr": [
									1.0,
									2.0
								]
							},
							{
								"arr": [
									1.0,
									3.0
								]
							}
						],
						"result": "-KM"
					}
				],
				null
			],
			[
				3284760.0,
				"_C_ComparisonsOf2Variables_0101 (Child): InputArray snapshot 4",
				[
					[]
				],
				null
			],
			[
				3284763.0,
				"_C_ComparisonsOf2Variables_0101 (Child): InputArray snapshot 5",
				[
					"result"
				],
				null
			],
			[
				3286207.0,
				"_C_ComparisonsOf2Variables_0101: key == \"result\"/\"Values\" -> skip, Further",
				[
					"result"
				],
				null
			],
			[
				3286216.0,
				"UniversalBypass: visiting key",
				[
					"Values",
					[
						"Values"
					]
				],
				null
			],
			[
				3286225.0,
				"Class_Help.FunctionCall: Node(Class_ArrayAndOrDictionary)::_C_ComparisonsOf2Variables_0101",
				[
					{
						"arr": [
							1.0,
							2.0
						]
					},
					{
						"arr": [
							1.0,
							3.0
						]
					},
					27.0,
					{
						"Child": {
							"arr": {
								"Values": [
									[
										1.0,
										2.0
									],
									[
										1.0,
										3.0
									]
								],
								"result": "-KM"
							}
						},
						"Values": [
							{
								"arr": [
									1.0,
									2.0
								]
							},
							{
								"arr": [
									1.0,
									3.0
								]
							}
						],
						"result": "-KM"
					},
					[],
					"Values"
				],
				null
			],
			[
				3286228.0,
				"_C_ComparisonsOf2Variables_0101 (Child): InputArray snapshot 0",
				[
					{
						"arr": [
							1.0,
							2.0
						]
					}
				],
				null
			],
			[
				3286230.0,
				"_C_ComparisonsOf2Variables_0101 (Child): InputArray snapshot 1",
				[
					{
						"arr": [
							1.0,
							3.0
						]
					}
				],
				null
			],
			[
				3286231.0,
				"_C_ComparisonsOf2Variables_0101 (Child): InputArray snapshot 2",
				[
					27.0
				],
				null
			],
			[
				3286232.0,
				"_C_ComparisonsOf2Variables_0101 (Child): InputArray snapshot 3",
				[
					{
						"Child": {
							"arr": {
								"Values": [
									[
										1.0,
										2.0
									],
									[
										1.0,
										3.0
									]
								],
								"result": "-KM"
							}
						},
						"Values": [
							{
								"arr": [
									1.0,
									2.0
								]
							},
							{
								"arr": [
									1.0,
									3.0
								]
							}
						],
						"result": "-KM"
					}
				],
				null
			],
			[
				3286234.0,
				"_C_ComparisonsOf2Variables_0101 (Child): InputArray snapshot 4",
				[
					[]
				],
				null
			],
			[
				3286235.0,
				"_C_ComparisonsOf2Variables_0101 (Child): InputArray snapshot 5",
				[
					"Values"
				],
				null
			],
			[
				3286237.0,
				"_C_ComparisonsOf2Variables_0101: key == \"result\"/\"Values\" -> skip, Further",
				[
					"Values"
				],
				null
			],
			[
				3287590.0,
				"UniversalBypass: visiting key",
				[
					"Child",
					[
						"Child"
					]
				],
				null
			],
			[
				3287598.0,
				"Class_Help.FunctionCall: Node(Class_ArrayAndOrDictionary)::_C_ComparisonsOf2Variables_0101",
				[
					{
						"arr": [
							1.0,
							2.0
						]
					},
					{
						"arr": [
							1.0,
							3.0
						]
					},
					27.0,
					{
						"Child": {
							"arr": {
								"Values": [
									[
										1.0,
										2.0
									],
									[
										1.0,
										3.0
									]
								],
								"result": "-KM"
							}
						},
						"Values": [
							{
								"arr": [
									1.0,
									2.0
								]
							},
							{
								"arr": [
									1.0,
									3.0
								]
							}
						],
						"result": "-KM"
					},
					[],
					"Child"
				],
				null
			],
			[
				3287600.0,
				"_C_ComparisonsOf2Variables_0101 (Child): InputArray snapshot 0",
				[
					{
						"arr": [
							1.0,
							2.0
						]
					}
				],
				null
			],
			[
				3287601.0,
				"_C_ComparisonsOf2Variables_0101 (Child): InputArray snapshot 1",
				[
					{
						"arr": [
							1.0,
							3.0
						]
					}
				],
				null
			],
			[
				3287603.0,
				"_C_ComparisonsOf2Variables_0101 (Child): InputArray snapshot 2",
				[
					27.0
				],
				null
			],
			[
				3287604.0,
				"_C_ComparisonsOf2Variables_0101 (Child): InputArray snapshot 3",
				[
					{
						"Child": {
							"arr": {
								"Values": [
									[
										1.0,
										2.0
									],
									[
										1.0,
										3.0
									]
								],
								"result": "-KM"
							}
						},
						"Values": [
							{
								"arr": [
									1.0,
									2.0
								]
							},
							{
								"arr": [
									1.0,
									3.0
								]
							}
						],
						"result": "-KM"
					}
				],
				null
			],
			[
				3287606.0,
				"_C_ComparisonsOf2Variables_0101 (Child): InputArray snapshot 4",
				[
					[]
				],
				null
			],
			[
				3287607.0,
				"_C_ComparisonsOf2Variables_0101 (Child): InputArray snapshot 5",
				[
					"Child"
				],
				null
			],
			[
				3287608.0,
				"_C_ComparisonsOf2Variables_0101: key == \"Child\" -> just Deeper, no recompute",
				[],
				null
			],
			[
				3287613.0,
				"UniversalBypass: Deeper, recursing",
				[
					"Child",
					1.0
				],
				null
			],
			[
				3288931.0,
				"UniversalBypass: visiting key",
				[
					"arr",
					[
						"Child",
						"arr"
					]
				],
				null
			],
			[
				3288939.0,
				"Class_Help.FunctionCall: Node(Class_ArrayAndOrDictionary)::_C_ComparisonsOf2Variables_0101",
				[
					{
						"arr": [
							1.0,
							2.0
						]
					},
					{
						"arr": [
							1.0,
							3.0
						]
					},
					27.0,
					{
						"arr": {
							"Values": [
								[
									1.0,
									2.0
								],
								[
									1.0,
									3.0
								]
							],
							"result": "-KM"
						}
					},
					[],
					"arr"
				],
				null
			],
			[
				3288941.0,
				"_C_ComparisonsOf2Variables_0101 (Child): InputArray snapshot 0",
				[
					{
						"arr": [
							1.0,
							2.0
						]
					}
				],
				null
			],
			[
				3288943.0,
				"_C_ComparisonsOf2Variables_0101 (Child): InputArray snapshot 1",
				[
					{
						"arr": [
							1.0,
							3.0
						]
					}
				],
				null
			],
			[
				3288944.0,
				"_C_ComparisonsOf2Variables_0101 (Child): InputArray snapshot 2",
				[
					27.0
				],
				null
			],
			[
				3288946.0,
				"_C_ComparisonsOf2Variables_0101 (Child): InputArray snapshot 3",
				[
					{
						"arr": {
							"Values": [
								[
									1.0,
									2.0
								],
								[
									1.0,
									3.0
								]
							],
							"result": "-KM"
						}
					}
				],
				null
			],
			[
				3288947.0,
				"_C_ComparisonsOf2Variables_0101 (Child): InputArray snapshot 4",
				[
					[]
				],
				null
			],
			[
				3288948.0,
				"_C_ComparisonsOf2Variables_0101 (Child): InputArray snapshot 5",
				[
					"arr"
				],
				null
			],
			[
				3288961.0,
				"Class_Help.FunctionCall: Node(Class_ArrayAndOrDictionary)::_PAW_CO2V",
				[
					{
						"arr": [
							1.0,
							2.0
						]
					},
					{
						"arr": [
							1.0,
							2.0
						]
					},
					"Child"
				],
				null
			],
			[
				3288964.0,
				"_PAW_CO2V: elPA == Child -> skip this level",
				[
					"Child"
				],
				"flagPassageAlongWay=false"
			],
			[
				3290358.0,
				"PassageAlongWay: Not flagPassageAlongWay, staying at current level",
				[
					"Child"
				],
				null
			],
			[
				3290368.0,
				"Class_Help.FunctionCall: Node(Class_ArrayAndOrDictionary)::_PAW_CO2V",
				[
					{
						"arr": [
							1.0,
							2.0
						]
					},
					{
						"arr": [
							1.0,
							2.0
						]
					},
					"arr"
				],
				null
			],
			[
				3290373.0,
				"PassageAlongWay: Good flagPassageAlongWay, stepping into",
				[
					"arr"
				],
				null
			],
			[
				3290383.0,
				"Class_Help.FunctionCall: Node(Class_ArrayAndOrDictionary)::_PAW_CO2V",
				[
					{
						"arr": [
							1.0,
							3.0
						]
					},
					{
						"arr": [
							1.0,
							3.0
						]
					},
					"Child"
				],
				null
			],
			[
				3290385.0,
				"_PAW_CO2V: elPA == Child -> skip this level",
				[
					"Child"
				],
				"flagPassageAlongWay=false"
			],
			[
				3290388.0,
				"PassageAlongWay: Not flagPassageAlongWay, staying at current level",
				[
					"Child"
				],
				null
			],
			[
				3290394.0,
				"Class_Help.FunctionCall: Node(Class_ArrayAndOrDictionary)::_PAW_CO2V",
				[
					{
						"arr": [
							1.0,
							3.0
						]
					},
					{
						"arr": [
							1.0,
							3.0
						]
					},
					"arr"
				],
				null
			],
			[
				3290397.0,
				"PassageAlongWay: Good flagPassageAlongWay, stepping into",
				[
					"arr"
				],
				null
			],
			[
				3290399.0,
				"_C_ComparisonsOf2Variables_0101: Child branch entered",
				[
					[
						"Child",
						"arr"
					]
				],
				null
			],
			[
				3290402.0,
				"_C_ComparisonsOf2Variables_0101: same type, not equal, not Dictionary -> -KM -> Further",
				[],
				null
			],
			[
				3291863.0,
				"_CP_CO2V: recomputing aggregated result from children",
				[
					{
						"+": 0.0,
						"-": 1.0,
						"<": 0.0,
						">": 0.0,
						"~": 0.0,
						"~-": 0.0,
						"~<": 0.0,
						"~<-": 0.0,
						"~>": 0.0,
						"~>-": 0.0
					}
				],
				null
			],
			[
				3291868.0,
				"_CP_CO2V: result recomputed",
				[],
				"-KM"
			],
			[
				3291875.0,
				"Stream finished: Test:array_diff",
				[],
				null
			]
		],
		"8": [
			[
				3300511.0,
				"Stream created: Test:complex_mix",
				[],
				null
			],
			[
				3302825.0,
				"fC_ComparisonsOf2Variables_0101: types match",
				[
					{
						"a": 1.0,
						"b": 2.0
					},
					{
						"a": 1.0,
						"c": 3.0
					}
				],
				null
			],
			[
				3302831.0,
				"fC_ComparisonsOf2Variables_0101: both Dictionary, not equal -> diff by key",
				[
					[
						"a",
						"b"
					],
					[
						"a",
						"c"
					]
				],
				null
			],
			[
				3302856.0,
				"UniversalBypass: visiting key",
				[
					"result",
					[
						"result"
					]
				],
				null
			],
			[
				3302874.0,
				"Class_Help.FunctionCall: Node(Class_ArrayAndOrDictionary)::_C_ComparisonsOf2Variables_0101",
				[
					{
						"a": 1.0,
						"b": 2.0
					},
					{
						"a": 1.0,
						"c": 3.0
					},
					27.0,
					{
						"Child": {
							"a": {
								"Values": [
									1.0,
									1.0
								],
								"result": "+KM"
							},
							"b": {
								"Values": [
									2.0
								],
								"result": ">"
							},
							"c": {
								"Values": [
									3.0
								],
								"result": "<"
							}
						},
						"Values": [
							{
								"a": 1.0,
								"b": 2.0
							},
							{
								"a": 1.0,
								"c": 3.0
							}
						],
						"result": "~-KM"
					},
					[],
					"result"
				],
				null
			],
			[
				3302879.0,
				"_C_ComparisonsOf2Variables_0101 (Child): InputArray snapshot 0",
				[
					{
						"a": 1.0,
						"b": 2.0
					}
				],
				null
			],
			[
				3302881.0,
				"_C_ComparisonsOf2Variables_0101 (Child): InputArray snapshot 1",
				[
					{
						"a": 1.0,
						"c": 3.0
					}
				],
				null
			],
			[
				3302884.0,
				"_C_ComparisonsOf2Variables_0101 (Child): InputArray snapshot 2",
				[
					27.0
				],
				null
			],
			[
				3302885.0,
				"_C_ComparisonsOf2Variables_0101 (Child): InputArray snapshot 3",
				[
					{
						"Child": {
							"a": {
								"Values": [
									1.0,
									1.0
								],
								"result": "+KM"
							},
							"b": {
								"Values": [
									2.0
								],
								"result": ">"
							},
							"c": {
								"Values": [
									3.0
								],
								"result": "<"
							}
						},
						"Values": [
							{
								"a": 1.0,
								"b": 2.0
							},
							{
								"a": 1.0,
								"c": 3.0
							}
						],
						"result": "~-KM"
					}
				],
				null
			],
			[
				3302887.0,
				"_C_ComparisonsOf2Variables_0101 (Child): InputArray snapshot 4",
				[
					[]
				],
				null
			],
			[
				3302890.0,
				"_C_ComparisonsOf2Variables_0101 (Child): InputArray snapshot 5",
				[
					"result"
				],
				null
			],
			[
				3304377.0,
				"_C_ComparisonsOf2Variables_0101: key == \"result\"/\"Values\" -> skip, Further",
				[
					"result"
				],
				null
			],
			[
				3304384.0,
				"UniversalBypass: visiting key",
				[
					"Values",
					[
						"Values"
					]
				],
				null
			],
			[
				3304393.0,
				"Class_Help.FunctionCall: Node(Class_ArrayAndOrDictionary)::_C_ComparisonsOf2Variables_0101",
				[
					{
						"a": 1.0,
						"b": 2.0
					},
					{
						"a": 1.0,
						"c": 3.0
					},
					27.0,
					{
						"Child": {
							"a": {
								"Values": [
									1.0,
									1.0
								],
								"result": "+KM"
							},
							"b": {
								"Values": [
									2.0
								],
								"result": ">"
							},
							"c": {
								"Values": [
									3.0
								],
								"result": "<"
							}
						},
						"Values": [
							{
								"a": 1.0,
								"b": 2.0
							},
							{
								"a": 1.0,
								"c": 3.0
							}
						],
						"result": "~-KM"
					},
					[],
					"Values"
				],
				null
			],
			[
				3304397.0,
				"_C_ComparisonsOf2Variables_0101 (Child): InputArray snapshot 0",
				[
					{
						"a": 1.0,
						"b": 2.0
					}
				],
				null
			],
			[
				3304399.0,
				"_C_ComparisonsOf2Variables_0101 (Child): InputArray snapshot 1",
				[
					{
						"a": 1.0,
						"c": 3.0
					}
				],
				null
			],
			[
				3304400.0,
				"_C_ComparisonsOf2Variables_0101 (Child): InputArray snapshot 2",
				[
					27.0
				],
				null
			],
			[
				3304403.0,
				"_C_ComparisonsOf2Variables_0101 (Child): InputArray snapshot 3",
				[
					{
						"Child": {
							"a": {
								"Values": [
									1.0,
									1.0
								],
								"result": "+KM"
							},
							"b": {
								"Values": [
									2.0
								],
								"result": ">"
							},
							"c": {
								"Values": [
									3.0
								],
								"result": "<"
							}
						},
						"Values": [
							{
								"a": 1.0,
								"b": 2.0
							},
							{
								"a": 1.0,
								"c": 3.0
							}
						],
						"result": "~-KM"
					}
				],
				null
			],
			[
				3304404.0,
				"_C_ComparisonsOf2Variables_0101 (Child): InputArray snapshot 4",
				[
					[]
				],
				null
			],
			[
				3304406.0,
				"_C_ComparisonsOf2Variables_0101 (Child): InputArray snapshot 5",
				[
					"Values"
				],
				null
			],
			[
				3304408.0,
				"_C_ComparisonsOf2Variables_0101: key == \"result\"/\"Values\" -> skip, Further",
				[
					"Values"
				],
				null
			],
			[
				3305941.0,
				"UniversalBypass: visiting key",
				[
					"Child",
					[
						"Child"
					]
				],
				null
			],
			[
				3305950.0,
				"Class_Help.FunctionCall: Node(Class_ArrayAndOrDictionary)::_C_ComparisonsOf2Variables_0101",
				[
					{
						"a": 1.0,
						"b": 2.0
					},
					{
						"a": 1.0,
						"c": 3.0
					},
					27.0,
					{
						"Child": {
							"a": {
								"Values": [
									1.0,
									1.0
								],
								"result": "+KM"
							},
							"b": {
								"Values": [
									2.0
								],
								"result": ">"
							},
							"c": {
								"Values": [
									3.0
								],
								"result": "<"
							}
						},
						"Values": [
							{
								"a": 1.0,
								"b": 2.0
							},
							{
								"a": 1.0,
								"c": 3.0
							}
						],
						"result": "~-KM"
					},
					[],
					"Child"
				],
				null
			],
			[
				3305952.0,
				"_C_ComparisonsOf2Variables_0101 (Child): InputArray snapshot 0",
				[
					{
						"a": 1.0,
						"b": 2.0
					}
				],
				null
			],
			[
				3305954.0,
				"_C_ComparisonsOf2Variables_0101 (Child): InputArray snapshot 1",
				[
					{
						"a": 1.0,
						"c": 3.0
					}
				],
				null
			],
			[
				3305956.0,
				"_C_ComparisonsOf2Variables_0101 (Child): InputArray snapshot 2",
				[
					27.0
				],
				null
			],
			[
				3305957.0,
				"_C_ComparisonsOf2Variables_0101 (Child): InputArray snapshot 3",
				[
					{
						"Child": {
							"a": {
								"Values": [
									1.0,
									1.0
								],
								"result": "+KM"
							},
							"b": {
								"Values": [
									2.0
								],
								"result": ">"
							},
							"c": {
								"Values": [
									3.0
								],
								"result": "<"
							}
						},
						"Values": [
							{
								"a": 1.0,
								"b": 2.0
							},
							{
								"a": 1.0,
								"c": 3.0
							}
						],
						"result": "~-KM"
					}
				],
				null
			],
			[
				3305959.0,
				"_C_ComparisonsOf2Variables_0101 (Child): InputArray snapshot 4",
				[
					[]
				],
				null
			],
			[
				3305961.0,
				"_C_ComparisonsOf2Variables_0101 (Child): InputArray snapshot 5",
				[
					"Child"
				],
				null
			],
			[
				3305963.0,
				"_C_ComparisonsOf2Variables_0101: key == \"Child\" -> just Deeper, no recompute",
				[],
				null
			],
			[
				3305968.0,
				"UniversalBypass: Deeper, recursing",
				[
					"Child",
					1.0
				],
				null
			],
			[
				3307644.0,
				"UniversalBypass: visiting key",
				[
					"a",
					[
						"Child",
						"a"
					]
				],
				null
			],
			[
				3307653.0,
				"Class_Help.FunctionCall: Node(Class_ArrayAndOrDictionary)::_C_ComparisonsOf2Variables_0101",
				[
					{
						"a": 1.0,
						"b": 2.0
					},
					{
						"a": 1.0,
						"c": 3.0
					},
					27.0,
					{
						"a": {
							"Values": [
								1.0,
								1.0
							],
							"result": "+KM"
						},
						"b": {
							"Values": [
								2.0
							],
							"result": ">"
						},
						"c": {
							"Values": [
								3.0
							],
							"result": "<"
						}
					},
					[],
					"a"
				],
				null
			],
			[
				3307656.0,
				"_C_ComparisonsOf2Variables_0101 (Child): InputArray snapshot 0",
				[
					{
						"a": 1.0,
						"b": 2.0
					}
				],
				null
			],
			[
				3307658.0,
				"_C_ComparisonsOf2Variables_0101 (Child): InputArray snapshot 1",
				[
					{
						"a": 1.0,
						"c": 3.0
					}
				],
				null
			],
			[
				3307660.0,
				"_C_ComparisonsOf2Variables_0101 (Child): InputArray snapshot 2",
				[
					27.0
				],
				null
			],
			[
				3307661.0,
				"_C_ComparisonsOf2Variables_0101 (Child): InputArray snapshot 3",
				[
					{
						"a": {
							"Values": [
								1.0,
								1.0
							],
							"result": "+KM"
						},
						"b": {
							"Values": [
								2.0
							],
							"result": ">"
						},
						"c": {
							"Values": [
								3.0
							],
							"result": "<"
						}
					}
				],
				null
			],
			[
				3307662.0,
				"_C_ComparisonsOf2Variables_0101 (Child): InputArray snapshot 4",
				[
					[]
				],
				null
			],
			[
				3307664.0,
				"_C_ComparisonsOf2Variables_0101 (Child): InputArray snapshot 5",
				[
					"a"
				],
				null
			],
			[
				3307677.0,
				"Class_Help.FunctionCall: Node(Class_ArrayAndOrDictionary)::_PAW_CO2V",
				[
					{
						"a": 1.0,
						"b": 2.0
					},
					{
						"a": 1.0,
						"b": 2.0
					},
					"Child"
				],
				null
			],
			[
				3307686.0,
				"_PAW_CO2V: elPA == Child -> skip this level",
				[
					"Child"
				],
				"flagPassageAlongWay=false"
			],
			[
				3309401.0,
				"PassageAlongWay: Not flagPassageAlongWay, staying at current level",
				[
					"Child"
				],
				null
			],
			[
				3309421.0,
				"Class_Help.FunctionCall: Node(Class_ArrayAndOrDictionary)::_PAW_CO2V",
				[
					{
						"a": 1.0,
						"b": 2.0
					},
					{
						"a": 1.0,
						"b": 2.0
					},
					"a"
				],
				null
			],
			[
				3309428.0,
				"PassageAlongWay: Good flagPassageAlongWay, stepping into",
				[
					"a"
				],
				null
			],
			[
				3309440.0,
				"Class_Help.FunctionCall: Node(Class_ArrayAndOrDictionary)::_PAW_CO2V",
				[
					{
						"a": 1.0,
						"c": 3.0
					},
					{
						"a": 1.0,
						"c": 3.0
					},
					"Child"
				],
				null
			],
			[
				3309443.0,
				"_PAW_CO2V: elPA == Child -> skip this level",
				[
					"Child"
				],
				"flagPassageAlongWay=false"
			],
			[
				3309446.0,
				"PassageAlongWay: Not flagPassageAlongWay, staying at current level",
				[
					"Child"
				],
				null
			],
			[
				3309453.0,
				"Class_Help.FunctionCall: Node(Class_ArrayAndOrDictionary)::_PAW_CO2V",
				[
					{
						"a": 1.0,
						"c": 3.0
					},
					{
						"a": 1.0,
						"c": 3.0
					},
					"a"
				],
				null
			],
			[
				3309455.0,
				"PassageAlongWay: Good flagPassageAlongWay, stepping into",
				[
					"a"
				],
				null
			],
			[
				3309459.0,
				"_C_ComparisonsOf2Variables_0101: Child branch entered",
				[
					[
						"Child",
						"a"
					]
				],
				null
			],
			[
				3309462.0,
				"_C_ComparisonsOf2Variables_0101: equal -> +KM -> Further",
				[],
				null
			],
			[
				3311483.0,
				"UniversalBypass: visiting key",
				[
					"b",
					[
						"Child",
						"b"
					]
				],
				null
			],
			[
				3311498.0,
				"Class_Help.FunctionCall: Node(Class_ArrayAndOrDictionary)::_C_ComparisonsOf2Variables_0101",
				[
					{
						"a": 1.0,
						"b": 2.0
					},
					{
						"a": 1.0,
						"c": 3.0
					},
					27.0,
					{
						"a": {
							"Values": [
								1.0,
								1.0
							],
							"result": "+KM"
						},
						"b": {
							"Values": [
								2.0
							],
							"result": ">"
						},
						"c": {
							"Values": [
								3.0
							],
							"result": "<"
						}
					},
					[],
					"b"
				],
				null
			],
			[
				3311502.0,
				"_C_ComparisonsOf2Variables_0101 (Child): InputArray snapshot 0",
				[
					{
						"a": 1.0,
						"b": 2.0
					}
				],
				null
			],
			[
				3311503.0,
				"_C_ComparisonsOf2Variables_0101 (Child): InputArray snapshot 1",
				[
					{
						"a": 1.0,
						"c": 3.0
					}
				],
				null
			],
			[
				3311505.0,
				"_C_ComparisonsOf2Variables_0101 (Child): InputArray snapshot 2",
				[
					27.0
				],
				null
			],
			[
				3311506.0,
				"_C_ComparisonsOf2Variables_0101 (Child): InputArray snapshot 3",
				[
					{
						"a": {
							"Values": [
								1.0,
								1.0
							],
							"result": "+KM"
						},
						"b": {
							"Values": [
								2.0
							],
							"result": ">"
						},
						"c": {
							"Values": [
								3.0
							],
							"result": "<"
						}
					}
				],
				null
			],
			[
				3311508.0,
				"_C_ComparisonsOf2Variables_0101 (Child): InputArray snapshot 4",
				[
					[]
				],
				null
			],
			[
				3311509.0,
				"_C_ComparisonsOf2Variables_0101 (Child): InputArray snapshot 5",
				[
					"b"
				],
				null
			],
			[
				3311511.0,
				"_C_ComparisonsOf2Variables_0101: already resolved (>/< с первого прохода) -> skip, Further",
				[
					"b"
				],
				null
			],
			[
				3311514.0,
				"UniversalBypass: visiting key",
				[
					"c",
					[
						"Child",
						"c"
					]
				],
				null
			],
			[
				3313501.0,
				"Class_Help.FunctionCall: Node(Class_ArrayAndOrDictionary)::_C_ComparisonsOf2Variables_0101",
				[
					{
						"a": 1.0,
						"b": 2.0
					},
					{
						"a": 1.0,
						"c": 3.0
					},
					27.0,
					{
						"a": {
							"Values": [
								1.0,
								1.0
							],
							"result": "+KM"
						},
						"b": {
							"Values": [
								2.0
							],
							"result": ">"
						},
						"c": {
							"Values": [
								3.0
							],
							"result": "<"
						}
					},
					[],
					"c"
				],
				null
			],
			[
				3313505.0,
				"_C_ComparisonsOf2Variables_0101 (Child): InputArray snapshot 0",
				[
					{
						"a": 1.0,
						"b": 2.0
					}
				],
				null
			],
			[
				3313506.0,
				"_C_ComparisonsOf2Variables_0101 (Child): InputArray snapshot 1",
				[
					{
						"a": 1.0,
						"c": 3.0
					}
				],
				null
			],
			[
				3313508.0,
				"_C_ComparisonsOf2Variables_0101 (Child): InputArray snapshot 2",
				[
					27.0
				],
				null
			],
			[
				3313509.0,
				"_C_ComparisonsOf2Variables_0101 (Child): InputArray snapshot 3",
				[
					{
						"a": {
							"Values": [
								1.0,
								1.0
							],
							"result": "+KM"
						},
						"b": {
							"Values": [
								2.0
							],
							"result": ">"
						},
						"c": {
							"Values": [
								3.0
							],
							"result": "<"
						}
					}
				],
				null
			],
			[
				3313510.0,
				"_C_ComparisonsOf2Variables_0101 (Child): InputArray snapshot 4",
				[
					[]
				],
				null
			],
			[
				3313512.0,
				"_C_ComparisonsOf2Variables_0101 (Child): InputArray snapshot 5",
				[
					"c"
				],
				null
			],
			[
				3313515.0,
				"_C_ComparisonsOf2Variables_0101: already resolved (>/< с первого прохода) -> skip, Further",
				[
					"c"
				],
				null
			],
			[
				3313537.0,
				"_CP_CO2V: recomputing aggregated result from children",
				[
					{
						"+": 1.0,
						"-": 0.0,
						"<": 1.0,
						">": 1.0,
						"~": 0.0,
						"~-": 0.0,
						"~<": 0.0,
						"~<-": 0.0,
						"~>": 0.0,
						"~>-": 0.0
					}
				],
				null
			],
			[
				3313543.0,
				"_CP_CO2V: result recomputed",
				[],
				"~-KM"
			],
			[
				3315268.0,
				"Stream finished: Test:complex_mix",
				[],
				null
			]
		],
		"9": [
			[
				3325605.0,
				"Stream created: Test:no_common_keys",
				[],
				null
			],
			[
				3334717.0,
				"fC_ComparisonsOf2Variables_0101: types match",
				[
					{
						"y": 1.0
					},
					{
						"z": 2.0
					}
				],
				null
			],
			[
				3334724.0,
				"fC_ComparisonsOf2Variables_0101: both Dictionary, not equal -> diff by key",
				[
					[
						"y"
					],
					[
						"z"
					]
				],
				null
			],
			[
				3334751.0,
				"UniversalBypass: visiting key",
				[
					"result",
					[
						"result"
					]
				],
				null
			],
			[
				3334766.0,
				"Class_Help.FunctionCall: Node(Class_ArrayAndOrDictionary)::_C_ComparisonsOf2Variables_0101",
				[
					{
						"y": 1.0
					},
					{
						"z": 2.0
					},
					27.0,
					{
						"Child": {
							"y": {
								"Values": [
									1.0
								],
								"result": ">"
							},
							"z": {
								"Values": [
									2.0
								],
								"result": "<"
							}
						},
						"Values": [
							{
								"y": 1.0
							},
							{
								"z": 2.0
							}
						],
						"result": "-"
					},
					[],
					"result"
				],
				null
			],
			[
				3334770.0,
				"_C_ComparisonsOf2Variables_0101 (Child): InputArray snapshot 0",
				[
					{
						"y": 1.0
					}
				],
				null
			],
			[
				3334771.0,
				"_C_ComparisonsOf2Variables_0101 (Child): InputArray snapshot 1",
				[
					{
						"z": 2.0
					}
				],
				null
			],
			[
				3334772.0,
				"_C_ComparisonsOf2Variables_0101 (Child): InputArray snapshot 2",
				[
					27.0
				],
				null
			],
			[
				3334774.0,
				"_C_ComparisonsOf2Variables_0101 (Child): InputArray snapshot 3",
				[
					{
						"Child": {
							"y": {
								"Values": [
									1.0
								],
								"result": ">"
							},
							"z": {
								"Values": [
									2.0
								],
								"result": "<"
							}
						},
						"Values": [
							{
								"y": 1.0
							},
							{
								"z": 2.0
							}
						],
						"result": "-"
					}
				],
				null
			],
			[
				3334775.0,
				"_C_ComparisonsOf2Variables_0101 (Child): InputArray snapshot 4",
				[
					[]
				],
				null
			],
			[
				3334776.0,
				"_C_ComparisonsOf2Variables_0101 (Child): InputArray snapshot 5",
				[
					"result"
				],
				null
			],
			[
				3336630.0,
				"_C_ComparisonsOf2Variables_0101: key == \"result\"/\"Values\" -> skip, Further",
				[
					"result"
				],
				null
			],
			[
				3336638.0,
				"UniversalBypass: visiting key",
				[
					"Values",
					[
						"Values"
					]
				],
				null
			],
			[
				3336647.0,
				"Class_Help.FunctionCall: Node(Class_ArrayAndOrDictionary)::_C_ComparisonsOf2Variables_0101",
				[
					{
						"y": 1.0
					},
					{
						"z": 2.0
					},
					27.0,
					{
						"Child": {
							"y": {
								"Values": [
									1.0
								],
								"result": ">"
							},
							"z": {
								"Values": [
									2.0
								],
								"result": "<"
							}
						},
						"Values": [
							{
								"y": 1.0
							},
							{
								"z": 2.0
							}
						],
						"result": "-"
					},
					[],
					"Values"
				],
				null
			],
			[
				3336649.0,
				"_C_ComparisonsOf2Variables_0101 (Child): InputArray snapshot 0",
				[
					{
						"y": 1.0
					}
				],
				null
			],
			[
				3336651.0,
				"_C_ComparisonsOf2Variables_0101 (Child): InputArray snapshot 1",
				[
					{
						"z": 2.0
					}
				],
				null
			],
			[
				3336652.0,
				"_C_ComparisonsOf2Variables_0101 (Child): InputArray snapshot 2",
				[
					27.0
				],
				null
			],
			[
				3336654.0,
				"_C_ComparisonsOf2Variables_0101 (Child): InputArray snapshot 3",
				[
					{
						"Child": {
							"y": {
								"Values": [
									1.0
								],
								"result": ">"
							},
							"z": {
								"Values": [
									2.0
								],
								"result": "<"
							}
						},
						"Values": [
							{
								"y": 1.0
							},
							{
								"z": 2.0
							}
						],
						"result": "-"
					}
				],
				null
			],
			[
				3336655.0,
				"_C_ComparisonsOf2Variables_0101 (Child): InputArray snapshot 4",
				[
					[]
				],
				null
			],
			[
				3336656.0,
				"_C_ComparisonsOf2Variables_0101 (Child): InputArray snapshot 5",
				[
					"Values"
				],
				null
			],
			[
				3336658.0,
				"_C_ComparisonsOf2Variables_0101: key == \"result\"/\"Values\" -> skip, Further",
				[
					"Values"
				],
				null
			],
			[
				3338452.0,
				"UniversalBypass: visiting key",
				[
					"Child",
					[
						"Child"
					]
				],
				null
			],
			[
				3338460.0,
				"Class_Help.FunctionCall: Node(Class_ArrayAndOrDictionary)::_C_ComparisonsOf2Variables_0101",
				[
					{
						"y": 1.0
					},
					{
						"z": 2.0
					},
					27.0,
					{
						"Child": {
							"y": {
								"Values": [
									1.0
								],
								"result": ">"
							},
							"z": {
								"Values": [
									2.0
								],
								"result": "<"
							}
						},
						"Values": [
							{
								"y": 1.0
							},
							{
								"z": 2.0
							}
						],
						"result": "-"
					},
					[],
					"Child"
				],
				null
			],
			[
				3338462.0,
				"_C_ComparisonsOf2Variables_0101 (Child): InputArray snapshot 0",
				[
					{
						"y": 1.0
					}
				],
				null
			],
			[
				3338463.0,
				"_C_ComparisonsOf2Variables_0101 (Child): InputArray snapshot 1",
				[
					{
						"z": 2.0
					}
				],
				null
			],
			[
				3338465.0,
				"_C_ComparisonsOf2Variables_0101 (Child): InputArray snapshot 2",
				[
					27.0
				],
				null
			],
			[
				3338466.0,
				"_C_ComparisonsOf2Variables_0101 (Child): InputArray snapshot 3",
				[
					{
						"Child": {
							"y": {
								"Values": [
									1.0
								],
								"result": ">"
							},
							"z": {
								"Values": [
									2.0
								],
								"result": "<"
							}
						},
						"Values": [
							{
								"y": 1.0
							},
							{
								"z": 2.0
							}
						],
						"result": "-"
					}
				],
				null
			],
			[
				3338468.0,
				"_C_ComparisonsOf2Variables_0101 (Child): InputArray snapshot 4",
				[
					[]
				],
				null
			],
			[
				3338469.0,
				"_C_ComparisonsOf2Variables_0101 (Child): InputArray snapshot 5",
				[
					"Child"
				],
				null
			],
			[
				3338470.0,
				"_C_ComparisonsOf2Variables_0101: key == \"Child\" -> just Deeper, no recompute",
				[],
				null
			],
			[
				3338474.0,
				"UniversalBypass: Deeper, recursing",
				[
					"Child",
					1.0
				],
				null
			],
			[
				3340411.0,
				"UniversalBypass: visiting key",
				[
					"y",
					[
						"Child",
						"y"
					]
				],
				null
			],
			[
				3340421.0,
				"Class_Help.FunctionCall: Node(Class_ArrayAndOrDictionary)::_C_ComparisonsOf2Variables_0101",
				[
					{
						"y": 1.0
					},
					{
						"z": 2.0
					},
					27.0,
					{
						"y": {
							"Values": [
								1.0
							],
							"result": ">"
						},
						"z": {
							"Values": [
								2.0
							],
							"result": "<"
						}
					},
					[],
					"y"
				],
				null
			],
			[
				3340423.0,
				"_C_ComparisonsOf2Variables_0101 (Child): InputArray snapshot 0",
				[
					{
						"y": 1.0
					}
				],
				null
			],
			[
				3340425.0,
				"_C_ComparisonsOf2Variables_0101 (Child): InputArray snapshot 1",
				[
					{
						"z": 2.0
					}
				],
				null
			],
			[
				3340426.0,
				"_C_ComparisonsOf2Variables_0101 (Child): InputArray snapshot 2",
				[
					27.0
				],
				null
			],
			[
				3340427.0,
				"_C_ComparisonsOf2Variables_0101 (Child): InputArray snapshot 3",
				[
					{
						"y": {
							"Values": [
								1.0
							],
							"result": ">"
						},
						"z": {
							"Values": [
								2.0
							],
							"result": "<"
						}
					}
				],
				null
			],
			[
				3340429.0,
				"_C_ComparisonsOf2Variables_0101 (Child): InputArray snapshot 4",
				[
					[]
				],
				null
			],
			[
				3340430.0,
				"_C_ComparisonsOf2Variables_0101 (Child): InputArray snapshot 5",
				[
					"y"
				],
				null
			],
			[
				3340432.0,
				"_C_ComparisonsOf2Variables_0101: already resolved (>/< с первого прохода) -> skip, Further",
				[
					"y"
				],
				null
			],
			[
				3340436.0,
				"UniversalBypass: visiting key",
				[
					"z",
					[
						"Child",
						"z"
					]
				],
				null
			],
			[
				3342354.0,
				"Class_Help.FunctionCall: Node(Class_ArrayAndOrDictionary)::_C_ComparisonsOf2Variables_0101",
				[
					{
						"y": 1.0
					},
					{
						"z": 2.0
					},
					27.0,
					{
						"y": {
							"Values": [
								1.0
							],
							"result": ">"
						},
						"z": {
							"Values": [
								2.0
							],
							"result": "<"
						}
					},
					[],
					"z"
				],
				null
			],
			[
				3342357.0,
				"_C_ComparisonsOf2Variables_0101 (Child): InputArray snapshot 0",
				[
					{
						"y": 1.0
					}
				],
				null
			],
			[
				3342358.0,
				"_C_ComparisonsOf2Variables_0101 (Child): InputArray snapshot 1",
				[
					{
						"z": 2.0
					}
				],
				null
			],
			[
				3342360.0,
				"_C_ComparisonsOf2Variables_0101 (Child): InputArray snapshot 2",
				[
					27.0
				],
				null
			],
			[
				3342361.0,
				"_C_ComparisonsOf2Variables_0101 (Child): InputArray snapshot 3",
				[
					{
						"y": {
							"Values": [
								1.0
							],
							"result": ">"
						},
						"z": {
							"Values": [
								2.0
							],
							"result": "<"
						}
					}
				],
				null
			],
			[
				3342362.0,
				"_C_ComparisonsOf2Variables_0101 (Child): InputArray snapshot 4",
				[
					[]
				],
				null
			],
			[
				3342364.0,
				"_C_ComparisonsOf2Variables_0101 (Child): InputArray snapshot 5",
				[
					"z"
				],
				null
			],
			[
				3342366.0,
				"_C_ComparisonsOf2Variables_0101: already resolved (>/< с первого прохода) -> skip, Further",
				[
					"z"
				],
				null
			],
			[
				3342382.0,
				"_CP_CO2V: recomputing aggregated result from children",
				[
					{
						"+": 0.0,
						"-": 0.0,
						"<": 1.0,
						">": 1.0,
						"~": 0.0,
						"~-": 0.0,
						"~<": 0.0,
						"~<-": 0.0,
						"~>": 0.0,
						"~>-": 0.0
					}
				],
				null
			],
			[
				3342386.0,
				"_CP_CO2V: result recomputed",
				[],
				"-"
			],
			[
				3344292.0,
				"Stream finished: Test:no_common_keys",
				[],
				null
			]
		]
	}
}